ze|version|type|code|dosage|excluded_drgs|constraint_icds|constraint_chops|dose_min|dose_max|dose_unit|va|za|age_higher_than|age_lower_than|amount
ZE-2026-01.01|V15.3|C|39.95.21|0|L60,L71||||||||11||454.88
ZE-2026-01.01|V15.3|C|39.95.22|0|L60,L71||||||||11||454.88
ZE-2026-01.01|V15.3|C|39.95.23|0|L60,L71||||||||11||454.88
ZE-2026-01.01|V15.3|C|39.95.24|0|L60,L71||||||||11||454.88
ZE-2026-01.01|V15.3|C|39.95.61|0|L60,L71||||||||11||454.88
ZE-2026-01.01|V15.3|C|39.95.62|0|L60,L71||||||||11||454.88
ZE-2026-01.01|V15.3|C|39.95.63|0|L60,L71||||||||11||454.88
ZE-2026-01.01|V15.3|C|39.95.64|0|L60,L71||||||||11||454.88
ZE-2026-01.01|V15.3|C|39.95.B1|0|L60,L71||||||||11||454.88
ZE-2026-01.01|V15.3|C|39.95.B2|0|L60,L71||||||||11||454.88
ZE-2026-01.01|V15.3|C|39.95.B3|0|L60,L71||||||||11||454.88
ZE-2026-01.01|V15.3|C|39.95.B9|0|L60,L71||||||||11||454.88
ZE-2026-01.02|V15.3|C|39.95.21|0|L60,L71|||||||||12|903.35
ZE-2026-01.02|V15.3|C|39.95.22|0|L60,L71|||||||||12|903.35
ZE-2026-01.02|V15.3|C|39.95.23|0|L60,L71|||||||||12|903.35
ZE-2026-01.02|V15.3|C|39.95.24|0|L60,L71|||||||||12|903.35
ZE-2026-01.02|V15.3|C|39.95.61|0|L60,L71|||||||||12|903.35
ZE-2026-01.02|V15.3|C|39.95.62|0|L60,L71|||||||||12|903.35
ZE-2026-01.02|V15.3|C|39.95.63|0|L60,L71|||||||||12|903.35
ZE-2026-01.02|V15.3|C|39.95.64|0|L60,L71|||||||||12|903.35
ZE-2026-01.02|V15.3|C|39.95.B1|0|L60,L71|||||||||12|903.35
ZE-2026-01.02|V15.3|C|39.95.B2|0|L60,L71|||||||||12|903.35
ZE-2026-01.02|V15.3|C|39.95.B3|0|L60,L71|||||||||12|903.35
ZE-2026-01.02|V15.3|C|39.95.B9|0|L60,L71|||||||||12|903.35
ZE-2026-02.10|V15.3|C|39.95.31|0|L60,L71||||||||||857.25
ZE-2026-02.10|V15.3|C|39.95.41|0|L60,L71||||||||||857.25
ZE-2026-02.11|V15.3|C|39.95.32|0|L60,L71||||||||||2009.96
ZE-2026-02.11|V15.3|C|39.95.42|0|L60,L71||||||||||2009.96
ZE-2026-02.12|V15.3|C|39.95.33|0|L60,L71||||||||||3931.15
ZE-2026-02.12|V15.3|C|39.95.43|0|L60,L71||||||||||3931.15
ZE-2026-02.13|V15.3|C|39.95.34|0|L60,L71||||||||||7005.06
ZE-2026-02.13|V15.3|C|39.95.44|0|L60,L71||||||||||7005.06
ZE-2026-02.14|V15.3|C|39.95.35|0|L60,L71||||||||||11615.92
ZE-2026-02.14|V15.3|C|39.95.45|0|L60,L71||||||||||11615.92
ZE-2026-02.15|V15.3|C|39.95.36|0|L60,L71||||||||||18147.97
ZE-2026-02.15|V15.3|C|39.95.46|0|L60,L71||||||||||18147.97
ZE-2026-02.50|V15.3|C|39.95.71|0|L60,L71||||||||||960.94
ZE-2026-02.50|V15.3|C|39.95.81|0|L60,L71||||||||||960.94
ZE-2026-02.50|V15.3|C|39.95.A1|0|L60,L71||||||||||960.94
ZE-2026-02.50|V15.3|C|39.95.C1|0|L60,L71||||||||||960.94
ZE-2026-02.50|V15.3|C|39.95.D1|0|L60,L71||||||||||960.94
ZE-2026-02.50|V15.3|C|39.95.E1|0|L60,L71||||||||||960.94
ZE-2026-02.51|V15.3|C|39.95.72|0|L60,L71||||||||||2201.64
ZE-2026-02.51|V15.3|C|39.95.82|0|L60,L71||||||||||2201.64
ZE-2026-02.51|V15.3|C|39.95.A2|0|L60,L71||||||||||2201.64
ZE-2026-02.51|V15.3|C|39.95.C2|0|L60,L71||||||||||2201.64
ZE-2026-02.51|V15.3|C|39.95.D2|0|L60,L71||||||||||2201.64
ZE-2026-02.51|V15.3|C|39.95.E2|0|L60,L71||||||||||2201.64
ZE-2026-02.52|V15.3|C|39.95.73|0|L60,L71||||||||||4269.46
ZE-2026-02.52|V15.3|C|39.95.83|0|L60,L71||||||||||4269.46
ZE-2026-02.52|V15.3|C|39.95.A3|0|L60,L71||||||||||4269.46
ZE-2026-02.52|V15.3|C|39.95.C3|0|L60,L71||||||||||4269.46
ZE-2026-02.52|V15.3|C|39.95.D3|0|L60,L71||||||||||4269.46
ZE-2026-02.52|V15.3|C|39.95.E3|0|L60,L71||||||||||4269.46
ZE-2026-02.53|V15.3|C|39.95.74|0|L60,L71||||||||||7577.97
ZE-2026-02.53|V15.3|C|39.95.84|0|L60,L71||||||||||7577.97
ZE-2026-02.53|V15.3|C|39.95.A4|0|L60,L71||||||||||7577.97
ZE-2026-02.53|V15.3|C|39.95.C4|0|L60,L71||||||||||7577.97
ZE-2026-02.53|V15.3|C|39.95.D4|0|L60,L71||||||||||7577.97
ZE-2026-02.53|V15.3|C|39.95.E4|0|L60,L71||||||||||7577.97
ZE-2026-02.54|V15.3|C|39.95.75|0|L60,L71||||||||||12540.74
ZE-2026-02.54|V15.3|C|39.95.85|0|L60,L71||||||||||12540.74
ZE-2026-02.54|V15.3|C|39.95.A5|0|L60,L71||||||||||12540.74
ZE-2026-02.54|V15.3|C|39.95.C5|0|L60,L71||||||||||12540.74
ZE-2026-02.54|V15.3|C|39.95.D5|0|L60,L71||||||||||12540.74
ZE-2026-02.54|V15.3|C|39.95.E5|0|L60,L71||||||||||12540.74
ZE-2026-02.55|V15.3|C|39.95.76|0|L60,L71||||||||||19571.34
ZE-2026-02.55|V15.3|C|39.95.86|0|L60,L71||||||||||19571.34
ZE-2026-02.55|V15.3|C|39.95.A6|0|L60,L71||||||||||19571.34
ZE-2026-02.55|V15.3|C|39.95.C6|0|L60,L71||||||||||19571.34
ZE-2026-02.55|V15.3|C|39.95.D9|0|L60,L71||||||||||19571.34
ZE-2026-02.55|V15.3|C|39.95.E6|0|L60,L71||||||||||19571.34
ZE-2026-03.19|V15.3|C|54.98.21|0|L60,L71||||||||||451.4
ZE-2026-03.19|V15.3|C|54.98.31|0|L60,L71||||||||||451.4
ZE-2026-03.20|V15.3|C|54.98.22|0|L60,L71||||||||||1218.04
ZE-2026-03.20|V15.3|C|54.98.32|0|L60,L71||||||||||1218.04
ZE-2026-03.21|V15.3|C|54.98.23|0|L60,L71||||||||||2495.79
ZE-2026-03.21|V15.3|C|54.98.33|0|L60,L71||||||||||2495.79
ZE-2026-03.22|V15.3|C|54.98.24|0|L60,L71||||||||||4540.17
ZE-2026-03.22|V15.3|C|54.98.34|0|L60,L71||||||||||4540.17
ZE-2026-03.23|V15.3|C|54.98.25|0|L60,L71||||||||||7606.76
ZE-2026-03.23|V15.3|C|54.98.35|0|L60,L71||||||||||7606.76
ZE-2026-03.24|V15.3|C|54.98.26|0|L60,L71||||||||||11951.09
ZE-2026-03.24|V15.3|C|54.98.36|0|L60,L71||||||||||11951.09
ZE-2026-04.01|V15.3|C|37.57|0|||||||||||0.0
ZE-2026-04.01|V15.3|C|37.6A.B1|0|||||||||||0.0
ZE-2026-04.04|V15.3|C|37.6D.11|0|||||||||||27251.49
ZE-2026-04.08|V15.3|C|37.6A.11|0|||||||||||30279.43
ZE-2026-04.08|V15.3|C|37.6A.12|0|||||||||||30279.43
ZE-2026-04.09|V15.3|C|37.6A.21|0|||||||||15||69063.45
ZE-2026-04.10|V15.3|C|37.6A.21|0||||||||||16|91293.84
ZE-2026-04.15|V15.3|C|37.6A.3D|0|||||||||||202231.35
ZE-2026-04.17|V15.3|C|37.6D.22|0|||||||||||27251.49
ZE-2026-04.17|V15.3|C|37.6D.23|0|||||||||||27251.49
ZE-2026-04.18|V15.3|C|37.6D.24|0|||||||||||54502.97
ZE-2026-04.19|V15.3|C|37.6A.3B|0|||||||||||117422.63
ZE-2026-04.19|V15.3|C|37.6A.3C|0|||||||||||117422.63
ZE-2026-06.01|V15.3|A|J06BB09|1||||2000.0|4000.0|U|IV||||930.9
ZE-2026-06.02|V15.3|A|J06BB09|1||||4000.0|6000.0|U|IV||||1551.5
ZE-2026-06.03|V15.3|A|J06BB09|1||||6000.0|10000.0|U|IV||||2482.4
ZE-2026-06.04|V15.3|A|J06BB09|1||||10000.0|15000.0|U|IV||||3878.75
ZE-2026-06.05|V15.3|A|J06BB09|1||||15000.0|20000.0|U|IV||||5430.25
ZE-2026-06.06|V15.3|A|J06BB09|1||||20000.0|25000.0|U|IV||||6981.75
ZE-2026-06.16|V15.3|A|J06BB09|1||||25000.0|35000.0|U|IV||||9309.0
ZE-2026-06.17|V15.3|A|J06BB09|1||||35000.0|45000.0|U|IV||||12412.0
ZE-2026-06.18|V15.3|A|J06BB09|1||||45000.0|55000.0|U|IV||||15515.0
ZE-2026-06.19|V15.3|A|J06BB09|1||||55000.0|65000.0|U|IV||||18618.0
ZE-2026-06.20|V15.3|A|J06BB09|1||||65000.0|75000.0|U|IV||||21721.0
ZE-2026-06.21|V15.3|A|J06BB09|1||||75000.0|85000.0|U|IV||||24824.0
ZE-2026-06.22|V15.3|A|J06BB09|1||||85000.0|95000.0|U|IV||||27927.0
ZE-2026-06.23|V15.3|A|J06BB09|1||||95000.0|105000.0|U|IV||||31030.0
ZE-2026-06.24|V15.3|A|J06BB09|1||||105000.0||U|IV||||34133.0
ZE-2026-07.25|V15.3|A|L01BA04|1||||1050.0|1150.0|mg|IV||||207.54
ZE-2026-07.26|V15.3|A|L01BA04|1||||1150.0|1350.0|mg|IV||||235.84
ZE-2026-07.27|V15.3|A|L01BA04|1||||1350.0|1550.0|mg|IV||||273.57
ZE-2026-07.28|V15.3|A|L01BA04|1||||1550.0|1750.0|mg|IV||||311.31
ZE-2026-07.29|V15.3|A|L01BA04|1||||1750.0|1950.0|mg|IV||||349.04
ZE-2026-07.30|V15.3|A|L01BA04|1||||1950.0|2150.0|mg|IV||||386.77
ZE-2026-07.31|V15.3|A|L01BA04|1||||2150.0|2350.0|mg|IV||||424.51
ZE-2026-07.32|V15.3|A|L01BA04|1||||2350.0|2550.0|mg|IV||||462.24
ZE-2026-07.33|V15.3|A|L01BA04|1||||2550.0|2750.0|mg|IV||||499.98
ZE-2026-07.34|V15.3|A|L01BA04|1||||2750.0|2950.0|mg|IV||||537.71
ZE-2026-07.35|V15.3|A|L01BA04|1||||2950.0|3250.0|mg|IV||||584.88
ZE-2026-07.36|V15.3|A|L01BA04|1||||3250.0|3550.0|mg|IV||||641.48
ZE-2026-07.37|V15.3|A|L01BA04|1||||3550.0|3850.0|mg|IV||||698.08
ZE-2026-07.38|V15.3|A|L01BA04|1||||3850.0||mg|IV||||754.68
ZE-2026-10.00|V15.3|A|L01FE01|1||||250.0|350.0|mg|IV||||575.46
ZE-2026-10.02|V15.3|A|L01FE01|1||||350.0|450.0|mg|IV||||767.28
ZE-2026-10.03|V15.3|A|L01FE01|1||||450.0|550.0|mg|IV||||959.1
ZE-2026-10.04|V15.3|A|L01FE01|1||||550.0|650.0|mg|IV||||1150.92
ZE-2026-10.05|V15.3|A|L01FE01|1||||650.0|750.0|mg|IV||||1342.74
ZE-2026-10.06|V15.3|A|L01FE01|1||||750.0|850.0|mg|IV||||1534.56
ZE-2026-10.07|V15.3|A|L01FE01|1||||850.0|1050.0|mg|IV||||1822.29
ZE-2026-10.08|V15.3|A|L01FE01|1||||1050.0|1250.0|mg|IV||||2205.93
ZE-2026-10.09|V15.3|A|L01FE01|1||||1250.0|1450.0|mg|IV||||2589.57
ZE-2026-10.10|V15.3|A|L01FE01|1||||1450.0|1650.0|mg|IV||||2973.21
ZE-2026-10.11|V15.3|A|L01FE01|1||||1650.0|1850.0|mg|IV||||3356.85
ZE-2026-10.12|V15.3|A|L01FE01|1||||1850.0|2150.0|mg|IV||||3836.4
ZE-2026-10.13|V15.3|A|L01FE01|1||||2150.0|2450.0|mg|IV||||4411.86
ZE-2026-10.14|V15.3|A|L01FE01|1||||2450.0|2750.0|mg|IV||||4987.32
ZE-2026-10.15|V15.3|A|L01FE01|1||||2750.0|3050.0|mg|IV||||5562.78
ZE-2026-10.16|V15.3|A|L01FE01|1||||3050.0|3350.0|mg|IV||||6138.24
ZE-2026-10.18|V15.3|A|L01FE01|1||||3350.0|3950.0|mg|IV||||7001.43
ZE-2026-10.19|V15.3|A|L01FE01|1||||3950.0|4550.0|mg|IV||||8152.35
ZE-2026-10.21|V15.3|A|L01FE01|1||||4550.0|5150.0|mg|IV||||9303.27
ZE-2026-10.22|V15.3|A|L01FE01|1||||5150.0|5750.0|mg|IV||||10454.19
ZE-2026-10.23|V15.3|A|L01FE01|1||||5750.0||mg|IV||||11605.11
ZE-2026-11.22|V15.3|A|L01FG01|1||||150.0|250.0|mg|IV|||6|265.79
ZE-2026-11.23|V15.3|A|L01FG01|1||||250.0|350.0|mg|IV||||398.69
ZE-2026-11.24|V15.3|A|L01FG01|1||||350.0|450.0|mg|IV||||531.59
ZE-2026-11.25|V15.3|A|L01FG01|1||||450.0|550.0|mg|IV||||664.49
ZE-2026-11.26|V15.3|A|L01FG01|1||||550.0|650.0|mg|IV||||797.38
ZE-2026-11.27|V15.3|A|L01FG01|1||||650.0|750.0|mg|IV||||930.28
ZE-2026-11.28|V15.3|A|L01FG01|1||||750.0|850.0|mg|IV||||1063.18
ZE-2026-11.29|V15.3|A|L01FG01|1||||850.0|950.0|mg|IV||||1196.07
ZE-2026-11.30|V15.3|A|L01FG01|1||||950.0|1150.0|mg|IV||||1395.42
ZE-2026-11.31|V15.3|A|L01FG01|1||||1150.0|1350.0|mg|IV||||1661.21
ZE-2026-11.32|V15.3|A|L01FG01|1||||1350.0|1550.0|mg|IV||||1927.01
ZE-2026-11.33|V15.3|A|L01FG01|1||||1550.0|1750.0|mg|IV||||2192.8
ZE-2026-11.34|V15.3|A|L01FG01|1||||1750.0|1950.0|mg|IV||||2458.59
ZE-2026-11.35|V15.3|A|L01FG01|1||||1950.0|2350.0|mg|IV||||2857.29
ZE-2026-11.36|V15.3|A|L01FG01|1||||2350.0|2750.0|mg|IV||||3388.87
ZE-2026-11.37|V15.3|A|L01FG01|1||||2750.0|3350.0|mg|IV||||4053.36
ZE-2026-11.38|V15.3|A|L01FG01|1||||3350.0|3950.0|mg|IV||||4850.74
ZE-2026-11.39|V15.3|A|L01FG01|1||||3950.0|4550.0|mg|IV||||5648.12
ZE-2026-11.41|V15.3|A|L01FG01|1||||4550.0|5150.0|mg|IV||||6445.5
ZE-2026-11.42|V15.3|A|L01FG01|1||||5150.0|5750.0|mg|IV||||7242.89
ZE-2026-11.43|V15.3|A|L01FG01|1||||5750.0||mg|IV||||8040.27
ZE-2026-14.00|V15.3|A|J02AA01|1||||50.0|100.0|mg|IV|||10|209.67
ZE-2026-14.01|V15.3|A|J02AA01|1||||100.0|175.0|mg|IV|||10|384.4
ZE-2026-14.02|V15.3|A|J02AA01|1||||175.0|250.0|mg|IV|||16|594.07
ZE-2026-14.03|V15.3|A|J02AA01|1||||250.0|350.0|mg|IV||||838.69
ZE-2026-14.04|V15.3|A|J02AA01|1||||350.0|450.0|mg|IV||||1118.26
ZE-2026-14.05|V15.3|A|J02AA01|1||||450.0|550.0|mg|IV||||1397.82
ZE-2026-14.06|V15.3|A|J02AA01|1||||550.0|650.0|mg|IV||||1677.38
ZE-2026-14.07|V15.3|A|J02AA01|1||||650.0|750.0|mg|IV||||1956.95
ZE-2026-14.08|V15.3|A|J02AA01|1||||750.0|850.0|mg|IV||||2236.51
ZE-2026-14.09|V15.3|A|J02AA01|1||||850.0|950.0|mg|IV||||2516.08
ZE-2026-14.10|V15.3|A|J02AA01|1||||950.0|1150.0|mg|IV||||2935.42
ZE-2026-14.11|V15.3|A|J02AA01|1||||1150.0|1350.0|mg|IV||||3494.55
ZE-2026-14.12|V15.3|A|J02AA01|1||||1350.0|1550.0|mg|IV||||4053.68
ZE-2026-14.13|V15.3|A|J02AA01|1||||1550.0|1750.0|mg|IV||||4612.81
ZE-2026-14.14|V15.3|A|J02AA01|1||||1750.0|1950.0|mg|IV||||5171.93
ZE-2026-14.15|V15.3|A|J02AA01|1||||1950.0|2150.0|mg|IV||||5731.06
ZE-2026-14.16|V15.3|A|J02AA01|1||||2150.0|3150.0|mg|IV||||7408.45
ZE-2026-14.17|V15.3|A|J02AA01|1||||3150.0|4150.0|mg|IV||||10204.09
ZE-2026-14.18|V15.3|A|J02AA01|1||||4150.0|5150.0|mg|IV||||12999.73
ZE-2026-14.19|V15.3|A|J02AA01|1||||5150.0|6150.0|mg|IV||||15795.37
ZE-2026-14.20|V15.3|A|J02AA01|1||||6150.0|8650.0|mg|IV||||20687.74
ZE-2026-14.21|V15.3|A|J02AA01|1||||8650.0|11150.0|mg|IV||||27676.84
ZE-2026-14.22|V15.3|A|J02AA01|1||||11150.0|13650.0|mg|IV||||34665.94
ZE-2026-14.23|V15.3|A|J02AA01|1||||13650.0|18650.0|mg|IV||||45149.59
ZE-2026-14.24|V15.3|A|J02AA01|1||||18650.0|23650.0|mg|IV||||59127.79
ZE-2026-14.25|V15.3|A|J02AA01|1||||23650.0|28650.0|mg|IV||||73105.99
ZE-2026-14.26|V15.3|A|J02AA01|1||||28650.0|33650.0|mg|IV||||87084.19
ZE-2026-14.27|V15.3|A|J02AA01|1||||33650.0|38650.0|mg|IV||||101062.39
ZE-2026-14.28|V15.3|A|J02AA01|1||||38650.0|43650.0|mg|IV||||115040.59
ZE-2026-14.30|V15.3|A|J02AA01|1||||43650.0|48650.0|mg|IV||||129018.79
ZE-2026-14.32|V15.3|A|J02AA01|1||||48650.0|53650.0|mg|IV||||142996.99
ZE-2026-14.33|V15.3|A|J02AA01|1||||53650.0|58650.0|mg|IV||||156975.19
ZE-2026-14.34|V15.3|A|J02AA01|1||||58650.0|63650.0|mg|IV||||170953.39
ZE-2026-14.35|V15.3|A|J02AA01|1||||63650.0||mg|IV||||184931.59
ZE-2026-15.66|V15.3|A|J02AC03|1||||6500.0|8500.0|mg|O||||290.18
ZE-2026-15.67|V15.3|A|J02AC03|1||||8500.0|10500.0|mg|O||||367.56
ZE-2026-15.68|V15.3|A|J02AC03|1||||10500.0|15500.0|mg|O||||502.97
ZE-2026-15.69|V15.3|A|J02AC03|1||||15500.0|20500.0|mg|O||||696.42
ZE-2026-15.70|V15.3|A|J02AC03|1||||20500.0|25500.0|mg|O||||889.87
ZE-2026-15.71|V15.3|A|J02AC03|1||||25500.0|30500.0|mg|O||||1083.32
ZE-2026-15.72|V15.3|A|J02AC03|1||||30500.0|35500.0|mg|O||||1276.77
ZE-2026-15.73|V15.3|A|J02AC03|1||||35500.0|40500.0|mg|O||||1470.22
ZE-2026-15.74|V15.3|A|J02AC03|1||||40500.0|45500.0|mg|O||||1663.67
ZE-2026-15.75|V15.3|A|J02AC03|1||||45500.0|55500.0|mg|O||||1953.85
ZE-2026-15.76|V15.3|A|J02AC03|1||||55500.0|65500.0|mg|O||||2340.75
ZE-2026-15.77|V15.3|A|J02AC03|1||||65500.0|75500.0|mg|O||||2727.65
ZE-2026-15.78|V15.3|A|J02AC03|1||||75500.0|85500.0|mg|O||||3114.55
ZE-2026-15.79|V15.3|A|J02AC03|1||||85500.0|105500.0|mg|O||||3694.9
ZE-2026-15.80|V15.3|A|J02AC03|1||||105500.0|125500.0|mg|O||||4468.7
ZE-2026-15.81|V15.3|A|J02AC03|1||||125500.0|145500.0|mg|O||||5242.5
ZE-2026-15.82|V15.3|A|J02AC03|1||||145500.0|165500.0|mg|O||||6016.3
ZE-2026-15.83|V15.3|A|J02AC03|1||||165500.0|185500.0|mg|O||||6790.1
ZE-2026-15.84|V15.3|A|J02AC03|1||||185500.0|205500.0|mg|O||||7563.9
ZE-2026-15.85|V15.3|A|J02AC03|1||||205500.0|225500.0|mg|O||||8337.7
ZE-2026-15.86|V15.3|A|J02AC03|1||||225500.0||mg|O||||9111.5
ZE-2026-16.58|V15.3|A|J02AC03|1||||3200.0|4000.0|mg|IV||||297.94
ZE-2026-16.59|V15.3|A|J02AC03|1||||4000.0|4800.0|mg|IV||||364.14
ZE-2026-16.60|V15.3|A|J02AC03|1||||4800.0|5600.0|mg|IV||||430.35
ZE-2026-16.61|V15.3|A|J02AC03|1||||5600.0|6400.0|mg|IV||||496.56
ZE-2026-16.62|V15.3|A|J02AC03|1||||6400.0|7200.0|mg|IV||||562.77
ZE-2026-16.63|V15.3|A|J02AC03|1||||7200.0|8800.0|mg|IV||||662.08
ZE-2026-16.64|V15.3|A|J02AC03|1||||8800.0|10400.0|mg|IV||||794.5
ZE-2026-16.65|V15.3|A|J02AC03|1||||10400.0|12000.0|mg|IV||||926.91
ZE-2026-16.66|V15.3|A|J02AC03|1||||12000.0|13600.0|mg|IV||||1059.33
ZE-2026-16.67|V15.3|A|J02AC03|1||||13600.0|16800.0|mg|IV||||1257.95
ZE-2026-16.68|V15.3|A|J02AC03|1||||16800.0|20000.0|mg|IV||||1522.78
ZE-2026-16.69|V15.3|A|J02AC03|1||||20000.0|23200.0|mg|IV||||1787.62
ZE-2026-16.70|V15.3|A|J02AC03|1||||23200.0|26400.0|mg|IV||||2052.45
ZE-2026-16.71|V15.3|A|J02AC03|1||||26400.0|32800.0|mg|IV||||2449.7
ZE-2026-16.72|V15.3|A|J02AC03|1||||32800.0|39200.0|mg|IV||||2979.36
ZE-2026-16.73|V15.3|A|J02AC03|1||||39200.0|45600.0|mg|IV||||3509.02
ZE-2026-16.74|V15.3|A|J02AC03|1||||45600.0|52000.0|mg|IV||||4038.69
ZE-2026-16.75|V15.3|A|J02AC03|1||||52000.0|64800.0|mg|IV||||4833.18
ZE-2026-16.76|V15.3|A|J02AC03|1||||64800.0|77600.0|mg|IV||||5892.51
ZE-2026-16.77|V15.3|A|J02AC03|1||||77600.0|90400.0|mg|IV||||6951.84
ZE-2026-16.78|V15.3|A|J02AC03|1||||90400.0||mg|IV||||8011.17
ZE-2026-18.29|V15.3|A|J02AX06|1||||250.0|350.0|mg|IV||||455.95
ZE-2026-18.30|V15.3|A|J02AX06|1||||350.0|450.0|mg|IV||||607.93
ZE-2026-18.31|V15.3|A|J02AX06|1||||450.0|550.0|mg|IV||||759.91
ZE-2026-18.32|V15.3|A|J02AX06|1||||550.0|750.0|mg|IV||||987.88
ZE-2026-18.33|V15.3|A|J02AX06|1||||750.0|950.0|mg|IV||||1291.85
ZE-2026-18.34|V15.3|A|J02AX06|1||||950.0|1150.0|mg|IV||||1595.81
ZE-2026-18.35|V15.3|A|J02AX06|1||||1150.0|1350.0|mg|IV||||1899.78
ZE-2026-18.36|V15.3|A|J02AX06|1||||1350.0|1650.0|mg|IV||||2279.73
ZE-2026-18.37|V15.3|A|J02AX06|1||||1650.0|1950.0|mg|IV||||2735.68
ZE-2026-18.38|V15.3|A|J02AX06|1||||1950.0|2250.0|mg|IV||||3191.62
ZE-2026-18.39|V15.3|A|J02AX06|1||||2250.0|2550.0|mg|IV||||3647.57
ZE-2026-18.40|V15.3|A|J02AX06|1||||2550.0|2950.0|mg|IV||||4179.51
ZE-2026-18.41|V15.3|A|J02AX06|1||||2950.0|3350.0|mg|IV||||4787.43
ZE-2026-18.42|V15.3|A|J02AX06|1||||3350.0|3750.0|mg|IV||||5395.36
ZE-2026-18.43|V15.3|A|J02AX06|1||||3750.0|4150.0|mg|IV||||6003.29
ZE-2026-18.44|V15.3|A|J02AX06|1||||4150.0|4950.0|mg|IV||||6915.18
ZE-2026-18.45|V15.3|A|J02AX06|1||||4950.0|5750.0|mg|IV||||8131.04
ZE-2026-18.46|V15.3|A|J02AX06|1||||5750.0|6550.0|mg|IV||||9346.89
ZE-2026-18.47|V15.3|A|J02AX06|1||||6550.0|7350.0|mg|IV||||10562.75
ZE-2026-18.48|V15.3|A|J02AX06|1||||7350.0|8950.0|mg|IV||||12386.53
ZE-2026-18.49|V15.3|A|J02AX06|1||||8950.0|10550.0|mg|IV||||14818.25
ZE-2026-18.50|V15.3|A|J02AX06|1||||10550.0|12150.0|mg|IV||||17249.96
ZE-2026-18.51|V15.3|A|J02AX06|1||||12150.0|13750.0|mg|IV||||19681.67
ZE-2026-18.53|V15.3|A|J02AX06|1||||13750.0|15350.0|mg|IV||||22113.38
ZE-2026-18.54|V15.3|A|J02AX06|1||||15350.0||mg|IV||||24545.09
ZE-2026-19.19|V15.3|A|L04AB02|1||||125.0|175.0|mg|IV,SC|||16|313.67
ZE-2026-19.20|V15.3|A|L04AB02|1||||175.0|225.0|mg|IV,SC||||418.23
ZE-2026-19.21|V15.3|A|L04AB02|1||||225.0|275.0|mg|IV,SC||||522.79
ZE-2026-19.39|V15.3|A|L04AB02|1||||275.0|350.0|mg|IV,SC||||653.49
ZE-2026-19.40|V15.3|A|L04AB02|1||||350.0|450.0|mg|IV,SC||||836.46
ZE-2026-19.41|V15.3|A|L04AB02|1||||450.0|550.0|mg|IV,SC||||1045.58
ZE-2026-19.42|V15.3|A|L04AB02|1||||550.0|650.0|mg|IV,SC||||1254.7
ZE-2026-19.43|V15.3|A|L04AB02|1||||650.0|750.0|mg|IV,SC||||1463.81
ZE-2026-19.44|V15.3|A|L04AB02|1||||750.0|850.0|mg|IV,SC||||1672.93
ZE-2026-19.45|V15.3|A|L04AB02|1||||850.0|950.0|mg|IV,SC||||1882.04
ZE-2026-19.46|V15.3|A|L04AB02|1||||950.0|1050.0|mg|IV,SC||||2091.16
ZE-2026-19.47|V15.3|A|L04AB02|1||||1050.0|1250.0|mg|IV,SC||||2404.83
ZE-2026-19.48|V15.3|A|L04AB02|1||||1250.0|1450.0|mg|IV,SC||||2823.07
ZE-2026-19.49|V15.3|A|L04AB02|1||||1450.0|1650.0|mg|IV,SC||||3241.3
ZE-2026-19.50|V15.3|A|L04AB02|1||||1650.0|1850.0|mg|IV,SC||||3659.53
ZE-2026-19.51|V15.3|A|L04AB02|1||||1850.0|2050.0|mg|IV,SC||||4077.76
ZE-2026-19.52|V15.3|A|L04AB02|1||||2050.0|2250.0|mg|IV,SC||||4495.99
ZE-2026-19.53|V15.3|A|L04AB02|1||||2250.0|2500.0|mg|IV,SC||||4966.51
ZE-2026-19.54|V15.3|A|L04AB02|1||||2500.0|2800.0|mg|IV,SC||||5541.57
ZE-2026-19.55|V15.3|A|L04AB02|1||||2800.0||mg|IV,SC||||6168.92
ZE-2026-20.25|V15.3|C|99.04.11|0||||||||||16|2194.57
ZE-2026-20.26|V15.3|C|99.04.12|0||||||||||16|3566.18
ZE-2026-20.27|V15.3|C|99.04.14|0|||||||||||4937.79
ZE-2026-20.28|V15.3|C|99.04.15|0|||||||||||6995.2
ZE-2026-20.29|V15.3|C|99.04.16|0|||||||||||9738.42
ZE-2026-20.30|V15.3|C|99.04.17|0|||||||||||12481.63
ZE-2026-20.31|V15.3|C|99.04.18|0|||||||||||15224.85
ZE-2026-20.32|V15.3|C|99.04.19|0|||||||||||17968.07
ZE-2026-20.33|V15.3|C|99.04.1A|0|||||||||||20711.28
ZE-2026-20.34|V15.3|C|99.04.1B|0|||||||||||23454.5
ZE-2026-20.35|V15.3|C|99.04.1C|0|||||||||||26197.71
ZE-2026-20.36|V15.3|C|99.04.1D|0|||||||||||29626.73
ZE-2026-20.37|V15.3|C|99.04.1E|0|||||||||||33741.56
ZE-2026-20.38|V15.3|C|99.04.1F|0|||||||||||37856.38
ZE-2026-20.39|V15.3|C|99.04.1G|0|||||||||||41971.21
ZE-2026-20.40|V15.3|C|99.04.1H|0|||||||||||46086.03
ZE-2026-20.41|V15.3|C|99.04.1I|0|||||||||||50200.86
ZE-2026-20.42|V15.3|C|99.04.1J|0|||||||||||54315.68
ZE-2026-20.43|V15.3|C|99.04.1K|0|||||||||||58430.51
ZE-2026-20.44|V15.3|C|99.04.1L|0|||||||||||62545.33
ZE-2026-20.45|V15.3|C|99.04.1M|0|||||||||||66660.15
ZE-2026-20.46|V15.3|C|99.04.1N|0|||||||||||70774.98
ZE-2026-20.47|V15.3|C|99.04.1O|0|||||||||||74889.8
ZE-2026-20.48|V15.3|C|99.04.1P|0|||||||||||79004.63
ZE-2026-20.49|V15.3|C|99.04.22|0||||||||||16|3970.62
ZE-2026-20.49|V15.3|C|99.04.32|0||||||||||16|3970.62
ZE-2026-20.50|V15.3|C|99.04.23|0||||||||||16|6452.26
ZE-2026-20.50|V15.3|C|99.04.33|0||||||||||16|6452.26
ZE-2026-20.51|V15.3|C|99.04.24|0|||||||||||8933.9
ZE-2026-20.51|V15.3|C|99.04.34|0|||||||||||8933.9
ZE-2026-20.52|V15.3|C|99.04.25|0|||||||||||12656.35
ZE-2026-20.52|V15.3|C|99.04.35|0|||||||||||12656.35
ZE-2026-20.53|V15.3|C|99.04.26|0|||||||||||17619.63
ZE-2026-20.53|V15.3|C|99.04.36|0|||||||||||17619.63
ZE-2026-20.54|V15.3|C|99.04.27|0|||||||||||22582.9
ZE-2026-20.55|V15.3|C|99.04.28|0|||||||||||27546.18
ZE-2026-20.56|V15.3|C|99.04.2A|0|||||||||||32509.45
ZE-2026-20.57|V15.3|C|99.04.2B|0|||||||||||37472.73
ZE-2026-20.58|V15.3|C|99.04.2C|0|||||||||||42436.0
ZE-2026-20.59|V15.3|C|99.04.2D|0|||||||||||47399.28
ZE-2026-20.60|V15.3|C|99.04.2E|0|||||||||||53603.37
ZE-2026-20.61|V15.3|C|99.04.2F|0|||||||||||61048.28
ZE-2026-20.62|V15.3|C|99.04.2G|0|||||||||||68493.2
ZE-2026-20.63|V15.3|C|99.04.2H|0|||||||||||75938.11
ZE-2026-20.64|V15.3|C|99.04.2I|0|||||||||||83383.02
ZE-2026-20.65|V15.3|C|99.04.2J|0|||||||||||90827.93
ZE-2026-20.66|V15.3|C|99.04.2K|0|||||||||||98272.85
ZE-2026-20.67|V15.3|C|99.04.2L|0|||||||||||105717.76
ZE-2026-20.68|V15.3|C|99.04.2M|0|||||||||||113162.67
ZE-2026-20.69|V15.3|C|99.04.2N|0|||||||||||120607.58
ZE-2026-20.70|V15.3|C|99.04.2O|0|||||||||||128052.5
ZE-2026-20.71|V15.3|C|99.04.2P|0|||||||||||135497.41
ZE-2026-20.72|V15.3|C|99.04.2Q|0|||||||||||142942.32
ZE-2026-23.01|V15.3|C|99.05.61|0||||||||||16|1476.19
ZE-2026-23.02|V15.3|C|99.05.62|0||||||||||16|2952.38
ZE-2026-23.03|V15.3|C|99.05.63|0||||||||||16|4428.57
ZE-2026-23.04|V15.3|C|99.05.64|0|||||||||||5904.76
ZE-2026-23.05|V15.3|C|99.05.65|0|||||||||||7380.94
ZE-2026-23.06|V15.3|C|99.05.66|0|||||||||||10333.32
ZE-2026-23.07|V15.3|C|99.05.67|0|||||||||||14761.89
ZE-2026-23.08|V15.3|C|99.05.68|0|||||||||||19190.45
ZE-2026-23.09|V15.3|C|99.05.6A|0|||||||||||23619.02
ZE-2026-23.10|V15.3|C|99.05.6B|0|||||||||||28047.59
ZE-2026-23.11|V15.3|C|99.05.6C|0|||||||||||32476.15
ZE-2026-23.12|V15.3|C|99.05.6D|0|||||||||||36904.72
ZE-2026-23.13|V15.3|C|99.05.6E|0|||||||||||41333.29
ZE-2026-23.14|V15.3|C|99.05.6F|0|||||||||||45761.85
ZE-2026-23.15|V15.3|C|99.05.6G|0|||||||||||50190.42
ZE-2026-23.16|V15.3|C|99.05.6H|0|||||||||||54618.98
ZE-2026-23.17|V15.3|C|99.05.6I|0|||||||||||59047.55
ZE-2026-23.18|V15.3|C|99.05.6J|0|||||||||||63476.12
ZE-2026-23.19|V15.3|C|99.05.6K|0|||||||||||67904.68
ZE-2026-23.20|V15.3|C|99.05.6L|0|||||||||||72333.25
ZE-2026-23.21|V15.3|C|99.05.6M|0|||||||||||76761.82
ZE-2026-23.22|V15.3|C|99.05.6N|0|||||||||||81190.38
ZE-2026-23.23|V15.3|C|99.05.6O|0|||||||||||85618.95
ZE-2026-23.24|V15.3|C|99.05.6P|0|||||||||||90047.52
ZE-2026-23.25|V15.3|C|99.05.6Q|0|||||||||||94476.08
ZE-2026-23.26|V15.3|C|99.05.6R|0|||||||||||98904.65
ZE-2026-23.27|V15.3|C|99.05.6S|0|||||||||||103333.21
ZE-2026-24.50|V15.3|C|42.81.40|0|||||||||||1260.77
ZE-2026-24.50|V15.3|C|42.81.50|0|||||||||||1260.77
ZE-2026-24.50|V15.3|C|42.81.60|0|||||||||||1260.77
ZE-2026-24.51|V15.3|C|42.81.41|0|||||||||||2521.54
ZE-2026-24.51|V15.3|C|42.81.51|0|||||||||||2521.54
ZE-2026-24.51|V15.3|C|42.81.61|0|||||||||||2521.54
ZE-2026-24.52|V15.3|C|42.81.42|0|||||||||||3782.31
ZE-2026-24.52|V15.3|C|42.81.52|0|||||||||||3782.31
ZE-2026-24.52|V15.3|C|42.81.62|0|||||||||||3782.31
ZE-2026-24.60|V15.3|C|44.99.60|0|||||||||||1260.77
ZE-2026-24.60|V15.3|C|44.99.61|0|||||||||||1260.77
ZE-2026-24.60|V15.3|C|44.99.62|0|||||||||||1260.77
ZE-2026-24.60|V15.3|C|44.99.A1|0|||||||||||1260.77
ZE-2026-24.70|V15.3|C|46.99.60|0|||||||||||1260.77
ZE-2026-24.70|V15.3|C|46.99.61|0|||||||||||1260.77
ZE-2026-24.70|V15.3|C|46.99.62|0|||||||||||1260.77
ZE-2026-24.70|V15.3|C|46.99.63|0|||||||||||1260.77
ZE-2026-24.70|V15.3|C|48.99.60|0|||||||||||1260.77
ZE-2026-24.80|V15.3|C|52.93.20|0|||||||||||1031.55
ZE-2026-24.80|V15.3|C|52.95.50|0|||||||||||1031.55
ZE-2026-24.80|V15.3|C|52.95.51|0|||||||||||1031.55
ZE-2026-24.90|V15.3|C|51.87.23|0|||||||||||1031.55
ZE-2026-24.90|V15.3|C|51.87.30|0|||||||||||1031.55
ZE-2026-24.90|V15.3|C|51.9A.21|0|||||||||||1031.55
ZE-2026-24.90|V15.3|C|51.9A.31|0|||||||||||1031.55
ZE-2026-24.90|V15.3|C|51.9A.51|0|||||||||||1031.55
ZE-2026-24.90|V15.3|C|51.9A.61|0|||||||||||1031.55
ZE-2026-24.90|V15.3|C|51.9A.81|0|||||||||||1031.55
ZE-2026-24.90|V15.3|C|51.9A.A1|0|||||||||||1031.55
ZE-2026-24.91|V15.3|C|51.87.24|0|||||||||||2063.1
ZE-2026-24.91|V15.3|C|51.87.31|0|||||||||||2063.1
ZE-2026-24.91|V15.3|C|51.9A.22|0|||||||||||2063.1
ZE-2026-24.91|V15.3|C|51.9A.32|0|||||||||||2063.1
ZE-2026-24.91|V15.3|C|51.9A.52|0|||||||||||2063.1
ZE-2026-24.91|V15.3|C|51.9A.62|0|||||||||||2063.1
ZE-2026-24.91|V15.3|C|51.9A.82|0|||||||||||2063.1
ZE-2026-24.91|V15.3|C|51.9A.A2|0|||||||||||2063.1
ZE-2026-24.92|V15.3|C|51.87.25|0|||||||||||3094.65
ZE-2026-24.92|V15.3|C|51.87.33|0|||||||||||3094.65
ZE-2026-24.92|V15.3|C|51.9A.23|0|||||||||||3094.65
ZE-2026-24.92|V15.3|C|51.9A.33|0|||||||||||3094.65
ZE-2026-24.92|V15.3|C|51.9A.53|0|||||||||||3094.65
ZE-2026-24.92|V15.3|C|51.9A.63|0|||||||||||3094.65
ZE-2026-24.92|V15.3|C|51.9A.83|0|||||||||||3094.65
ZE-2026-24.92|V15.3|C|51.9A.A3|0|||||||||||3094.65
ZE-2026-24.93|V15.3|C|51.87.26|0|||||||||||4126.2
ZE-2026-24.93|V15.3|C|51.87.34|0|||||||||||4126.2
ZE-2026-24.93|V15.3|C|51.9A.24|0|||||||||||4126.2
ZE-2026-24.93|V15.3|C|51.9A.34|0|||||||||||4126.2
ZE-2026-24.93|V15.3|C|51.9A.54|0|||||||||||4126.2
ZE-2026-24.93|V15.3|C|51.9A.64|0|||||||||||4126.2
ZE-2026-24.93|V15.3|C|51.9A.84|0|||||||||||4126.2
ZE-2026-24.93|V15.3|C|51.9A.A4|0|||||||||||4126.2
ZE-2026-24.94|V15.3|C|51.87.27|0|||||||||||5157.75
ZE-2026-24.94|V15.3|C|51.87.35|0|||||||||||5157.75
ZE-2026-24.94|V15.3|C|51.9A.25|0|||||||||||5157.75
ZE-2026-24.94|V15.3|C|51.9A.35|0|||||||||||5157.75
ZE-2026-24.94|V15.3|C|51.9A.55|0|||||||||||5157.75
ZE-2026-24.94|V15.3|C|51.9A.65|0|||||||||||5157.75
ZE-2026-24.94|V15.3|C|51.9A.85|0|||||||||||5157.75
ZE-2026-24.94|V15.3|C|51.9A.A5|0|||||||||||5157.75
ZE-2026-24.95|V15.3|C|51.87.28|0|||||||||||6189.3
ZE-2026-24.95|V15.3|C|51.87.36|0|||||||||||6189.3
ZE-2026-24.95|V15.3|C|51.9A.26|0|||||||||||6189.3
ZE-2026-24.95|V15.3|C|51.9A.36|0|||||||||||6189.3
ZE-2026-24.95|V15.3|C|51.9A.56|0|||||||||||6189.3
ZE-2026-24.95|V15.3|C|51.9A.66|0|||||||||||6189.3
ZE-2026-24.95|V15.3|C|51.9A.86|0|||||||||||6189.3
ZE-2026-24.95|V15.3|C|51.9A.A6|0|||||||||||6189.3
ZE-2026-26.01|V15.3|C|99.72.11|0|A91Z||||||||||1083.76
ZE-2026-26.01|V15.3|C|99.74|0|A91Z||||||||||1083.76
ZE-2026-26.01|V15.3|C|99.78|0|A91Z||||||||||1083.76
ZE-2026-26.02|V15.3|C|99.71.12|0|A91Z||||||||||1369.56
ZE-2026-26.02|V15.3|C|99.76.10|0|A91Z||||||||||1369.56
ZE-2026-26.02|V15.3|C|99.76.20|0|A91Z||||||||||1369.56
ZE-2026-26.02|V15.3|C|99.88|0|A91Z||||||||||1369.56
ZE-2026-26.03|V15.3|C|99.76.11|0|A91Z||||||||||3292.79
ZE-2026-26.04|V15.3|C|99.71.13|0|A91Z||||||||||2733.51
ZE-2026-26.05|V15.3|C|99.73|0|A91Z||||||||||1369.56
ZE-2026-28.77|V15.3|A|J06BB04|1||||100.0|300.0|U|IV,SC,IM|||2|127.22
ZE-2026-28.78|V15.3|A|J06BB04|1||||300.0|500.0|U|IV,SC,IM|||6|254.44
ZE-2026-28.79|V15.3|A|J06BB04|1||||500.0|1000.0|U|IV,SC,IM|||16|477.07
ZE-2026-28.80|V15.3|A|J06BB04|1||||1000.0|2000.0|U|IV,SC,IM||||954.14
ZE-2026-28.81|V15.3|A|J06BB04|1||||2000.0|4000.0|U|IV,SC,IM||||1908.27
ZE-2026-28.82|V15.3|A|J06BB04|1||||4000.0|6000.0|U|IV,SC,IM||||3180.45
ZE-2026-28.83|V15.3|A|J06BB04|1||||6000.0|8000.0|U|IV,SC,IM||||4452.63
ZE-2026-28.84|V15.3|A|J06BB04|1||||8000.0|10000.0|U|IV,SC,IM||||5724.81
ZE-2026-28.85|V15.3|A|J06BB04|1||||10000.0|12000.0|U|IV,SC,IM||||6996.99
ZE-2026-28.86|V15.3|A|J06BB04|1||||12000.0|14000.0|U|IV,SC,IM||||8269.17
ZE-2026-28.87|V15.3|A|J06BB04|1||||14000.0|16000.0|U|IV,SC,IM||||9541.35
ZE-2026-28.88|V15.3|A|J06BB04|1||||16000.0|18000.0|U|IV,SC,IM||||10813.53
ZE-2026-28.89|V15.3|A|J06BB04|1||||18000.0|20000.0|U|IV,SC,IM||||12085.71
ZE-2026-28.90|V15.3|A|J06BB04|1||||20000.0|24000.0|U|IV,SC,IM||||13993.98
ZE-2026-28.91|V15.3|A|J06BB04|1||||24000.0|28000.0|U|IV,SC,IM||||16538.34
ZE-2026-28.92|V15.3|A|J06BB04|1||||28000.0|32000.0|U|IV,SC,IM||||19082.7
ZE-2026-28.93|V15.3|A|J06BB04|1||||32000.0|36000.0|U|IV,SC,IM||||21627.06
ZE-2026-28.94|V15.3|A|J06BB04|1||||36000.0|40000.0|U|IV,SC,IM||||24171.42
ZE-2026-28.95|V15.3|A|J06BB04|1||||40000.0|46000.0|U|IV,SC,IM||||27351.87
ZE-2026-28.96|V15.3|A|J06BB04|1||||46000.0|52000.0|U|IV,SC,IM||||31168.41
ZE-2026-28.97|V15.3|A|J06BB04|1||||52000.0|58000.0|U|IV,SC,IM||||34984.95
ZE-2026-28.98|V15.3|A|J06BB04|1||||58000.0|64000.0|U|IV,SC,IM||||38801.49
ZE-2026-28.99|V15.3|A|J06BB04|1||||64000.0|70000.0|U|IV,SC,IM||||42618.03
ZE-2026-28.100|V15.3|A|J06BB04|1||||70000.0|78000.0|U|IV,SC,IM||||47070.66
ZE-2026-28.101|V15.3|A|J06BB04|1||||78000.0|86000.0|U|IV,SC,IM||||52159.38
ZE-2026-28.102|V15.3|A|J06BB04|1||||86000.0|94000.0|U|IV,SC,IM||||57248.1
ZE-2026-28.103|V15.3|A|J06BB04|1||||94000.0|102000.0|U|IV,SC,IM||||62336.82
ZE-2026-28.104|V15.3|A|J06BB04|1||||102000.0|110000.0|U|IV,SC,IM||||67425.54
ZE-2026-28.106|V15.3|A|J06BB04|1||||110000.0|118000.0|U|IV,SC,IM||||72514.26
ZE-2026-28.107|V15.3|A|J06BB04|1||||118000.0|130000.0|U|IV,SC,IM||||78875.16
ZE-2026-28.109|V15.3|A|J06BB04|1||||130000.0|142000.0|U|IV,SC,IM||||86508.24
ZE-2026-28.110|V15.3|A|J06BB04|1||||142000.0|154000.0|U|IV,SC,IM||||94141.32
ZE-2026-28.111|V15.3|A|J06BB04|1||||154000.0||U|IV,SC,IM||||101774.4
ZE-2026-30.95|V15.3|A|B02BB01|1||D65.0,D65.1,D65.2,D66,D67,D68.00,D68.01,D68.09,D68.1,D68.20,D68.21,D68.22,D68.23,D68.24,D68.25,D68.26,D68.28,D68.31,D68.32,D68.38,D68.4,D68.5,D69.1,D69.3,D69.40,D69.41,D69.52,D69.53,D69.57,D69.58,D82.0,M31.1,P53,P60,P61.0,D68.33,D68.34,D68.35,D68.8,D69.80,D69.88||0.25|0.5|g|IV|||2|222.36
ZE-2026-30.96|V15.3|A|B02BB01|1||D65.0,D65.1,D65.2,D66,D67,D68.00,D68.01,D68.09,D68.1,D68.20,D68.21,D68.22,D68.23,D68.24,D68.25,D68.26,D68.28,D68.31,D68.32,D68.38,D68.4,D68.5,D69.1,D69.3,D69.40,D69.41,D69.52,D69.53,D69.57,D69.58,D82.0,M31.1,P53,P60,P61.0,D68.33,D68.34,D68.35,D68.8,D69.80,D69.88||0.5|1.5|g|IV|||6|277.95
ZE-2026-30.97|V15.3|A|B02BB01|1||D65.0,D65.1,D65.2,D66,D67,D68.00,D68.01,D68.09,D68.1,D68.20,D68.21,D68.22,D68.23,D68.24,D68.25,D68.26,D68.28,D68.31,D68.32,D68.38,D68.4,D68.5,D69.1,D69.3,D69.40,D69.41,D69.52,D69.53,D69.57,D69.58,D82.0,M31.1,P53,P60,P61.0,D68.33,D68.34,D68.35,D68.8,D69.80,D69.88||1.5|2.5|g|IV||||555.89
ZE-2026-30.98|V15.3|A|B02BB01|1||D65.0,D65.1,D65.2,D66,D67,D68.00,D68.01,D68.09,D68.1,D68.20,D68.21,D68.22,D68.23,D68.24,D68.25,D68.26,D68.28,D68.31,D68.32,D68.38,D68.4,D68.5,D69.1,D69.3,D69.40,D69.41,D69.52,D69.53,D69.57,D69.58,D82.0,M31.1,P53,P60,P61.0,D68.33,D68.34,D68.35,D68.8,D69.80,D69.88||2.5|3.5|g|IV||||833.84
ZE-2026-30.99|V15.3|A|B02BB01|1||D65.0,D65.1,D65.2,D66,D67,D68.00,D68.01,D68.09,D68.1,D68.20,D68.21,D68.22,D68.23,D68.24,D68.25,D68.26,D68.28,D68.31,D68.32,D68.38,D68.4,D68.5,D69.1,D69.3,D69.40,D69.41,D69.52,D69.53,D69.57,D69.58,D82.0,M31.1,P53,P60,P61.0,D68.33,D68.34,D68.35,D68.8,D69.80,D69.88||3.5|4.5|g|IV||||1111.79
ZE-2026-30.100|V15.3|A|B02BB01|1||D65.0,D65.1,D65.2,D66,D67,D68.00,D68.01,D68.09,D68.1,D68.20,D68.21,D68.22,D68.23,D68.24,D68.25,D68.26,D68.28,D68.31,D68.32,D68.38,D68.4,D68.5,D69.1,D69.3,D69.40,D69.41,D69.52,D69.53,D69.57,D69.58,D82.0,M31.1,P53,P60,P61.0,D68.33,D68.34,D68.35,D68.8,D69.80,D69.88||4.5|5.5|g|IV||||1389.73
ZE-2026-30.101|V15.3|A|B02BB01|1||D65.0,D65.1,D65.2,D66,D67,D68.00,D68.01,D68.09,D68.1,D68.20,D68.21,D68.22,D68.23,D68.24,D68.25,D68.26,D68.28,D68.31,D68.32,D68.38,D68.4,D68.5,D69.1,D69.3,D69.40,D69.41,D69.52,D69.53,D69.57,D69.58,D82.0,M31.1,P53,P60,P61.0,D68.33,D68.34,D68.35,D68.8,D69.80,D69.88||5.5|6.5|g|IV||||1667.68
ZE-2026-30.102|V15.3|A|B02BB01|1||D65.0,D65.1,D65.2,D66,D67,D68.00,D68.01,D68.09,D68.1,D68.20,D68.21,D68.22,D68.23,D68.24,D68.25,D68.26,D68.28,D68.31,D68.32,D68.38,D68.4,D68.5,D69.1,D69.3,D69.40,D69.41,D69.52,D69.53,D69.57,D69.58,D82.0,M31.1,P53,P60,P61.0,D68.33,D68.34,D68.35,D68.8,D69.80,D69.88||6.5|7.5|g|IV||||1945.63
ZE-2026-30.103|V15.3|A|B02BB01|1||D65.0,D65.1,D65.2,D66,D67,D68.00,D68.01,D68.09,D68.1,D68.20,D68.21,D68.22,D68.23,D68.24,D68.25,D68.26,D68.28,D68.31,D68.32,D68.38,D68.4,D68.5,D69.1,D69.3,D69.40,D69.41,D69.52,D69.53,D69.57,D69.58,D82.0,M31.1,P53,P60,P61.0,D68.33,D68.34,D68.35,D68.8,D69.80,D69.88||7.5|8.5|g|IV||||2223.57
ZE-2026-30.104|V15.3|A|B02BB01|1||D65.0,D65.1,D65.2,D66,D67,D68.00,D68.01,D68.09,D68.1,D68.20,D68.21,D68.22,D68.23,D68.24,D68.25,D68.26,D68.28,D68.31,D68.32,D68.38,D68.4,D68.5,D69.1,D69.3,D69.40,D69.41,D69.52,D69.53,D69.57,D69.58,D82.0,M31.1,P53,P60,P61.0,D68.33,D68.34,D68.35,D68.8,D69.80,D69.88||8.5|10.5|g|IV||||2640.49
ZE-2026-30.105|V15.3|A|B02BB01|1||D65.0,D65.1,D65.2,D66,D67,D68.00,D68.01,D68.09,D68.1,D68.20,D68.21,D68.22,D68.23,D68.24,D68.25,D68.26,D68.28,D68.31,D68.32,D68.38,D68.4,D68.5,D69.1,D69.3,D69.40,D69.41,D69.52,D69.53,D69.57,D69.58,D82.0,M31.1,P53,P60,P61.0,D68.33,D68.34,D68.35,D68.8,D69.80,D69.88||10.5|12.5|g|IV||||3196.39
ZE-2026-30.106|V15.3|A|B02BB01|1||D65.0,D65.1,D65.2,D66,D67,D68.00,D68.01,D68.09,D68.1,D68.20,D68.21,D68.22,D68.23,D68.24,D68.25,D68.26,D68.28,D68.31,D68.32,D68.38,D68.4,D68.5,D69.1,D69.3,D69.40,D69.41,D69.52,D69.53,D69.57,D69.58,D82.0,M31.1,P53,P60,P61.0,D68.33,D68.34,D68.35,D68.8,D69.80,D69.88||12.5|15.0|g|IV||||3821.76
ZE-2026-30.107|V15.3|A|B02BB01|1||D65.0,D65.1,D65.2,D66,D67,D68.00,D68.01,D68.09,D68.1,D68.20,D68.21,D68.22,D68.23,D68.24,D68.25,D68.26,D68.28,D68.31,D68.32,D68.38,D68.4,D68.5,D69.1,D69.3,D69.40,D69.41,D69.52,D69.53,D69.57,D69.58,D82.0,M31.1,P53,P60,P61.0,D68.33,D68.34,D68.35,D68.8,D69.80,D69.88||15.0|20.0|g|IV||||4864.06
ZE-2026-30.108|V15.3|A|B02BB01|1||D65.0,D65.1,D65.2,D66,D67,D68.00,D68.01,D68.09,D68.1,D68.20,D68.21,D68.22,D68.23,D68.24,D68.25,D68.26,D68.28,D68.31,D68.32,D68.38,D68.4,D68.5,D69.1,D69.3,D69.40,D69.41,D69.52,D69.53,D69.57,D69.58,D82.0,M31.1,P53,P60,P61.0,D68.33,D68.34,D68.35,D68.8,D69.80,D69.88||20.0|30.0|g|IV||||6948.66
ZE-2026-30.109|V15.3|A|B02BB01|1||D65.0,D65.1,D65.2,D66,D67,D68.00,D68.01,D68.09,D68.1,D68.20,D68.21,D68.22,D68.23,D68.24,D68.25,D68.26,D68.28,D68.31,D68.32,D68.38,D68.4,D68.5,D69.1,D69.3,D69.40,D69.41,D69.52,D69.53,D69.57,D69.58,D82.0,M31.1,P53,P60,P61.0,D68.33,D68.34,D68.35,D68.8,D69.80,D69.88||30.0|40.0|g|IV||||9728.13
ZE-2026-30.110|V15.3|A|B02BB01|1||D65.0,D65.1,D65.2,D66,D67,D68.00,D68.01,D68.09,D68.1,D68.20,D68.21,D68.22,D68.23,D68.24,D68.25,D68.26,D68.28,D68.31,D68.32,D68.38,D68.4,D68.5,D69.1,D69.3,D69.40,D69.41,D69.52,D69.53,D69.57,D69.58,D82.0,M31.1,P53,P60,P61.0,D68.33,D68.34,D68.35,D68.8,D69.80,D69.88||40.0|50.0|g|IV||||12507.59
ZE-2026-30.111|V15.3|A|B02BB01|1||D65.0,D65.1,D65.2,D66,D67,D68.00,D68.01,D68.09,D68.1,D68.20,D68.21,D68.22,D68.23,D68.24,D68.25,D68.26,D68.28,D68.31,D68.32,D68.38,D68.4,D68.5,D69.1,D69.3,D69.40,D69.41,D69.52,D69.53,D69.57,D69.58,D82.0,M31.1,P53,P60,P61.0,D68.33,D68.34,D68.35,D68.8,D69.80,D69.88||50.0|60.0|g|IV||||15287.06
ZE-2026-30.112|V15.3|A|B02BB01|1||D65.0,D65.1,D65.2,D66,D67,D68.00,D68.01,D68.09,D68.1,D68.20,D68.21,D68.22,D68.23,D68.24,D68.25,D68.26,D68.28,D68.31,D68.32,D68.38,D68.4,D68.5,D69.1,D69.3,D69.40,D69.41,D69.52,D69.53,D69.57,D69.58,D82.0,M31.1,P53,P60,P61.0,D68.33,D68.34,D68.35,D68.8,D69.80,D69.88||60.0|80.0|g|IV||||19456.26
ZE-2026-30.113|V15.3|A|B02BB01|1||D65.0,D65.1,D65.2,D66,D67,D68.00,D68.01,D68.09,D68.1,D68.20,D68.21,D68.22,D68.23,D68.24,D68.25,D68.26,D68.28,D68.31,D68.32,D68.38,D68.4,D68.5,D69.1,D69.3,D69.40,D69.41,D69.52,D69.53,D69.57,D69.58,D82.0,M31.1,P53,P60,P61.0,D68.33,D68.34,D68.35,D68.8,D69.80,D69.88||80.0|100.0|g|IV||||25015.19
ZE-2026-30.114|V15.3|A|B02BB01|1||D65.0,D65.1,D65.2,D66,D67,D68.00,D68.01,D68.09,D68.1,D68.20,D68.21,D68.22,D68.23,D68.24,D68.25,D68.26,D68.28,D68.31,D68.32,D68.38,D68.4,D68.5,D69.1,D69.3,D69.40,D69.41,D69.52,D69.53,D69.57,D69.58,D82.0,M31.1,P53,P60,P61.0,D68.33,D68.34,D68.35,D68.8,D69.80,D69.88||100.0|120.0|g|IV||||30574.12
ZE-2026-30.115|V15.3|A|B02BB01|1||D65.0,D65.1,D65.2,D66,D67,D68.00,D68.01,D68.09,D68.1,D68.20,D68.21,D68.22,D68.23,D68.24,D68.25,D68.26,D68.28,D68.31,D68.32,D68.38,D68.4,D68.5,D69.1,D69.3,D69.40,D69.41,D69.52,D69.53,D69.57,D69.58,D82.0,M31.1,P53,P60,P61.0,D68.33,D68.34,D68.35,D68.8,D69.80,D69.88||120.0|140.0|g|IV||||36133.05
ZE-2026-30.116|V15.3|A|B02BB01|1||D65.0,D65.1,D65.2,D66,D67,D68.00,D68.01,D68.09,D68.1,D68.20,D68.21,D68.22,D68.23,D68.24,D68.25,D68.26,D68.28,D68.31,D68.32,D68.38,D68.4,D68.5,D69.1,D69.3,D69.40,D69.41,D69.52,D69.53,D69.57,D69.58,D82.0,M31.1,P53,P60,P61.0,D68.33,D68.34,D68.35,D68.8,D69.80,D69.88||140.0|160.0|g|IV||||41691.98
ZE-2026-30.117|V15.3|A|B02BB01|1||D65.0,D65.1,D65.2,D66,D67,D68.00,D68.01,D68.09,D68.1,D68.20,D68.21,D68.22,D68.23,D68.24,D68.25,D68.26,D68.28,D68.31,D68.32,D68.38,D68.4,D68.5,D69.1,D69.3,D69.40,D69.41,D69.52,D69.53,D69.57,D69.58,D82.0,M31.1,P53,P60,P61.0,D68.33,D68.34,D68.35,D68.8,D69.80,D69.88||160.0|180.0|g|IV||||47250.91
ZE-2026-30.118|V15.3|A|B02BB01|1||D65.0,D65.1,D65.2,D66,D67,D68.00,D68.01,D68.09,D68.1,D68.20,D68.21,D68.22,D68.23,D68.24,D68.25,D68.26,D68.28,D68.31,D68.32,D68.38,D68.4,D68.5,D69.1,D69.3,D69.40,D69.41,D69.52,D69.53,D69.57,D69.58,D82.0,M31.1,P53,P60,P61.0,D68.33,D68.34,D68.35,D68.8,D69.80,D69.88||180.0|200.0|g|IV||||52809.84
ZE-2026-30.119|V15.3|A|B02BB01|1||D65.0,D65.1,D65.2,D66,D67,D68.00,D68.01,D68.09,D68.1,D68.20,D68.21,D68.22,D68.23,D68.24,D68.25,D68.26,D68.28,D68.31,D68.32,D68.38,D68.4,D68.5,D69.1,D69.3,D69.40,D69.41,D69.52,D69.53,D69.57,D69.58,D82.0,M31.1,P53,P60,P61.0,D68.33,D68.34,D68.35,D68.8,D69.80,D69.88||200.0|220.0|g|IV||||58368.77
ZE-2026-30.120|V15.3|A|B02BB01|1||D65.0,D65.1,D65.2,D66,D67,D68.00,D68.01,D68.09,D68.1,D68.20,D68.21,D68.22,D68.23,D68.24,D68.25,D68.26,D68.28,D68.31,D68.32,D68.38,D68.4,D68.5,D69.1,D69.3,D69.40,D69.41,D69.52,D69.53,D69.57,D69.58,D82.0,M31.1,P53,P60,P61.0,D68.33,D68.34,D68.35,D68.8,D69.80,D69.88||220.0|240.0|g|IV||||63927.7
ZE-2026-30.121|V15.3|A|B02BB01|1||D65.0,D65.1,D65.2,D66,D67,D68.00,D68.01,D68.09,D68.1,D68.20,D68.21,D68.22,D68.23,D68.24,D68.25,D68.26,D68.28,D68.31,D68.32,D68.38,D68.4,D68.5,D69.1,D69.3,D69.40,D69.41,D69.52,D69.53,D69.57,D69.58,D82.0,M31.1,P53,P60,P61.0,D68.33,D68.34,D68.35,D68.8,D69.80,D69.88||240.0||g|IV||||69486.63
ZE-2026-31.49|V15.3|A|B02BD01|1||||500.0|1000.0|U|IV|||16|247.05
ZE-2026-31.50|V15.3|A|B02BD01|1||||1000.0|1500.0|U|IV|||16|309.53
ZE-2026-31.51|V15.3|A|B02BD01|1||||1500.0|2500.0|U|IV|||16|495.24
ZE-2026-31.52|V15.3|A|B02BD01|1||||2500.0|3500.0|U|IV|||16|742.86
ZE-2026-31.53|V15.3|A|B02BD01|1||||3500.0|4500.0|U|IV||||990.48
ZE-2026-31.54|V15.3|A|B02BD01|1||||4500.0|5500.0|U|IV||||1238.1
ZE-2026-31.55|V15.3|A|B02BD01|1||||5500.0|6500.0|U|IV||||1485.72
ZE-2026-31.56|V15.3|A|B02BD01|1||||6500.0|7500.0|U|IV||||1733.34
ZE-2026-31.57|V15.3|A|B02BD01|1||||7500.0|8500.0|U|IV||||1980.96
ZE-2026-31.58|V15.3|A|B02BD01|1||||8500.0|9500.0|U|IV||||2228.58
ZE-2026-31.59|V15.3|A|B02BD01|1||||9500.0|10500.0|U|IV||||2476.2
ZE-2026-31.60|V15.3|A|B02BD01|1||||10500.0|15500.0|U|IV||||3219.06
ZE-2026-31.61|V15.3|A|B02BD01|1||||15500.0|20500.0|U|IV||||4457.16
ZE-2026-31.62|V15.3|A|B02BD01|1||||20500.0|25500.0|U|IV||||5695.26
ZE-2026-31.63|V15.3|A|B02BD01|1||||25500.0|30500.0|U|IV||||6933.36
ZE-2026-31.64|V15.3|A|B02BD01|1||||30500.0|40500.0|U|IV||||8790.51
ZE-2026-31.65|V15.3|A|B02BD01|1||||40500.0|50500.0|U|IV||||11266.71
ZE-2026-31.66|V15.3|A|B02BD01|1||||50500.0|60500.0|U|IV||||13742.91
ZE-2026-31.67|V15.3|A|B02BD01|1||||60500.0|70500.0|U|IV||||16219.11
ZE-2026-31.68|V15.3|A|B02BD01|1||||70500.0|80500.0|U|IV||||18695.31
ZE-2026-31.69|V15.3|A|B02BD01|1||||80500.0|100500.0|U|IV||||22409.61
ZE-2026-31.70|V15.3|A|B02BD01|1||||100500.0|120500.0|U|IV||||27362.01
ZE-2026-31.71|V15.3|A|B02BD01|1||||120500.0|140500.0|U|IV||||32314.41
ZE-2026-31.72|V15.3|A|B02BD01|1||||140500.0|160500.0|U|IV||||37266.81
ZE-2026-31.73|V15.3|A|B02BD01|1||||160500.0|200500.0|U|IV||||44695.41
ZE-2026-31.74|V15.3|A|B02BD01|1||||200500.0||U|IV||||54600.21
ZE-2026-32.27|V15.3|A|B02BD02|1||D65.0,D65.1,D65.2,D66,D67,D68.00,D68.01,D68.09,D68.1,D68.20,D68.21,D68.22,D68.23,D68.24,D68.25,D68.26,D68.28,D68.31,D68.32,D68.38,D68.4,D68.5,D69.1,D69.3,D69.40,D69.41,D69.52,D69.53,D69.57,D69.58,D82.0,M31.1,P53,P60,P61.0,D68.33,D68.34,D68.35,D68.8,D69.80,D69.88||500.0|1000.0|U|IV|Plas||6|514.91
ZE-2026-32.28|V15.3|A|B02BD02|1||D65.0,D65.1,D65.2,D66,D67,D68.00,D68.01,D68.09,D68.1,D68.20,D68.21,D68.22,D68.23,D68.24,D68.25,D68.26,D68.28,D68.31,D68.32,D68.38,D68.4,D68.5,D69.1,D69.3,D69.40,D69.41,D69.52,D69.53,D69.57,D69.58,D82.0,M31.1,P53,P60,P61.0,D68.33,D68.34,D68.35,D68.8,D69.80,D69.88||1000.0|1500.0|U|IV|Plas||16|858.18
ZE-2026-32.29|V15.3|A|B02BD02|1||D65.0,D65.1,D65.2,D66,D67,D68.00,D68.01,D68.09,D68.1,D68.20,D68.21,D68.22,D68.23,D68.24,D68.25,D68.26,D68.28,D68.31,D68.32,D68.38,D68.4,D68.5,D69.1,D69.3,D69.40,D69.41,D69.52,D69.53,D69.57,D69.58,D82.0,M31.1,P53,P60,P61.0,D68.33,D68.34,D68.35,D68.8,D69.80,D69.88||1500.0|5000.0|U|IV|Plas|||2231.26
ZE-2026-32.30|V15.3|A|B02BD02|1||D65.0,D65.1,D65.2,D66,D67,D68.00,D68.01,D68.09,D68.1,D68.20,D68.21,D68.22,D68.23,D68.24,D68.25,D68.26,D68.28,D68.31,D68.32,D68.38,D68.4,D68.5,D69.1,D69.3,D69.40,D69.41,D69.52,D69.53,D69.57,D69.58,D82.0,M31.1,P53,P60,P61.0,D68.33,D68.34,D68.35,D68.8,D69.80,D69.88||5000.0|10000.0|U|IV|Plas|||5149.05
ZE-2026-32.31|V15.3|A|B02BD02|1||D65.0,D65.1,D65.2,D66,D67,D68.00,D68.01,D68.09,D68.1,D68.20,D68.21,D68.22,D68.23,D68.24,D68.25,D68.26,D68.28,D68.31,D68.32,D68.38,D68.4,D68.5,D69.1,D69.3,D69.40,D69.41,D69.52,D69.53,D69.57,D69.58,D82.0,M31.1,P53,P60,P61.0,D68.33,D68.34,D68.35,D68.8,D69.80,D69.88||10000.0|15000.0|U|IV|Plas|||8581.75
ZE-2026-32.32|V15.3|A|B02BD02|1||D65.0,D65.1,D65.2,D66,D67,D68.00,D68.01,D68.09,D68.1,D68.20,D68.21,D68.22,D68.23,D68.24,D68.25,D68.26,D68.28,D68.31,D68.32,D68.38,D68.4,D68.5,D69.1,D69.3,D69.40,D69.41,D69.52,D69.53,D69.57,D69.58,D82.0,M31.1,P53,P60,P61.0,D68.33,D68.34,D68.35,D68.8,D69.80,D69.88||15000.0|20000.0|U|IV|Plas|||12014.45
ZE-2026-32.33|V15.3|A|B02BD02|1||D65.0,D65.1,D65.2,D66,D67,D68.00,D68.01,D68.09,D68.1,D68.20,D68.21,D68.22,D68.23,D68.24,D68.25,D68.26,D68.28,D68.31,D68.32,D68.38,D68.4,D68.5,D69.1,D69.3,D69.40,D69.41,D69.52,D69.53,D69.57,D69.58,D82.0,M31.1,P53,P60,P61.0,D68.33,D68.34,D68.35,D68.8,D69.80,D69.88||20000.0|25000.0|U|IV|Plas|||15447.15
ZE-2026-32.34|V15.3|A|B02BD02|1||D65.0,D65.1,D65.2,D66,D67,D68.00,D68.01,D68.09,D68.1,D68.20,D68.21,D68.22,D68.23,D68.24,D68.25,D68.26,D68.28,D68.31,D68.32,D68.38,D68.4,D68.5,D69.1,D69.3,D69.40,D69.41,D69.52,D69.53,D69.57,D69.58,D82.0,M31.1,P53,P60,P61.0,D68.33,D68.34,D68.35,D68.8,D69.80,D69.88||25000.0|30000.0|U|IV|Plas|||18879.85
ZE-2026-32.35|V15.3|A|B02BD02|1||D65.0,D65.1,D65.2,D66,D67,D68.00,D68.01,D68.09,D68.1,D68.20,D68.21,D68.22,D68.23,D68.24,D68.25,D68.26,D68.28,D68.31,D68.32,D68.38,D68.4,D68.5,D69.1,D69.3,D69.40,D69.41,D69.52,D69.53,D69.57,D69.58,D82.0,M31.1,P53,P60,P61.0,D68.33,D68.34,D68.35,D68.8,D69.80,D69.88||30000.0|35000.0|U|IV|Plas|||22312.55
ZE-2026-32.36|V15.3|A|B02BD02|1||D65.0,D65.1,D65.2,D66,D67,D68.00,D68.01,D68.09,D68.1,D68.20,D68.21,D68.22,D68.23,D68.24,D68.25,D68.26,D68.28,D68.31,D68.32,D68.38,D68.4,D68.5,D69.1,D69.3,D69.40,D69.41,D69.52,D69.53,D69.57,D69.58,D82.0,M31.1,P53,P60,P61.0,D68.33,D68.34,D68.35,D68.8,D69.80,D69.88||35000.0|40000.0|U|IV|Plas|||25745.25
ZE-2026-32.37|V15.3|A|B02BD02|1||D65.0,D65.1,D65.2,D66,D67,D68.00,D68.01,D68.09,D68.1,D68.20,D68.21,D68.22,D68.23,D68.24,D68.25,D68.26,D68.28,D68.31,D68.32,D68.38,D68.4,D68.5,D69.1,D69.3,D69.40,D69.41,D69.52,D69.53,D69.57,D69.58,D82.0,M31.1,P53,P60,P61.0,D68.33,D68.34,D68.35,D68.8,D69.80,D69.88||40000.0|45000.0|U|IV|Plas|||29177.95
ZE-2026-32.38|V15.3|A|B02BD02|1||D65.0,D65.1,D65.2,D66,D67,D68.00,D68.01,D68.09,D68.1,D68.20,D68.21,D68.22,D68.23,D68.24,D68.25,D68.26,D68.28,D68.31,D68.32,D68.38,D68.4,D68.5,D69.1,D69.3,D69.40,D69.41,D69.52,D69.53,D69.57,D69.58,D82.0,M31.1,P53,P60,P61.0,D68.33,D68.34,D68.35,D68.8,D69.80,D69.88||45000.0|50000.0|U|IV|Plas|||32610.65
ZE-2026-32.39|V15.3|A|B02BD02|1||D65.0,D65.1,D65.2,D66,D67,D68.00,D68.01,D68.09,D68.1,D68.20,D68.21,D68.22,D68.23,D68.24,D68.25,D68.26,D68.28,D68.31,D68.32,D68.38,D68.4,D68.5,D69.1,D69.3,D69.40,D69.41,D69.52,D69.53,D69.57,D69.58,D82.0,M31.1,P53,P60,P61.0,D68.33,D68.34,D68.35,D68.8,D69.80,D69.88||50000.0|55000.0|U|IV|Plas|||36043.35
ZE-2026-32.40|V15.3|A|B02BD02|1||D65.0,D65.1,D65.2,D66,D67,D68.00,D68.01,D68.09,D68.1,D68.20,D68.21,D68.22,D68.23,D68.24,D68.25,D68.26,D68.28,D68.31,D68.32,D68.38,D68.4,D68.5,D69.1,D69.3,D69.40,D69.41,D69.52,D69.53,D69.57,D69.58,D82.0,M31.1,P53,P60,P61.0,D68.33,D68.34,D68.35,D68.8,D69.80,D69.88||55000.0|60000.0|U|IV|Plas|||39476.05
ZE-2026-32.41|V15.3|A|B02BD02|1||D65.0,D65.1,D65.2,D66,D67,D68.00,D68.01,D68.09,D68.1,D68.20,D68.21,D68.22,D68.23,D68.24,D68.25,D68.26,D68.28,D68.31,D68.32,D68.38,D68.4,D68.5,D69.1,D69.3,D69.40,D69.41,D69.52,D69.53,D69.57,D69.58,D82.0,M31.1,P53,P60,P61.0,D68.33,D68.34,D68.35,D68.8,D69.80,D69.88||60000.0|65000.0|U|IV|Plas|||42908.75
ZE-2026-32.42|V15.3|A|B02BD02|1||D65.0,D65.1,D65.2,D66,D67,D68.00,D68.01,D68.09,D68.1,D68.20,D68.21,D68.22,D68.23,D68.24,D68.25,D68.26,D68.28,D68.31,D68.32,D68.38,D68.4,D68.5,D69.1,D69.3,D69.40,D69.41,D69.52,D69.53,D69.57,D69.58,D82.0,M31.1,P53,P60,P61.0,D68.33,D68.34,D68.35,D68.8,D69.80,D69.88||65000.0|70000.0|U|IV|Plas|||46341.45
ZE-2026-32.43|V15.3|A|B02BD02|1||D65.0,D65.1,D65.2,D66,D67,D68.00,D68.01,D68.09,D68.1,D68.20,D68.21,D68.22,D68.23,D68.24,D68.25,D68.26,D68.28,D68.31,D68.32,D68.38,D68.4,D68.5,D69.1,D69.3,D69.40,D69.41,D69.52,D69.53,D69.57,D69.58,D82.0,M31.1,P53,P60,P61.0,D68.33,D68.34,D68.35,D68.8,D69.80,D69.88||70000.0|75000.0|U|IV|Plas|||49774.15
ZE-2026-32.44|V15.3|A|B02BD02|1||D65.0,D65.1,D65.2,D66,D67,D68.00,D68.01,D68.09,D68.1,D68.20,D68.21,D68.22,D68.23,D68.24,D68.25,D68.26,D68.28,D68.31,D68.32,D68.38,D68.4,D68.5,D69.1,D69.3,D69.40,D69.41,D69.52,D69.53,D69.57,D69.58,D82.0,M31.1,P53,P60,P61.0,D68.33,D68.34,D68.35,D68.8,D69.80,D69.88||75000.0|80000.0|U|IV|Plas|||53206.85
ZE-2026-32.45|V15.3|A|B02BD02|1||D65.0,D65.1,D65.2,D66,D67,D68.00,D68.01,D68.09,D68.1,D68.20,D68.21,D68.22,D68.23,D68.24,D68.25,D68.26,D68.28,D68.31,D68.32,D68.38,D68.4,D68.5,D69.1,D69.3,D69.40,D69.41,D69.52,D69.53,D69.57,D69.58,D82.0,M31.1,P53,P60,P61.0,D68.33,D68.34,D68.35,D68.8,D69.80,D69.88||80000.0|85000.0|U|IV|Plas|||56639.55
ZE-2026-32.46|V15.3|A|B02BD02|1||D65.0,D65.1,D65.2,D66,D67,D68.00,D68.01,D68.09,D68.1,D68.20,D68.21,D68.22,D68.23,D68.24,D68.25,D68.26,D68.28,D68.31,D68.32,D68.38,D68.4,D68.5,D69.1,D69.3,D69.40,D69.41,D69.52,D69.53,D69.57,D69.58,D82.0,M31.1,P53,P60,P61.0,D68.33,D68.34,D68.35,D68.8,D69.80,D69.88||85000.0|90000.0|U|IV|Plas|||60072.25
ZE-2026-32.47|V15.3|A|B02BD02|1||D65.0,D65.1,D65.2,D66,D67,D68.00,D68.01,D68.09,D68.1,D68.20,D68.21,D68.22,D68.23,D68.24,D68.25,D68.26,D68.28,D68.31,D68.32,D68.38,D68.4,D68.5,D69.1,D69.3,D69.40,D69.41,D69.52,D69.53,D69.57,D69.58,D82.0,M31.1,P53,P60,P61.0,D68.33,D68.34,D68.35,D68.8,D69.80,D69.88||90000.0|100000.0|U|IV|Plas|||65221.3
ZE-2026-32.48|V15.3|A|B02BD02|1||D65.0,D65.1,D65.2,D66,D67,D68.00,D68.01,D68.09,D68.1,D68.20,D68.21,D68.22,D68.23,D68.24,D68.25,D68.26,D68.28,D68.31,D68.32,D68.38,D68.4,D68.5,D69.1,D69.3,D69.40,D69.41,D69.52,D69.53,D69.57,D69.58,D82.0,M31.1,P53,P60,P61.0,D68.33,D68.34,D68.35,D68.8,D69.80,D69.88||100000.0|110000.0|U|IV|Plas|||72086.7
ZE-2026-32.49|V15.3|A|B02BD02|1||D65.0,D65.1,D65.2,D66,D67,D68.00,D68.01,D68.09,D68.1,D68.20,D68.21,D68.22,D68.23,D68.24,D68.25,D68.26,D68.28,D68.31,D68.32,D68.38,D68.4,D68.5,D69.1,D69.3,D69.40,D69.41,D69.52,D69.53,D69.57,D69.58,D82.0,M31.1,P53,P60,P61.0,D68.33,D68.34,D68.35,D68.8,D69.80,D69.88||110000.0|120000.0|U|IV|Plas|||78952.1
ZE-2026-32.50|V15.3|A|B02BD02|1||D65.0,D65.1,D65.2,D66,D67,D68.00,D68.01,D68.09,D68.1,D68.20,D68.21,D68.22,D68.23,D68.24,D68.25,D68.26,D68.28,D68.31,D68.32,D68.38,D68.4,D68.5,D69.1,D69.3,D69.40,D69.41,D69.52,D69.53,D69.57,D69.58,D82.0,M31.1,P53,P60,P61.0,D68.33,D68.34,D68.35,D68.8,D69.80,D69.88||120000.0|130000.0|U|IV|Plas|||85817.5
ZE-2026-32.51|V15.3|A|B02BD02|1||D65.0,D65.1,D65.2,D66,D67,D68.00,D68.01,D68.09,D68.1,D68.20,D68.21,D68.22,D68.23,D68.24,D68.25,D68.26,D68.28,D68.31,D68.32,D68.38,D68.4,D68.5,D69.1,D69.3,D69.40,D69.41,D69.52,D69.53,D69.57,D69.58,D82.0,M31.1,P53,P60,P61.0,D68.33,D68.34,D68.35,D68.8,D69.80,D69.88||130000.0|140000.0|U|IV|Plas|||92682.9
ZE-2026-32.52|V15.3|A|B02BD02|1||D65.0,D65.1,D65.2,D66,D67,D68.00,D68.01,D68.09,D68.1,D68.20,D68.21,D68.22,D68.23,D68.24,D68.25,D68.26,D68.28,D68.31,D68.32,D68.38,D68.4,D68.5,D69.1,D69.3,D69.40,D69.41,D69.52,D69.53,D69.57,D69.58,D82.0,M31.1,P53,P60,P61.0,D68.33,D68.34,D68.35,D68.8,D69.80,D69.88||140000.0|150000.0|U|IV|Plas|||99548.3
ZE-2026-32.53|V15.3|A|B02BD02|1||D65.0,D65.1,D65.2,D66,D67,D68.00,D68.01,D68.09,D68.1,D68.20,D68.21,D68.22,D68.23,D68.24,D68.25,D68.26,D68.28,D68.31,D68.32,D68.38,D68.4,D68.5,D69.1,D69.3,D69.40,D69.41,D69.52,D69.53,D69.57,D69.58,D82.0,M31.1,P53,P60,P61.0,D68.33,D68.34,D68.35,D68.8,D69.80,D69.88||150000.0||U|IV|Plas|||106413.7
ZE-2026-33.27|V15.3|A|B02BD02|1||D65.0,D65.1,D65.2,D66,D67,D68.00,D68.01,D68.09,D68.1,D68.20,D68.21,D68.22,D68.23,D68.24,D68.25,D68.26,D68.28,D68.31,D68.32,D68.38,D68.4,D68.5,D69.1,D69.3,D69.40,D69.41,D69.52,D69.53,D69.57,D69.58,D82.0,M31.1,P53,P60,P61.0,D68.33,D68.34,D68.35,D68.8,D69.80,D69.88||500.0|1000.0|U|IV|Rec||16|459.02
ZE-2026-33.28|V15.3|A|B02BD02|1||D65.0,D65.1,D65.2,D66,D67,D68.00,D68.01,D68.09,D68.1,D68.20,D68.21,D68.22,D68.23,D68.24,D68.25,D68.26,D68.28,D68.31,D68.32,D68.38,D68.4,D68.5,D69.1,D69.3,D69.40,D69.41,D69.52,D69.53,D69.57,D69.58,D82.0,M31.1,P53,P60,P61.0,D68.33,D68.34,D68.35,D68.8,D69.80,D69.88||1000.0|2000.0|U|IV|Rec|||918.05
ZE-2026-33.29|V15.3|A|B02BD02|1||D65.0,D65.1,D65.2,D66,D67,D68.00,D68.01,D68.09,D68.1,D68.20,D68.21,D68.22,D68.23,D68.24,D68.25,D68.26,D68.28,D68.31,D68.32,D68.38,D68.4,D68.5,D69.1,D69.3,D69.40,D69.41,D69.52,D69.53,D69.57,D69.58,D82.0,M31.1,P53,P60,P61.0,D68.33,D68.34,D68.35,D68.8,D69.80,D69.88||2000.0|5000.0|U|IV|Rec|||2142.11
ZE-2026-33.30|V15.3|A|B02BD02|1||D65.0,D65.1,D65.2,D66,D67,D68.00,D68.01,D68.09,D68.1,D68.20,D68.21,D68.22,D68.23,D68.24,D68.25,D68.26,D68.28,D68.31,D68.32,D68.38,D68.4,D68.5,D69.1,D69.3,D69.40,D69.41,D69.52,D69.53,D69.57,D69.58,D82.0,M31.1,P53,P60,P61.0,D68.33,D68.34,D68.35,D68.8,D69.80,D69.88||5000.0|8000.0|U|IV|Rec|||3978.2
ZE-2026-33.31|V15.3|A|B02BD02|1||D65.0,D65.1,D65.2,D66,D67,D68.00,D68.01,D68.09,D68.1,D68.20,D68.21,D68.22,D68.23,D68.24,D68.25,D68.26,D68.28,D68.31,D68.32,D68.38,D68.4,D68.5,D69.1,D69.3,D69.40,D69.41,D69.52,D69.53,D69.57,D69.58,D82.0,M31.1,P53,P60,P61.0,D68.33,D68.34,D68.35,D68.8,D69.80,D69.88||8000.0|12000.0|U|IV|Rec|||6120.3
ZE-2026-33.32|V15.3|A|B02BD02|1||D65.0,D65.1,D65.2,D66,D67,D68.00,D68.01,D68.09,D68.1,D68.20,D68.21,D68.22,D68.23,D68.24,D68.25,D68.26,D68.28,D68.31,D68.32,D68.38,D68.4,D68.5,D69.1,D69.3,D69.40,D69.41,D69.52,D69.53,D69.57,D69.58,D82.0,M31.1,P53,P60,P61.0,D68.33,D68.34,D68.35,D68.8,D69.80,D69.88||12000.0|16000.0|U|IV|Rec|||8568.42
ZE-2026-33.33|V15.3|A|B02BD02|1||D65.0,D65.1,D65.2,D66,D67,D68.00,D68.01,D68.09,D68.1,D68.20,D68.21,D68.22,D68.23,D68.24,D68.25,D68.26,D68.28,D68.31,D68.32,D68.38,D68.4,D68.5,D69.1,D69.3,D69.40,D69.41,D69.52,D69.53,D69.57,D69.58,D82.0,M31.1,P53,P60,P61.0,D68.33,D68.34,D68.35,D68.8,D69.80,D69.88||16000.0|20000.0|U|IV|Rec|||11016.54
ZE-2026-33.34|V15.3|A|B02BD02|1||D65.0,D65.1,D65.2,D66,D67,D68.00,D68.01,D68.09,D68.1,D68.20,D68.21,D68.22,D68.23,D68.24,D68.25,D68.26,D68.28,D68.31,D68.32,D68.38,D68.4,D68.5,D69.1,D69.3,D69.40,D69.41,D69.52,D69.53,D69.57,D69.58,D82.0,M31.1,P53,P60,P61.0,D68.33,D68.34,D68.35,D68.8,D69.80,D69.88||20000.0|26000.0|U|IV|Rec|||14076.69
ZE-2026-33.35|V15.3|A|B02BD02|1||D65.0,D65.1,D65.2,D66,D67,D68.00,D68.01,D68.09,D68.1,D68.20,D68.21,D68.22,D68.23,D68.24,D68.25,D68.26,D68.28,D68.31,D68.32,D68.38,D68.4,D68.5,D69.1,D69.3,D69.40,D69.41,D69.52,D69.53,D69.57,D69.58,D82.0,M31.1,P53,P60,P61.0,D68.33,D68.34,D68.35,D68.8,D69.80,D69.88||26000.0|32000.0|U|IV|Rec|||17748.87
ZE-2026-33.36|V15.3|A|B02BD02|1||D65.0,D65.1,D65.2,D66,D67,D68.00,D68.01,D68.09,D68.1,D68.20,D68.21,D68.22,D68.23,D68.24,D68.25,D68.26,D68.28,D68.31,D68.32,D68.38,D68.4,D68.5,D69.1,D69.3,D69.40,D69.41,D69.52,D69.53,D69.57,D69.58,D82.0,M31.1,P53,P60,P61.0,D68.33,D68.34,D68.35,D68.8,D69.80,D69.88||32000.0|38000.0|U|IV|Rec|||21421.05
ZE-2026-33.37|V15.3|A|B02BD02|1||D65.0,D65.1,D65.2,D66,D67,D68.00,D68.01,D68.09,D68.1,D68.20,D68.21,D68.22,D68.23,D68.24,D68.25,D68.26,D68.28,D68.31,D68.32,D68.38,D68.4,D68.5,D69.1,D69.3,D69.40,D69.41,D69.52,D69.53,D69.57,D69.58,D82.0,M31.1,P53,P60,P61.0,D68.33,D68.34,D68.35,D68.8,D69.80,D69.88||38000.0|44000.0|U|IV|Rec|||25093.23
ZE-2026-33.38|V15.3|A|B02BD02|1||D65.0,D65.1,D65.2,D66,D67,D68.00,D68.01,D68.09,D68.1,D68.20,D68.21,D68.22,D68.23,D68.24,D68.25,D68.26,D68.28,D68.31,D68.32,D68.38,D68.4,D68.5,D69.1,D69.3,D69.40,D69.41,D69.52,D69.53,D69.57,D69.58,D82.0,M31.1,P53,P60,P61.0,D68.33,D68.34,D68.35,D68.8,D69.80,D69.88||44000.0|50000.0|U|IV|Rec|||28765.41
ZE-2026-33.39|V15.3|A|B02BD02|1||D65.0,D65.1,D65.2,D66,D67,D68.00,D68.01,D68.09,D68.1,D68.20,D68.21,D68.22,D68.23,D68.24,D68.25,D68.26,D68.28,D68.31,D68.32,D68.38,D68.4,D68.5,D69.1,D69.3,D69.40,D69.41,D69.52,D69.53,D69.57,D69.58,D82.0,M31.1,P53,P60,P61.0,D68.33,D68.34,D68.35,D68.8,D69.80,D69.88||50000.0|58000.0|U|IV|Rec|||33049.62
ZE-2026-33.40|V15.3|A|B02BD02|1||D65.0,D65.1,D65.2,D66,D67,D68.00,D68.01,D68.09,D68.1,D68.20,D68.21,D68.22,D68.23,D68.24,D68.25,D68.26,D68.28,D68.31,D68.32,D68.38,D68.4,D68.5,D69.1,D69.3,D69.40,D69.41,D69.52,D69.53,D69.57,D69.58,D82.0,M31.1,P53,P60,P61.0,D68.33,D68.34,D68.35,D68.8,D69.80,D69.88||58000.0|66000.0|U|IV|Rec|||37945.86
ZE-2026-33.41|V15.3|A|B02BD02|1||D65.0,D65.1,D65.2,D66,D67,D68.00,D68.01,D68.09,D68.1,D68.20,D68.21,D68.22,D68.23,D68.24,D68.25,D68.26,D68.28,D68.31,D68.32,D68.38,D68.4,D68.5,D69.1,D69.3,D69.40,D69.41,D69.52,D69.53,D69.57,D69.58,D82.0,M31.1,P53,P60,P61.0,D68.33,D68.34,D68.35,D68.8,D69.80,D69.88||66000.0|74000.0|U|IV|Rec|||42842.1
ZE-2026-33.42|V15.3|A|B02BD02|1||D65.0,D65.1,D65.2,D66,D67,D68.00,D68.01,D68.09,D68.1,D68.20,D68.21,D68.22,D68.23,D68.24,D68.25,D68.26,D68.28,D68.31,D68.32,D68.38,D68.4,D68.5,D69.1,D69.3,D69.40,D69.41,D69.52,D69.53,D69.57,D69.58,D82.0,M31.1,P53,P60,P61.0,D68.33,D68.34,D68.35,D68.8,D69.80,D69.88||74000.0|82000.0|U|IV|Rec|||47738.34
ZE-2026-33.43|V15.3|A|B02BD02|1||D65.0,D65.1,D65.2,D66,D67,D68.00,D68.01,D68.09,D68.1,D68.20,D68.21,D68.22,D68.23,D68.24,D68.25,D68.26,D68.28,D68.31,D68.32,D68.38,D68.4,D68.5,D69.1,D69.3,D69.40,D69.41,D69.52,D69.53,D69.57,D69.58,D82.0,M31.1,P53,P60,P61.0,D68.33,D68.34,D68.35,D68.8,D69.80,D69.88||82000.0|90000.0|U|IV|Rec|||52634.58
ZE-2026-33.44|V15.3|A|B02BD02|1||D65.0,D65.1,D65.2,D66,D67,D68.00,D68.01,D68.09,D68.1,D68.20,D68.21,D68.22,D68.23,D68.24,D68.25,D68.26,D68.28,D68.31,D68.32,D68.38,D68.4,D68.5,D69.1,D69.3,D69.40,D69.41,D69.52,D69.53,D69.57,D69.58,D82.0,M31.1,P53,P60,P61.0,D68.33,D68.34,D68.35,D68.8,D69.80,D69.88||90000.0|100000.0|U|IV|Rec|||58142.85
ZE-2026-33.45|V15.3|A|B02BD02|1||D65.0,D65.1,D65.2,D66,D67,D68.00,D68.01,D68.09,D68.1,D68.20,D68.21,D68.22,D68.23,D68.24,D68.25,D68.26,D68.28,D68.31,D68.32,D68.38,D68.4,D68.5,D69.1,D69.3,D69.40,D69.41,D69.52,D69.53,D69.57,D69.58,D82.0,M31.1,P53,P60,P61.0,D68.33,D68.34,D68.35,D68.8,D69.80,D69.88||100000.0|110000.0|U|IV|Rec|||64263.15
ZE-2026-33.46|V15.3|A|B02BD02|1||D65.0,D65.1,D65.2,D66,D67,D68.00,D68.01,D68.09,D68.1,D68.20,D68.21,D68.22,D68.23,D68.24,D68.25,D68.26,D68.28,D68.31,D68.32,D68.38,D68.4,D68.5,D69.1,D69.3,D69.40,D69.41,D69.52,D69.53,D69.57,D69.58,D82.0,M31.1,P53,P60,P61.0,D68.33,D68.34,D68.35,D68.8,D69.80,D69.88||110000.0|120000.0|U|IV|Rec|||70383.45
ZE-2026-33.47|V15.3|A|B02BD02|1||D65.0,D65.1,D65.2,D66,D67,D68.00,D68.01,D68.09,D68.1,D68.20,D68.21,D68.22,D68.23,D68.24,D68.25,D68.26,D68.28,D68.31,D68.32,D68.38,D68.4,D68.5,D69.1,D69.3,D69.40,D69.41,D69.52,D69.53,D69.57,D69.58,D82.0,M31.1,P53,P60,P61.0,D68.33,D68.34,D68.35,D68.8,D69.80,D69.88||120000.0|130000.0|U|IV|Rec|||76503.75
ZE-2026-33.48|V15.3|A|B02BD02|1||D65.0,D65.1,D65.2,D66,D67,D68.00,D68.01,D68.09,D68.1,D68.20,D68.21,D68.22,D68.23,D68.24,D68.25,D68.26,D68.28,D68.31,D68.32,D68.38,D68.4,D68.5,D69.1,D69.3,D69.40,D69.41,D69.52,D69.53,D69.57,D69.58,D82.0,M31.1,P53,P60,P61.0,D68.33,D68.34,D68.35,D68.8,D69.80,D69.88||130000.0|140000.0|U|IV|Rec|||82624.05
ZE-2026-33.49|V15.3|A|B02BD02|1||D65.0,D65.1,D65.2,D66,D67,D68.00,D68.01,D68.09,D68.1,D68.20,D68.21,D68.22,D68.23,D68.24,D68.25,D68.26,D68.28,D68.31,D68.32,D68.38,D68.4,D68.5,D69.1,D69.3,D69.40,D69.41,D69.52,D69.53,D69.57,D69.58,D82.0,M31.1,P53,P60,P61.0,D68.33,D68.34,D68.35,D68.8,D69.80,D69.88||140000.0|150000.0|U|IV|Rec|||88744.35
ZE-2026-33.51|V15.3|A|B02BD02|1||D65.0,D65.1,D65.2,D66,D67,D68.00,D68.01,D68.09,D68.1,D68.20,D68.21,D68.22,D68.23,D68.24,D68.25,D68.26,D68.28,D68.31,D68.32,D68.38,D68.4,D68.5,D69.1,D69.3,D69.40,D69.41,D69.52,D69.53,D69.57,D69.58,D82.0,M31.1,P53,P60,P61.0,D68.33,D68.34,D68.35,D68.8,D69.80,D69.88||150000.0|160000.0|U|IV|Rec|||94864.65
ZE-2026-33.52|V15.3|A|B02BD02|1||D65.0,D65.1,D65.2,D66,D67,D68.00,D68.01,D68.09,D68.1,D68.20,D68.21,D68.22,D68.23,D68.24,D68.25,D68.26,D68.28,D68.31,D68.32,D68.38,D68.4,D68.5,D69.1,D69.3,D69.40,D69.41,D69.52,D69.53,D69.57,D69.58,D82.0,M31.1,P53,P60,P61.0,D68.33,D68.34,D68.35,D68.8,D69.80,D69.88||160000.0|170000.0|U|IV|Rec|||100984.95
ZE-2026-33.53|V15.3|A|B02BD02|1||D65.0,D65.1,D65.2,D66,D67,D68.00,D68.01,D68.09,D68.1,D68.20,D68.21,D68.22,D68.23,D68.24,D68.25,D68.26,D68.28,D68.31,D68.32,D68.38,D68.4,D68.5,D69.1,D69.3,D69.40,D69.41,D69.52,D69.53,D69.57,D69.58,D82.0,M31.1,P53,P60,P61.0,D68.33,D68.34,D68.35,D68.8,D69.80,D69.88||170000.0|190000.0|U|IV|Rec|||110165.4
ZE-2026-33.55|V15.3|A|B02BD02|1||D65.0,D65.1,D65.2,D66,D67,D68.00,D68.01,D68.09,D68.1,D68.20,D68.21,D68.22,D68.23,D68.24,D68.25,D68.26,D68.28,D68.31,D68.32,D68.38,D68.4,D68.5,D69.1,D69.3,D69.40,D69.41,D69.52,D69.53,D69.57,D69.58,D82.0,M31.1,P53,P60,P61.0,D68.33,D68.34,D68.35,D68.8,D69.80,D69.88||190000.0|210000.0|U|IV|Rec|||122406.0
ZE-2026-33.56|V15.3|A|B02BD02|1||D65.0,D65.1,D65.2,D66,D67,D68.00,D68.01,D68.09,D68.1,D68.20,D68.21,D68.22,D68.23,D68.24,D68.25,D68.26,D68.28,D68.31,D68.32,D68.38,D68.4,D68.5,D69.1,D69.3,D69.40,D69.41,D69.52,D69.53,D69.57,D69.58,D82.0,M31.1,P53,P60,P61.0,D68.33,D68.34,D68.35,D68.8,D69.80,D69.88||210000.0|230000.0|U|IV|Rec|||134646.6
ZE-2026-33.57|V15.3|A|B02BD02|1||D65.0,D65.1,D65.2,D66,D67,D68.00,D68.01,D68.09,D68.1,D68.20,D68.21,D68.22,D68.23,D68.24,D68.25,D68.26,D68.28,D68.31,D68.32,D68.38,D68.4,D68.5,D69.1,D69.3,D69.40,D69.41,D69.52,D69.53,D69.57,D69.58,D82.0,M31.1,P53,P60,P61.0,D68.33,D68.34,D68.35,D68.8,D69.80,D69.88||230000.0|260000.0|U|IV|Rec|||149947.35
ZE-2026-33.58|V15.3|A|B02BD02|1||D65.0,D65.1,D65.2,D66,D67,D68.00,D68.01,D68.09,D68.1,D68.20,D68.21,D68.22,D68.23,D68.24,D68.25,D68.26,D68.28,D68.31,D68.32,D68.38,D68.4,D68.5,D69.1,D69.3,D69.40,D69.41,D69.52,D69.53,D69.57,D69.58,D82.0,M31.1,P53,P60,P61.0,D68.33,D68.34,D68.35,D68.8,D69.80,D69.88||260000.0|290000.0|U|IV|Rec|||168308.25
ZE-2026-33.59|V15.3|A|B02BD02|1||D65.0,D65.1,D65.2,D66,D67,D68.00,D68.01,D68.09,D68.1,D68.20,D68.21,D68.22,D68.23,D68.24,D68.25,D68.26,D68.28,D68.31,D68.32,D68.38,D68.4,D68.5,D69.1,D69.3,D69.40,D69.41,D69.52,D69.53,D69.57,D69.58,D82.0,M31.1,P53,P60,P61.0,D68.33,D68.34,D68.35,D68.8,D69.80,D69.88||290000.0|320000.0|U|IV|Rec|||186669.15
ZE-2026-33.60|V15.3|A|B02BD02|1||D65.0,D65.1,D65.2,D66,D67,D68.00,D68.01,D68.09,D68.1,D68.20,D68.21,D68.22,D68.23,D68.24,D68.25,D68.26,D68.28,D68.31,D68.32,D68.38,D68.4,D68.5,D69.1,D69.3,D69.40,D69.41,D69.52,D69.53,D69.57,D69.58,D82.0,M31.1,P53,P60,P61.0,D68.33,D68.34,D68.35,D68.8,D69.80,D69.88||320000.0|350000.0|U|IV|Rec|||205030.05
ZE-2026-33.61|V15.3|A|B02BD02|1||D65.0,D65.1,D65.2,D66,D67,D68.00,D68.01,D68.09,D68.1,D68.20,D68.21,D68.22,D68.23,D68.24,D68.25,D68.26,D68.28,D68.31,D68.32,D68.38,D68.4,D68.5,D69.1,D69.3,D69.40,D69.41,D69.52,D69.53,D69.57,D69.58,D82.0,M31.1,P53,P60,P61.0,D68.33,D68.34,D68.35,D68.8,D69.80,D69.88||350000.0|390000.0|U|IV|Rec|||226451.1
ZE-2026-33.62|V15.3|A|B02BD02|1||D65.0,D65.1,D65.2,D66,D67,D68.00,D68.01,D68.09,D68.1,D68.20,D68.21,D68.22,D68.23,D68.24,D68.25,D68.26,D68.28,D68.31,D68.32,D68.38,D68.4,D68.5,D69.1,D69.3,D69.40,D69.41,D69.52,D69.53,D69.57,D69.58,D82.0,M31.1,P53,P60,P61.0,D68.33,D68.34,D68.35,D68.8,D69.80,D69.88||390000.0||U|IV|Rec|||250932.3
ZE-2026-34.01|V15.3|A|B02BD03|1||D65.0,D65.1,D65.2,D66,D67,D68.00,D68.01,D68.09,D68.1,D68.20,D68.21,D68.22,D68.23,D68.24,D68.25,D68.26,D68.28,D68.31,D68.32,D68.38,D68.4,D68.5,D69.1,D69.3,D69.40,D69.41,D69.52,D69.53,D69.57,D69.58,D82.0,M31.1,P53,P60,P61.0,D68.33,D68.34,D68.35,D68.8,D69.80,D69.88||1500.0|5000.0|U|IV||||4615.88
ZE-2026-34.02|V15.3|A|B02BD03|1||D65.0,D65.1,D65.2,D66,D67,D68.00,D68.01,D68.09,D68.1,D68.20,D68.21,D68.22,D68.23,D68.24,D68.25,D68.26,D68.28,D68.31,D68.32,D68.38,D68.4,D68.5,D69.1,D69.3,D69.40,D69.41,D69.52,D69.53,D69.57,D69.58,D82.0,M31.1,P53,P60,P61.0,D68.33,D68.34,D68.35,D68.8,D69.80,D69.88||5000.0|10000.0|U|IV||||10652.03
ZE-2026-34.03|V15.3|A|B02BD03|1||D65.0,D65.1,D65.2,D66,D67,D68.00,D68.01,D68.09,D68.1,D68.20,D68.21,D68.22,D68.23,D68.24,D68.25,D68.26,D68.28,D68.31,D68.32,D68.38,D68.4,D68.5,D69.1,D69.3,D69.40,D69.41,D69.52,D69.53,D69.57,D69.58,D82.0,M31.1,P53,P60,P61.0,D68.33,D68.34,D68.35,D68.8,D69.80,D69.88||10000.0|15000.0|U|IV||||17753.38
ZE-2026-34.04|V15.3|A|B02BD03|1||D65.0,D65.1,D65.2,D66,D67,D68.00,D68.01,D68.09,D68.1,D68.20,D68.21,D68.22,D68.23,D68.24,D68.25,D68.26,D68.28,D68.31,D68.32,D68.38,D68.4,D68.5,D69.1,D69.3,D69.40,D69.41,D69.52,D69.53,D69.57,D69.58,D82.0,M31.1,P53,P60,P61.0,D68.33,D68.34,D68.35,D68.8,D69.80,D69.88||15000.0|20000.0|U|IV||||24854.73
ZE-2026-34.05|V15.3|A|B02BD03|1||D65.0,D65.1,D65.2,D66,D67,D68.00,D68.01,D68.09,D68.1,D68.20,D68.21,D68.22,D68.23,D68.24,D68.25,D68.26,D68.28,D68.31,D68.32,D68.38,D68.4,D68.5,D69.1,D69.3,D69.40,D69.41,D69.52,D69.53,D69.57,D69.58,D82.0,M31.1,P53,P60,P61.0,D68.33,D68.34,D68.35,D68.8,D69.80,D69.88||20000.0|25000.0|U|IV||||31956.08
ZE-2026-34.06|V15.3|A|B02BD03|1||D65.0,D65.1,D65.2,D66,D67,D68.00,D68.01,D68.09,D68.1,D68.20,D68.21,D68.22,D68.23,D68.24,D68.25,D68.26,D68.28,D68.31,D68.32,D68.38,D68.4,D68.5,D69.1,D69.3,D69.40,D69.41,D69.52,D69.53,D69.57,D69.58,D82.0,M31.1,P53,P60,P61.0,D68.33,D68.34,D68.35,D68.8,D69.80,D69.88||25000.0|30000.0|U|IV||||39057.43
ZE-2026-34.07|V15.3|A|B02BD03|1||D65.0,D65.1,D65.2,D66,D67,D68.00,D68.01,D68.09,D68.1,D68.20,D68.21,D68.22,D68.23,D68.24,D68.25,D68.26,D68.28,D68.31,D68.32,D68.38,D68.4,D68.5,D69.1,D69.3,D69.40,D69.41,D69.52,D69.53,D69.57,D69.58,D82.0,M31.1,P53,P60,P61.0,D68.33,D68.34,D68.35,D68.8,D69.80,D69.88||30000.0|35000.0|U|IV||||46158.78
ZE-2026-34.08|V15.3|A|B02BD03|1||D65.0,D65.1,D65.2,D66,D67,D68.00,D68.01,D68.09,D68.1,D68.20,D68.21,D68.22,D68.23,D68.24,D68.25,D68.26,D68.28,D68.31,D68.32,D68.38,D68.4,D68.5,D69.1,D69.3,D69.40,D69.41,D69.52,D69.53,D69.57,D69.58,D82.0,M31.1,P53,P60,P61.0,D68.33,D68.34,D68.35,D68.8,D69.80,D69.88||35000.0|40000.0|U|IV||||53260.13
ZE-2026-34.09|V15.3|A|B02BD03|1||D65.0,D65.1,D65.2,D66,D67,D68.00,D68.01,D68.09,D68.1,D68.20,D68.21,D68.22,D68.23,D68.24,D68.25,D68.26,D68.28,D68.31,D68.32,D68.38,D68.4,D68.5,D69.1,D69.3,D69.40,D69.41,D69.52,D69.53,D69.57,D69.58,D82.0,M31.1,P53,P60,P61.0,D68.33,D68.34,D68.35,D68.8,D69.80,D69.88||40000.0|45000.0|U|IV||||60361.48
ZE-2026-34.10|V15.3|A|B02BD03|1||D65.0,D65.1,D65.2,D66,D67,D68.00,D68.01,D68.09,D68.1,D68.20,D68.21,D68.22,D68.23,D68.24,D68.25,D68.26,D68.28,D68.31,D68.32,D68.38,D68.4,D68.5,D69.1,D69.3,D69.40,D69.41,D69.52,D69.53,D69.57,D69.58,D82.0,M31.1,P53,P60,P61.0,D68.33,D68.34,D68.35,D68.8,D69.80,D69.88||45000.0|50000.0|U|IV||||67462.83
ZE-2026-34.11|V15.3|A|B02BD03|1||D65.0,D65.1,D65.2,D66,D67,D68.00,D68.01,D68.09,D68.1,D68.20,D68.21,D68.22,D68.23,D68.24,D68.25,D68.26,D68.28,D68.31,D68.32,D68.38,D68.4,D68.5,D69.1,D69.3,D69.40,D69.41,D69.52,D69.53,D69.57,D69.58,D82.0,M31.1,P53,P60,P61.0,D68.33,D68.34,D68.35,D68.8,D69.80,D69.88||50000.0|55000.0|U|IV||||74564.18
ZE-2026-34.12|V15.3|A|B02BD03|1||D65.0,D65.1,D65.2,D66,D67,D68.00,D68.01,D68.09,D68.1,D68.20,D68.21,D68.22,D68.23,D68.24,D68.25,D68.26,D68.28,D68.31,D68.32,D68.38,D68.4,D68.5,D69.1,D69.3,D69.40,D69.41,D69.52,D69.53,D69.57,D69.58,D82.0,M31.1,P53,P60,P61.0,D68.33,D68.34,D68.35,D68.8,D69.80,D69.88||55000.0|60000.0|U|IV||||81665.53
ZE-2026-34.13|V15.3|A|B02BD03|1||D65.0,D65.1,D65.2,D66,D67,D68.00,D68.01,D68.09,D68.1,D68.20,D68.21,D68.22,D68.23,D68.24,D68.25,D68.26,D68.28,D68.31,D68.32,D68.38,D68.4,D68.5,D69.1,D69.3,D69.40,D69.41,D69.52,D69.53,D69.57,D69.58,D82.0,M31.1,P53,P60,P61.0,D68.33,D68.34,D68.35,D68.8,D69.80,D69.88||60000.0|65000.0|U|IV||||88766.88
ZE-2026-34.14|V15.3|A|B02BD03|1||D65.0,D65.1,D65.2,D66,D67,D68.00,D68.01,D68.09,D68.1,D68.20,D68.21,D68.22,D68.23,D68.24,D68.25,D68.26,D68.28,D68.31,D68.32,D68.38,D68.4,D68.5,D69.1,D69.3,D69.40,D69.41,D69.52,D69.53,D69.57,D69.58,D82.0,M31.1,P53,P60,P61.0,D68.33,D68.34,D68.35,D68.8,D69.80,D69.88||65000.0|70000.0|U|IV||||95868.23
ZE-2026-34.15|V15.3|A|B02BD03|1||D65.0,D65.1,D65.2,D66,D67,D68.00,D68.01,D68.09,D68.1,D68.20,D68.21,D68.22,D68.23,D68.24,D68.25,D68.26,D68.28,D68.31,D68.32,D68.38,D68.4,D68.5,D69.1,D69.3,D69.40,D69.41,D69.52,D69.53,D69.57,D69.58,D82.0,M31.1,P53,P60,P61.0,D68.33,D68.34,D68.35,D68.8,D69.80,D69.88||70000.0|75000.0|U|IV||||102969.58
ZE-2026-34.16|V15.3|A|B02BD03|1||D65.0,D65.1,D65.2,D66,D67,D68.00,D68.01,D68.09,D68.1,D68.20,D68.21,D68.22,D68.23,D68.24,D68.25,D68.26,D68.28,D68.31,D68.32,D68.38,D68.4,D68.5,D69.1,D69.3,D69.40,D69.41,D69.52,D69.53,D69.57,D69.58,D82.0,M31.1,P53,P60,P61.0,D68.33,D68.34,D68.35,D68.8,D69.80,D69.88||75000.0|80000.0|U|IV||||110070.93
ZE-2026-34.17|V15.3|A|B02BD03|1||D65.0,D65.1,D65.2,D66,D67,D68.00,D68.01,D68.09,D68.1,D68.20,D68.21,D68.22,D68.23,D68.24,D68.25,D68.26,D68.28,D68.31,D68.32,D68.38,D68.4,D68.5,D69.1,D69.3,D69.40,D69.41,D69.52,D69.53,D69.57,D69.58,D82.0,M31.1,P53,P60,P61.0,D68.33,D68.34,D68.35,D68.8,D69.80,D69.88||80000.0|85000.0|U|IV||||117172.28
ZE-2026-34.18|V15.3|A|B02BD03|1||D65.0,D65.1,D65.2,D66,D67,D68.00,D68.01,D68.09,D68.1,D68.20,D68.21,D68.22,D68.23,D68.24,D68.25,D68.26,D68.28,D68.31,D68.32,D68.38,D68.4,D68.5,D69.1,D69.3,D69.40,D69.41,D69.52,D69.53,D69.57,D69.58,D82.0,M31.1,P53,P60,P61.0,D68.33,D68.34,D68.35,D68.8,D69.80,D69.88||85000.0|90000.0|U|IV||||124273.63
ZE-2026-34.19|V15.3|A|B02BD03|1||D65.0,D65.1,D65.2,D66,D67,D68.00,D68.01,D68.09,D68.1,D68.20,D68.21,D68.22,D68.23,D68.24,D68.25,D68.26,D68.28,D68.31,D68.32,D68.38,D68.4,D68.5,D69.1,D69.3,D69.40,D69.41,D69.52,D69.53,D69.57,D69.58,D82.0,M31.1,P53,P60,P61.0,D68.33,D68.34,D68.35,D68.8,D69.80,D69.88||90000.0|95000.0|U|IV||||131374.98
ZE-2026-34.20|V15.3|A|B02BD03|1||D65.0,D65.1,D65.2,D66,D67,D68.00,D68.01,D68.09,D68.1,D68.20,D68.21,D68.22,D68.23,D68.24,D68.25,D68.26,D68.28,D68.31,D68.32,D68.38,D68.4,D68.5,D69.1,D69.3,D69.40,D69.41,D69.52,D69.53,D69.57,D69.58,D82.0,M31.1,P53,P60,P61.0,D68.33,D68.34,D68.35,D68.8,D69.80,D69.88||95000.0|100000.0|U|IV||||138476.33
ZE-2026-34.21|V15.3|A|B02BD03|1||D65.0,D65.1,D65.2,D66,D67,D68.00,D68.01,D68.09,D68.1,D68.20,D68.21,D68.22,D68.23,D68.24,D68.25,D68.26,D68.28,D68.31,D68.32,D68.38,D68.4,D68.5,D69.1,D69.3,D69.40,D69.41,D69.52,D69.53,D69.57,D69.58,D82.0,M31.1,P53,P60,P61.0,D68.33,D68.34,D68.35,D68.8,D69.80,D69.88||100000.0|105000.0|U|IV||||145577.68
ZE-2026-34.22|V15.3|A|B02BD03|1||D65.0,D65.1,D65.2,D66,D67,D68.00,D68.01,D68.09,D68.1,D68.20,D68.21,D68.22,D68.23,D68.24,D68.25,D68.26,D68.28,D68.31,D68.32,D68.38,D68.4,D68.5,D69.1,D69.3,D69.40,D69.41,D69.52,D69.53,D69.57,D69.58,D82.0,M31.1,P53,P60,P61.0,D68.33,D68.34,D68.35,D68.8,D69.80,D69.88||105000.0|110000.0|U|IV||||152679.03
ZE-2026-34.23|V15.3|A|B02BD03|1||D65.0,D65.1,D65.2,D66,D67,D68.00,D68.01,D68.09,D68.1,D68.20,D68.21,D68.22,D68.23,D68.24,D68.25,D68.26,D68.28,D68.31,D68.32,D68.38,D68.4,D68.5,D69.1,D69.3,D69.40,D69.41,D69.52,D69.53,D69.57,D69.58,D82.0,M31.1,P53,P60,P61.0,D68.33,D68.34,D68.35,D68.8,D69.80,D69.88||110000.0|115000.0|U|IV||||159780.38
ZE-2026-34.24|V15.3|A|B02BD03|1||D65.0,D65.1,D65.2,D66,D67,D68.00,D68.01,D68.09,D68.1,D68.20,D68.21,D68.22,D68.23,D68.24,D68.25,D68.26,D68.28,D68.31,D68.32,D68.38,D68.4,D68.5,D69.1,D69.3,D69.40,D69.41,D69.52,D69.53,D69.57,D69.58,D82.0,M31.1,P53,P60,P61.0,D68.33,D68.34,D68.35,D68.8,D69.80,D69.88||115000.0|120000.0|U|IV||||166881.73
ZE-2026-34.25|V15.3|A|B02BD03|1||D65.0,D65.1,D65.2,D66,D67,D68.00,D68.01,D68.09,D68.1,D68.20,D68.21,D68.22,D68.23,D68.24,D68.25,D68.26,D68.28,D68.31,D68.32,D68.38,D68.4,D68.5,D69.1,D69.3,D69.40,D69.41,D69.52,D69.53,D69.57,D69.58,D82.0,M31.1,P53,P60,P61.0,D68.33,D68.34,D68.35,D68.8,D69.80,D69.88||120000.0|125000.0|U|IV||||173983.08
ZE-2026-34.26|V15.3|A|B02BD03|1||D65.0,D65.1,D65.2,D66,D67,D68.00,D68.01,D68.09,D68.1,D68.20,D68.21,D68.22,D68.23,D68.24,D68.25,D68.26,D68.28,D68.31,D68.32,D68.38,D68.4,D68.5,D69.1,D69.3,D69.40,D69.41,D69.52,D69.53,D69.57,D69.58,D82.0,M31.1,P53,P60,P61.0,D68.33,D68.34,D68.35,D68.8,D69.80,D69.88||125000.0|130000.0|U|IV||||181084.43
ZE-2026-34.28|V15.3|A|B02BD03|1||D65.0,D65.1,D65.2,D66,D67,D68.00,D68.01,D68.09,D68.1,D68.20,D68.21,D68.22,D68.23,D68.24,D68.25,D68.26,D68.28,D68.31,D68.32,D68.38,D68.4,D68.5,D69.1,D69.3,D69.40,D69.41,D69.52,D69.53,D69.57,D69.58,D82.0,M31.1,P53,P60,P61.0,D68.33,D68.34,D68.35,D68.8,D69.80,D69.88||130000.0|135000.0|U|IV||||188185.78
ZE-2026-34.29|V15.3|A|B02BD03|1||D65.0,D65.1,D65.2,D66,D67,D68.00,D68.01,D68.09,D68.1,D68.20,D68.21,D68.22,D68.23,D68.24,D68.25,D68.26,D68.28,D68.31,D68.32,D68.38,D68.4,D68.5,D69.1,D69.3,D69.40,D69.41,D69.52,D69.53,D69.57,D69.58,D82.0,M31.1,P53,P60,P61.0,D68.33,D68.34,D68.35,D68.8,D69.80,D69.88||135000.0|140000.0|U|IV||||195287.13
ZE-2026-34.30|V15.3|A|B02BD03|1||D65.0,D65.1,D65.2,D66,D67,D68.00,D68.01,D68.09,D68.1,D68.20,D68.21,D68.22,D68.23,D68.24,D68.25,D68.26,D68.28,D68.31,D68.32,D68.38,D68.4,D68.5,D69.1,D69.3,D69.40,D69.41,D69.52,D69.53,D69.57,D69.58,D82.0,M31.1,P53,P60,P61.0,D68.33,D68.34,D68.35,D68.8,D69.80,D69.88||140000.0|150000.0|U|IV||||205939.15
ZE-2026-34.31|V15.3|A|B02BD03|1||D65.0,D65.1,D65.2,D66,D67,D68.00,D68.01,D68.09,D68.1,D68.20,D68.21,D68.22,D68.23,D68.24,D68.25,D68.26,D68.28,D68.31,D68.32,D68.38,D68.4,D68.5,D69.1,D69.3,D69.40,D69.41,D69.52,D69.53,D69.57,D69.58,D82.0,M31.1,P53,P60,P61.0,D68.33,D68.34,D68.35,D68.8,D69.80,D69.88||150000.0|160000.0|U|IV||||220141.85
ZE-2026-34.32|V15.3|A|B02BD03|1||D65.0,D65.1,D65.2,D66,D67,D68.00,D68.01,D68.09,D68.1,D68.20,D68.21,D68.22,D68.23,D68.24,D68.25,D68.26,D68.28,D68.31,D68.32,D68.38,D68.4,D68.5,D69.1,D69.3,D69.40,D69.41,D69.52,D69.53,D69.57,D69.58,D82.0,M31.1,P53,P60,P61.0,D68.33,D68.34,D68.35,D68.8,D69.80,D69.88||160000.0|170000.0|U|IV||||234344.55
ZE-2026-34.33|V15.3|A|B02BD03|1||D65.0,D65.1,D65.2,D66,D67,D68.00,D68.01,D68.09,D68.1,D68.20,D68.21,D68.22,D68.23,D68.24,D68.25,D68.26,D68.28,D68.31,D68.32,D68.38,D68.4,D68.5,D69.1,D69.3,D69.40,D69.41,D69.52,D69.53,D69.57,D69.58,D82.0,M31.1,P53,P60,P61.0,D68.33,D68.34,D68.35,D68.8,D69.80,D69.88||170000.0|180000.0|U|IV||||248547.25
ZE-2026-34.34|V15.3|A|B02BD03|1||D65.0,D65.1,D65.2,D66,D67,D68.00,D68.01,D68.09,D68.1,D68.20,D68.21,D68.22,D68.23,D68.24,D68.25,D68.26,D68.28,D68.31,D68.32,D68.38,D68.4,D68.5,D69.1,D69.3,D69.40,D69.41,D69.52,D69.53,D69.57,D69.58,D82.0,M31.1,P53,P60,P61.0,D68.33,D68.34,D68.35,D68.8,D69.80,D69.88||180000.0|190000.0|U|IV||||262749.95
ZE-2026-34.35|V15.3|A|B02BD03|1||D65.0,D65.1,D65.2,D66,D67,D68.00,D68.01,D68.09,D68.1,D68.20,D68.21,D68.22,D68.23,D68.24,D68.25,D68.26,D68.28,D68.31,D68.32,D68.38,D68.4,D68.5,D69.1,D69.3,D69.40,D69.41,D69.52,D69.53,D69.57,D69.58,D82.0,M31.1,P53,P60,P61.0,D68.33,D68.34,D68.35,D68.8,D69.80,D69.88||190000.0|200000.0|U|IV||||276952.65
ZE-2026-34.36|V15.3|A|B02BD03|1||D65.0,D65.1,D65.2,D66,D67,D68.00,D68.01,D68.09,D68.1,D68.20,D68.21,D68.22,D68.23,D68.24,D68.25,D68.26,D68.28,D68.31,D68.32,D68.38,D68.4,D68.5,D69.1,D69.3,D69.40,D69.41,D69.52,D69.53,D69.57,D69.58,D82.0,M31.1,P53,P60,P61.0,D68.33,D68.34,D68.35,D68.8,D69.80,D69.88||200000.0|220000.0|U|IV||||298256.7
ZE-2026-34.37|V15.3|A|B02BD03|1||D65.0,D65.1,D65.2,D66,D67,D68.00,D68.01,D68.09,D68.1,D68.20,D68.21,D68.22,D68.23,D68.24,D68.25,D68.26,D68.28,D68.31,D68.32,D68.38,D68.4,D68.5,D69.1,D69.3,D69.40,D69.41,D69.52,D69.53,D69.57,D69.58,D82.0,M31.1,P53,P60,P61.0,D68.33,D68.34,D68.35,D68.8,D69.80,D69.88||220000.0|240000.0|U|IV||||326662.1
ZE-2026-34.38|V15.3|A|B02BD03|1||D65.0,D65.1,D65.2,D66,D67,D68.00,D68.01,D68.09,D68.1,D68.20,D68.21,D68.22,D68.23,D68.24,D68.25,D68.26,D68.28,D68.31,D68.32,D68.38,D68.4,D68.5,D69.1,D69.3,D69.40,D69.41,D69.52,D69.53,D69.57,D69.58,D82.0,M31.1,P53,P60,P61.0,D68.33,D68.34,D68.35,D68.8,D69.80,D69.88||240000.0|260000.0|U|IV||||355067.5
ZE-2026-34.39|V15.3|A|B02BD03|1||D65.0,D65.1,D65.2,D66,D67,D68.00,D68.01,D68.09,D68.1,D68.20,D68.21,D68.22,D68.23,D68.24,D68.25,D68.26,D68.28,D68.31,D68.32,D68.38,D68.4,D68.5,D69.1,D69.3,D69.40,D69.41,D69.52,D69.53,D69.57,D69.58,D82.0,M31.1,P53,P60,P61.0,D68.33,D68.34,D68.35,D68.8,D69.80,D69.88||260000.0|280000.0|U|IV||||383472.9
ZE-2026-34.40|V15.3|A|B02BD03|1||D65.0,D65.1,D65.2,D66,D67,D68.00,D68.01,D68.09,D68.1,D68.20,D68.21,D68.22,D68.23,D68.24,D68.25,D68.26,D68.28,D68.31,D68.32,D68.38,D68.4,D68.5,D69.1,D69.3,D69.40,D69.41,D69.52,D69.53,D69.57,D69.58,D82.0,M31.1,P53,P60,P61.0,D68.33,D68.34,D68.35,D68.8,D69.80,D69.88||280000.0|300000.0|U|IV||||411878.3
ZE-2026-34.41|V15.3|A|B02BD03|1||D65.0,D65.1,D65.2,D66,D67,D68.00,D68.01,D68.09,D68.1,D68.20,D68.21,D68.22,D68.23,D68.24,D68.25,D68.26,D68.28,D68.31,D68.32,D68.38,D68.4,D68.5,D69.1,D69.3,D69.40,D69.41,D69.52,D69.53,D69.57,D69.58,D82.0,M31.1,P53,P60,P61.0,D68.33,D68.34,D68.35,D68.8,D69.80,D69.88||300000.0|320000.0|U|IV||||440283.7
ZE-2026-34.42|V15.3|A|B02BD03|1||D65.0,D65.1,D65.2,D66,D67,D68.00,D68.01,D68.09,D68.1,D68.20,D68.21,D68.22,D68.23,D68.24,D68.25,D68.26,D68.28,D68.31,D68.32,D68.38,D68.4,D68.5,D69.1,D69.3,D69.40,D69.41,D69.52,D69.53,D69.57,D69.58,D82.0,M31.1,P53,P60,P61.0,D68.33,D68.34,D68.35,D68.8,D69.80,D69.88||320000.0|340000.0|U|IV||||468689.1
ZE-2026-34.43|V15.3|A|B02BD03|1||D65.0,D65.1,D65.2,D66,D67,D68.00,D68.01,D68.09,D68.1,D68.20,D68.21,D68.22,D68.23,D68.24,D68.25,D68.26,D68.28,D68.31,D68.32,D68.38,D68.4,D68.5,D69.1,D69.3,D69.40,D69.41,D69.52,D69.53,D69.57,D69.58,D82.0,M31.1,P53,P60,P61.0,D68.33,D68.34,D68.35,D68.8,D69.80,D69.88||340000.0|360000.0|U|IV||||497094.5
ZE-2026-34.44|V15.3|A|B02BD03|1||D65.0,D65.1,D65.2,D66,D67,D68.00,D68.01,D68.09,D68.1,D68.20,D68.21,D68.22,D68.23,D68.24,D68.25,D68.26,D68.28,D68.31,D68.32,D68.38,D68.4,D68.5,D69.1,D69.3,D69.40,D69.41,D69.52,D69.53,D69.57,D69.58,D82.0,M31.1,P53,P60,P61.0,D68.33,D68.34,D68.35,D68.8,D69.80,D69.88||360000.0||U|IV||||525499.9
ZE-2026-35.28|V15.3|A|B02BD04|1||D65.0,D65.1,D65.2,D66,D67,D68.00,D68.01,D68.09,D68.1,D68.20,D68.21,D68.22,D68.23,D68.24,D68.25,D68.26,D68.28,D68.31,D68.32,D68.38,D68.4,D68.5,D69.1,D69.3,D69.40,D69.41,D69.52,D69.53,D69.57,D69.58,D82.0,M31.1,P53,P60,P61.0,D68.33,D68.34,D68.35,D68.8,D69.80,D69.88||400.0|900.0|U|IV|CBB||16|391.15
ZE-2026-35.29|V15.3|A|B02BD04|1||D65.0,D65.1,D65.2,D66,D67,D68.00,D68.01,D68.09,D68.1,D68.20,D68.21,D68.22,D68.23,D68.24,D68.25,D68.26,D68.28,D68.31,D68.32,D68.38,D68.4,D68.5,D69.1,D69.3,D69.40,D69.41,D69.52,D69.53,D69.57,D69.58,D82.0,M31.1,P53,P60,P61.0,D68.33,D68.34,D68.35,D68.8,D69.80,D69.88||900.0|1500.0|U|IV|CBB|||722.12
ZE-2026-35.30|V15.3|A|B02BD04|1||D65.0,D65.1,D65.2,D66,D67,D68.00,D68.01,D68.09,D68.1,D68.20,D68.21,D68.22,D68.23,D68.24,D68.25,D68.26,D68.28,D68.31,D68.32,D68.38,D68.4,D68.5,D69.1,D69.3,D69.40,D69.41,D69.52,D69.53,D69.57,D69.58,D82.0,M31.1,P53,P60,P61.0,D68.33,D68.34,D68.35,D68.8,D69.80,D69.88||1500.0|5000.0|U|IV|CBB|||1955.75
ZE-2026-35.31|V15.3|A|B02BD04|1||D65.0,D65.1,D65.2,D66,D67,D68.00,D68.01,D68.09,D68.1,D68.20,D68.21,D68.22,D68.23,D68.24,D68.25,D68.26,D68.28,D68.31,D68.32,D68.38,D68.4,D68.5,D69.1,D69.3,D69.40,D69.41,D69.52,D69.53,D69.57,D69.58,D82.0,M31.1,P53,P60,P61.0,D68.33,D68.34,D68.35,D68.8,D69.80,D69.88||5000.0|10000.0|U|IV|CBB|||4513.28
ZE-2026-35.32|V15.3|A|B02BD04|1||D65.0,D65.1,D65.2,D66,D67,D68.00,D68.01,D68.09,D68.1,D68.20,D68.21,D68.22,D68.23,D68.24,D68.25,D68.26,D68.28,D68.31,D68.32,D68.38,D68.4,D68.5,D69.1,D69.3,D69.40,D69.41,D69.52,D69.53,D69.57,D69.58,D82.0,M31.1,P53,P60,P61.0,D68.33,D68.34,D68.35,D68.8,D69.80,D69.88||10000.0|15000.0|U|IV|CBB|||7522.13
ZE-2026-35.33|V15.3|A|B02BD04|1||D65.0,D65.1,D65.2,D66,D67,D68.00,D68.01,D68.09,D68.1,D68.20,D68.21,D68.22,D68.23,D68.24,D68.25,D68.26,D68.28,D68.31,D68.32,D68.38,D68.4,D68.5,D69.1,D69.3,D69.40,D69.41,D69.52,D69.53,D69.57,D69.58,D82.0,M31.1,P53,P60,P61.0,D68.33,D68.34,D68.35,D68.8,D69.80,D69.88||15000.0|20000.0|U|IV|CBB|||10530.98
ZE-2026-35.34|V15.3|A|B02BD04|1||D65.0,D65.1,D65.2,D66,D67,D68.00,D68.01,D68.09,D68.1,D68.20,D68.21,D68.22,D68.23,D68.24,D68.25,D68.26,D68.28,D68.31,D68.32,D68.38,D68.4,D68.5,D69.1,D69.3,D69.40,D69.41,D69.52,D69.53,D69.57,D69.58,D82.0,M31.1,P53,P60,P61.0,D68.33,D68.34,D68.35,D68.8,D69.80,D69.88||20000.0|25000.0|U|IV|CBB|||13539.83
ZE-2026-35.35|V15.3|A|B02BD04|1||D65.0,D65.1,D65.2,D66,D67,D68.00,D68.01,D68.09,D68.1,D68.20,D68.21,D68.22,D68.23,D68.24,D68.25,D68.26,D68.28,D68.31,D68.32,D68.38,D68.4,D68.5,D69.1,D69.3,D69.40,D69.41,D69.52,D69.53,D69.57,D69.58,D82.0,M31.1,P53,P60,P61.0,D68.33,D68.34,D68.35,D68.8,D69.80,D69.88||25000.0|30000.0|U|IV|CBB|||16548.68
ZE-2026-35.36|V15.3|A|B02BD04|1||D65.0,D65.1,D65.2,D66,D67,D68.00,D68.01,D68.09,D68.1,D68.20,D68.21,D68.22,D68.23,D68.24,D68.25,D68.26,D68.28,D68.31,D68.32,D68.38,D68.4,D68.5,D69.1,D69.3,D69.40,D69.41,D69.52,D69.53,D69.57,D69.58,D82.0,M31.1,P53,P60,P61.0,D68.33,D68.34,D68.35,D68.8,D69.80,D69.88||30000.0|35000.0|U|IV|CBB|||19557.53
ZE-2026-35.37|V15.3|A|B02BD04|1||D65.0,D65.1,D65.2,D66,D67,D68.00,D68.01,D68.09,D68.1,D68.20,D68.21,D68.22,D68.23,D68.24,D68.25,D68.26,D68.28,D68.31,D68.32,D68.38,D68.4,D68.5,D69.1,D69.3,D69.40,D69.41,D69.52,D69.53,D69.57,D69.58,D82.0,M31.1,P53,P60,P61.0,D68.33,D68.34,D68.35,D68.8,D69.80,D69.88||35000.0|40000.0|U|IV|CBB|||22566.38
ZE-2026-35.38|V15.3|A|B02BD04|1||D65.0,D65.1,D65.2,D66,D67,D68.00,D68.01,D68.09,D68.1,D68.20,D68.21,D68.22,D68.23,D68.24,D68.25,D68.26,D68.28,D68.31,D68.32,D68.38,D68.4,D68.5,D69.1,D69.3,D69.40,D69.41,D69.52,D69.53,D69.57,D69.58,D82.0,M31.1,P53,P60,P61.0,D68.33,D68.34,D68.35,D68.8,D69.80,D69.88||40000.0|45000.0|U|IV|CBB|||25575.23
ZE-2026-35.39|V15.3|A|B02BD04|1||D65.0,D65.1,D65.2,D66,D67,D68.00,D68.01,D68.09,D68.1,D68.20,D68.21,D68.22,D68.23,D68.24,D68.25,D68.26,D68.28,D68.31,D68.32,D68.38,D68.4,D68.5,D69.1,D69.3,D69.40,D69.41,D69.52,D69.53,D69.57,D69.58,D82.0,M31.1,P53,P60,P61.0,D68.33,D68.34,D68.35,D68.8,D69.80,D69.88||45000.0|50000.0|U|IV|CBB|||28584.08
ZE-2026-35.40|V15.3|A|B02BD04|1||D65.0,D65.1,D65.2,D66,D67,D68.00,D68.01,D68.09,D68.1,D68.20,D68.21,D68.22,D68.23,D68.24,D68.25,D68.26,D68.28,D68.31,D68.32,D68.38,D68.4,D68.5,D69.1,D69.3,D69.40,D69.41,D69.52,D69.53,D69.57,D69.58,D82.0,M31.1,P53,P60,P61.0,D68.33,D68.34,D68.35,D68.8,D69.80,D69.88||50000.0|55000.0|U|IV|CBB|||31592.93
ZE-2026-35.41|V15.3|A|B02BD04|1||D65.0,D65.1,D65.2,D66,D67,D68.00,D68.01,D68.09,D68.1,D68.20,D68.21,D68.22,D68.23,D68.24,D68.25,D68.26,D68.28,D68.31,D68.32,D68.38,D68.4,D68.5,D69.1,D69.3,D69.40,D69.41,D69.52,D69.53,D69.57,D69.58,D82.0,M31.1,P53,P60,P61.0,D68.33,D68.34,D68.35,D68.8,D69.80,D69.88||55000.0|60000.0|U|IV|CBB|||34601.78
ZE-2026-35.42|V15.3|A|B02BD04|1||D65.0,D65.1,D65.2,D66,D67,D68.00,D68.01,D68.09,D68.1,D68.20,D68.21,D68.22,D68.23,D68.24,D68.25,D68.26,D68.28,D68.31,D68.32,D68.38,D68.4,D68.5,D69.1,D69.3,D69.40,D69.41,D69.52,D69.53,D69.57,D69.58,D82.0,M31.1,P53,P60,P61.0,D68.33,D68.34,D68.35,D68.8,D69.80,D69.88||60000.0|65000.0|U|IV|CBB|||37610.63
ZE-2026-35.43|V15.3|A|B02BD04|1||D65.0,D65.1,D65.2,D66,D67,D68.00,D68.01,D68.09,D68.1,D68.20,D68.21,D68.22,D68.23,D68.24,D68.25,D68.26,D68.28,D68.31,D68.32,D68.38,D68.4,D68.5,D69.1,D69.3,D69.40,D69.41,D69.52,D69.53,D69.57,D69.58,D82.0,M31.1,P53,P60,P61.0,D68.33,D68.34,D68.35,D68.8,D69.80,D69.88||65000.0|70000.0|U|IV|CBB|||40619.48
ZE-2026-35.44|V15.3|A|B02BD04|1||D65.0,D65.1,D65.2,D66,D67,D68.00,D68.01,D68.09,D68.1,D68.20,D68.21,D68.22,D68.23,D68.24,D68.25,D68.26,D68.28,D68.31,D68.32,D68.38,D68.4,D68.5,D69.1,D69.3,D69.40,D69.41,D69.52,D69.53,D69.57,D69.58,D82.0,M31.1,P53,P60,P61.0,D68.33,D68.34,D68.35,D68.8,D69.80,D69.88||70000.0|75000.0|U|IV|CBB|||43628.33
ZE-2026-35.45|V15.3|A|B02BD04|1||D65.0,D65.1,D65.2,D66,D67,D68.00,D68.01,D68.09,D68.1,D68.20,D68.21,D68.22,D68.23,D68.24,D68.25,D68.26,D68.28,D68.31,D68.32,D68.38,D68.4,D68.5,D69.1,D69.3,D69.40,D69.41,D69.52,D69.53,D69.57,D69.58,D82.0,M31.1,P53,P60,P61.0,D68.33,D68.34,D68.35,D68.8,D69.80,D69.88||75000.0|80000.0|U|IV|CBB|||46637.18
ZE-2026-35.46|V15.3|A|B02BD04|1||D65.0,D65.1,D65.2,D66,D67,D68.00,D68.01,D68.09,D68.1,D68.20,D68.21,D68.22,D68.23,D68.24,D68.25,D68.26,D68.28,D68.31,D68.32,D68.38,D68.4,D68.5,D69.1,D69.3,D69.40,D69.41,D69.52,D69.53,D69.57,D69.58,D82.0,M31.1,P53,P60,P61.0,D68.33,D68.34,D68.35,D68.8,D69.80,D69.88||80000.0|85000.0|U|IV|CBB|||49646.03
ZE-2026-35.47|V15.3|A|B02BD04|1||D65.0,D65.1,D65.2,D66,D67,D68.00,D68.01,D68.09,D68.1,D68.20,D68.21,D68.22,D68.23,D68.24,D68.25,D68.26,D68.28,D68.31,D68.32,D68.38,D68.4,D68.5,D69.1,D69.3,D69.40,D69.41,D69.52,D69.53,D69.57,D69.58,D82.0,M31.1,P53,P60,P61.0,D68.33,D68.34,D68.35,D68.8,D69.80,D69.88||85000.0|90000.0|U|IV|CBB|||52654.88
ZE-2026-35.48|V15.3|A|B02BD04|1||D65.0,D65.1,D65.2,D66,D67,D68.00,D68.01,D68.09,D68.1,D68.20,D68.21,D68.22,D68.23,D68.24,D68.25,D68.26,D68.28,D68.31,D68.32,D68.38,D68.4,D68.5,D69.1,D69.3,D69.40,D69.41,D69.52,D69.53,D69.57,D69.58,D82.0,M31.1,P53,P60,P61.0,D68.33,D68.34,D68.35,D68.8,D69.80,D69.88||90000.0|95000.0|U|IV|CBB|||55663.73
ZE-2026-35.49|V15.3|A|B02BD04|1||D65.0,D65.1,D65.2,D66,D67,D68.00,D68.01,D68.09,D68.1,D68.20,D68.21,D68.22,D68.23,D68.24,D68.25,D68.26,D68.28,D68.31,D68.32,D68.38,D68.4,D68.5,D69.1,D69.3,D69.40,D69.41,D69.52,D69.53,D69.57,D69.58,D82.0,M31.1,P53,P60,P61.0,D68.33,D68.34,D68.35,D68.8,D69.80,D69.88||95000.0|100000.0|U|IV|CBB|||58672.58
ZE-2026-35.50|V15.3|A|B02BD04|1||D65.0,D65.1,D65.2,D66,D67,D68.00,D68.01,D68.09,D68.1,D68.20,D68.21,D68.22,D68.23,D68.24,D68.25,D68.26,D68.28,D68.31,D68.32,D68.38,D68.4,D68.5,D69.1,D69.3,D69.40,D69.41,D69.52,D69.53,D69.57,D69.58,D82.0,M31.1,P53,P60,P61.0,D68.33,D68.34,D68.35,D68.8,D69.80,D69.88||100000.0|105000.0|U|IV|CBB|||61681.43
ZE-2026-35.51|V15.3|A|B02BD04|1||D65.0,D65.1,D65.2,D66,D67,D68.00,D68.01,D68.09,D68.1,D68.20,D68.21,D68.22,D68.23,D68.24,D68.25,D68.26,D68.28,D68.31,D68.32,D68.38,D68.4,D68.5,D69.1,D69.3,D69.40,D69.41,D69.52,D69.53,D69.57,D69.58,D82.0,M31.1,P53,P60,P61.0,D68.33,D68.34,D68.35,D68.8,D69.80,D69.88||105000.0|110000.0|U|IV|CBB|||64690.28
ZE-2026-35.52|V15.3|A|B02BD04|1||D65.0,D65.1,D65.2,D66,D67,D68.00,D68.01,D68.09,D68.1,D68.20,D68.21,D68.22,D68.23,D68.24,D68.25,D68.26,D68.28,D68.31,D68.32,D68.38,D68.4,D68.5,D69.1,D69.3,D69.40,D69.41,D69.52,D69.53,D69.57,D69.58,D82.0,M31.1,P53,P60,P61.0,D68.33,D68.34,D68.35,D68.8,D69.80,D69.88||110000.0|115000.0|U|IV|CBB|||67699.13
ZE-2026-35.53|V15.3|A|B02BD04|1||D65.0,D65.1,D65.2,D66,D67,D68.00,D68.01,D68.09,D68.1,D68.20,D68.21,D68.22,D68.23,D68.24,D68.25,D68.26,D68.28,D68.31,D68.32,D68.38,D68.4,D68.5,D69.1,D69.3,D69.40,D69.41,D69.52,D69.53,D69.57,D69.58,D82.0,M31.1,P53,P60,P61.0,D68.33,D68.34,D68.35,D68.8,D69.80,D69.88||115000.0|120000.0|U|IV|CBB|||70707.98
ZE-2026-35.54|V15.3|A|B02BD04|1||D65.0,D65.1,D65.2,D66,D67,D68.00,D68.01,D68.09,D68.1,D68.20,D68.21,D68.22,D68.23,D68.24,D68.25,D68.26,D68.28,D68.31,D68.32,D68.38,D68.4,D68.5,D69.1,D69.3,D69.40,D69.41,D69.52,D69.53,D69.57,D69.58,D82.0,M31.1,P53,P60,P61.0,D68.33,D68.34,D68.35,D68.8,D69.80,D69.88||120000.0|125000.0|U|IV|CBB|||73716.83
ZE-2026-35.55|V15.3|A|B02BD04|1||D65.0,D65.1,D65.2,D66,D67,D68.00,D68.01,D68.09,D68.1,D68.20,D68.21,D68.22,D68.23,D68.24,D68.25,D68.26,D68.28,D68.31,D68.32,D68.38,D68.4,D68.5,D69.1,D69.3,D69.40,D69.41,D69.52,D69.53,D69.57,D69.58,D82.0,M31.1,P53,P60,P61.0,D68.33,D68.34,D68.35,D68.8,D69.80,D69.88||125000.0|130000.0|U|IV|CBB|||76725.68
ZE-2026-35.56|V15.3|A|B02BD04|1||D65.0,D65.1,D65.2,D66,D67,D68.00,D68.01,D68.09,D68.1,D68.20,D68.21,D68.22,D68.23,D68.24,D68.25,D68.26,D68.28,D68.31,D68.32,D68.38,D68.4,D68.5,D69.1,D69.3,D69.40,D69.41,D69.52,D69.53,D69.57,D69.58,D82.0,M31.1,P53,P60,P61.0,D68.33,D68.34,D68.35,D68.8,D69.80,D69.88||130000.0||U|IV|CBB|||79734.53
ZE-2026-36.19|V15.3|A|B02BD05|1||D65.0,D65.1,D65.2,D66,D67,D68.00,D68.01,D68.09,D68.1,D68.20,D68.21,D68.22,D68.23,D68.24,D68.25,D68.26,D68.28,D68.31,D68.32,D68.38,D68.4,D68.5,D69.1,D69.3,D69.40,D69.41,D69.52,D69.53,D69.57,D69.58,D82.0,M31.1,P53,P60,P61.0,D68.33,D68.34,D68.35,D68.8,D69.80,D69.88||1000.0|2000.0|U|IV||||1056.72
ZE-2026-36.20|V15.3|A|B02BD05|1||D65.0,D65.1,D65.2,D66,D67,D68.00,D68.01,D68.09,D68.1,D68.20,D68.21,D68.22,D68.23,D68.24,D68.25,D68.26,D68.28,D68.31,D68.32,D68.38,D68.4,D68.5,D69.1,D69.3,D69.40,D69.41,D69.52,D69.53,D69.57,D69.58,D82.0,M31.1,P53,P60,P61.0,D68.33,D68.34,D68.35,D68.8,D69.80,D69.88||2000.0|5000.0|U|IV||||2465.68
ZE-2026-36.21|V15.3|A|B02BD05|1||D65.0,D65.1,D65.2,D66,D67,D68.00,D68.01,D68.09,D68.1,D68.20,D68.21,D68.22,D68.23,D68.24,D68.25,D68.26,D68.28,D68.31,D68.32,D68.38,D68.4,D68.5,D69.1,D69.3,D69.40,D69.41,D69.52,D69.53,D69.57,D69.58,D82.0,M31.1,P53,P60,P61.0,D68.33,D68.34,D68.35,D68.8,D69.80,D69.88||5000.0|10000.0|U|IV||||5283.6
ZE-2026-36.22|V15.3|A|B02BD05|1||D65.0,D65.1,D65.2,D66,D67,D68.00,D68.01,D68.09,D68.1,D68.20,D68.21,D68.22,D68.23,D68.24,D68.25,D68.26,D68.28,D68.31,D68.32,D68.38,D68.4,D68.5,D69.1,D69.3,D69.40,D69.41,D69.52,D69.53,D69.57,D69.58,D82.0,M31.1,P53,P60,P61.0,D68.33,D68.34,D68.35,D68.8,D69.80,D69.88||10000.0|15000.0|U|IV||||8806.0
ZE-2026-36.23|V15.3|A|B02BD05|1||D65.0,D65.1,D65.2,D66,D67,D68.00,D68.01,D68.09,D68.1,D68.20,D68.21,D68.22,D68.23,D68.24,D68.25,D68.26,D68.28,D68.31,D68.32,D68.38,D68.4,D68.5,D69.1,D69.3,D69.40,D69.41,D69.52,D69.53,D69.57,D69.58,D82.0,M31.1,P53,P60,P61.0,D68.33,D68.34,D68.35,D68.8,D69.80,D69.88||15000.0|20000.0|U|IV||||12328.4
ZE-2026-36.24|V15.3|A|B02BD05|1||D65.0,D65.1,D65.2,D66,D67,D68.00,D68.01,D68.09,D68.1,D68.20,D68.21,D68.22,D68.23,D68.24,D68.25,D68.26,D68.28,D68.31,D68.32,D68.38,D68.4,D68.5,D69.1,D69.3,D69.40,D69.41,D69.52,D69.53,D69.57,D69.58,D82.0,M31.1,P53,P60,P61.0,D68.33,D68.34,D68.35,D68.8,D69.80,D69.88||20000.0|25000.0|U|IV||||15850.8
ZE-2026-36.25|V15.3|A|B02BD05|1||D65.0,D65.1,D65.2,D66,D67,D68.00,D68.01,D68.09,D68.1,D68.20,D68.21,D68.22,D68.23,D68.24,D68.25,D68.26,D68.28,D68.31,D68.32,D68.38,D68.4,D68.5,D69.1,D69.3,D69.40,D69.41,D69.52,D69.53,D69.57,D69.58,D82.0,M31.1,P53,P60,P61.0,D68.33,D68.34,D68.35,D68.8,D69.80,D69.88||25000.0|30000.0|U|IV||||19373.2
ZE-2026-36.26|V15.3|A|B02BD05|1||D65.0,D65.1,D65.2,D66,D67,D68.00,D68.01,D68.09,D68.1,D68.20,D68.21,D68.22,D68.23,D68.24,D68.25,D68.26,D68.28,D68.31,D68.32,D68.38,D68.4,D68.5,D69.1,D69.3,D69.40,D69.41,D69.52,D69.53,D69.57,D69.58,D82.0,M31.1,P53,P60,P61.0,D68.33,D68.34,D68.35,D68.8,D69.80,D69.88||30000.0|35000.0|U|IV||||22895.6
ZE-2026-36.27|V15.3|A|B02BD05|1||D65.0,D65.1,D65.2,D66,D67,D68.00,D68.01,D68.09,D68.1,D68.20,D68.21,D68.22,D68.23,D68.24,D68.25,D68.26,D68.28,D68.31,D68.32,D68.38,D68.4,D68.5,D69.1,D69.3,D69.40,D69.41,D69.52,D69.53,D69.57,D69.58,D82.0,M31.1,P53,P60,P61.0,D68.33,D68.34,D68.35,D68.8,D69.80,D69.88||35000.0|40000.0|U|IV||||26418.0
ZE-2026-36.28|V15.3|A|B02BD05|1||D65.0,D65.1,D65.2,D66,D67,D68.00,D68.01,D68.09,D68.1,D68.20,D68.21,D68.22,D68.23,D68.24,D68.25,D68.26,D68.28,D68.31,D68.32,D68.38,D68.4,D68.5,D69.1,D69.3,D69.40,D69.41,D69.52,D69.53,D69.57,D69.58,D82.0,M31.1,P53,P60,P61.0,D68.33,D68.34,D68.35,D68.8,D69.80,D69.88||40000.0|45000.0|U|IV||||29940.4
ZE-2026-36.29|V15.3|A|B02BD05|1||D65.0,D65.1,D65.2,D66,D67,D68.00,D68.01,D68.09,D68.1,D68.20,D68.21,D68.22,D68.23,D68.24,D68.25,D68.26,D68.28,D68.31,D68.32,D68.38,D68.4,D68.5,D69.1,D69.3,D69.40,D69.41,D69.52,D69.53,D69.57,D69.58,D82.0,M31.1,P53,P60,P61.0,D68.33,D68.34,D68.35,D68.8,D69.80,D69.88||45000.0|50000.0|U|IV||||33462.8
ZE-2026-36.30|V15.3|A|B02BD05|1||D65.0,D65.1,D65.2,D66,D67,D68.00,D68.01,D68.09,D68.1,D68.20,D68.21,D68.22,D68.23,D68.24,D68.25,D68.26,D68.28,D68.31,D68.32,D68.38,D68.4,D68.5,D69.1,D69.3,D69.40,D69.41,D69.52,D69.53,D69.57,D69.58,D82.0,M31.1,P53,P60,P61.0,D68.33,D68.34,D68.35,D68.8,D69.80,D69.88||50000.0|55000.0|U|IV||||36985.2
ZE-2026-36.31|V15.3|A|B02BD05|1||D65.0,D65.1,D65.2,D66,D67,D68.00,D68.01,D68.09,D68.1,D68.20,D68.21,D68.22,D68.23,D68.24,D68.25,D68.26,D68.28,D68.31,D68.32,D68.38,D68.4,D68.5,D69.1,D69.3,D69.40,D69.41,D69.52,D69.53,D69.57,D69.58,D82.0,M31.1,P53,P60,P61.0,D68.33,D68.34,D68.35,D68.8,D69.80,D69.88||55000.0|60000.0|U|IV||||40507.6
ZE-2026-36.32|V15.3|A|B02BD05|1||D65.0,D65.1,D65.2,D66,D67,D68.00,D68.01,D68.09,D68.1,D68.20,D68.21,D68.22,D68.23,D68.24,D68.25,D68.26,D68.28,D68.31,D68.32,D68.38,D68.4,D68.5,D69.1,D69.3,D69.40,D69.41,D69.52,D69.53,D69.57,D69.58,D82.0,M31.1,P53,P60,P61.0,D68.33,D68.34,D68.35,D68.8,D69.80,D69.88||60000.0|70000.0|U|IV||||45791.2
ZE-2026-36.33|V15.3|A|B02BD05|1||D65.0,D65.1,D65.2,D66,D67,D68.00,D68.01,D68.09,D68.1,D68.20,D68.21,D68.22,D68.23,D68.24,D68.25,D68.26,D68.28,D68.31,D68.32,D68.38,D68.4,D68.5,D69.1,D69.3,D69.40,D69.41,D69.52,D69.53,D69.57,D69.58,D82.0,M31.1,P53,P60,P61.0,D68.33,D68.34,D68.35,D68.8,D69.80,D69.88||70000.0|80000.0|U|IV||||52836.0
ZE-2026-36.34|V15.3|A|B02BD05|1||D65.0,D65.1,D65.2,D66,D67,D68.00,D68.01,D68.09,D68.1,D68.20,D68.21,D68.22,D68.23,D68.24,D68.25,D68.26,D68.28,D68.31,D68.32,D68.38,D68.4,D68.5,D69.1,D69.3,D69.40,D69.41,D69.52,D69.53,D69.57,D69.58,D82.0,M31.1,P53,P60,P61.0,D68.33,D68.34,D68.35,D68.8,D69.80,D69.88||80000.0|90000.0|U|IV||||59880.8
ZE-2026-36.35|V15.3|A|B02BD05|1||D65.0,D65.1,D65.2,D66,D67,D68.00,D68.01,D68.09,D68.1,D68.20,D68.21,D68.22,D68.23,D68.24,D68.25,D68.26,D68.28,D68.31,D68.32,D68.38,D68.4,D68.5,D69.1,D69.3,D69.40,D69.41,D69.52,D69.53,D69.57,D69.58,D82.0,M31.1,P53,P60,P61.0,D68.33,D68.34,D68.35,D68.8,D69.80,D69.88||90000.0|100000.0|U|IV||||66925.6
ZE-2026-36.36|V15.3|A|B02BD05|1||D65.0,D65.1,D65.2,D66,D67,D68.00,D68.01,D68.09,D68.1,D68.20,D68.21,D68.22,D68.23,D68.24,D68.25,D68.26,D68.28,D68.31,D68.32,D68.38,D68.4,D68.5,D69.1,D69.3,D69.40,D69.41,D69.52,D69.53,D69.57,D69.58,D82.0,M31.1,P53,P60,P61.0,D68.33,D68.34,D68.35,D68.8,D69.80,D69.88||100000.0||U|IV||||73970.4
ZE-2026-37.20|V15.3|A|B02BD06|1||D65.0,D65.1,D65.2,D66,D67,D68.00,D68.01,D68.09,D68.1,D68.20,D68.21,D68.22,D68.23,D68.24,D68.25,D68.26,D68.28,D68.31,D68.32,D68.38,D68.4,D68.5,D69.1,D69.3,D69.40,D69.41,D69.52,D69.53,D69.57,D69.58,D82.0,M31.1,P53,P60,P61.0,D68.33,D68.34,D68.35,D68.8,D69.80,D69.88||500.0|1000.0|U|IV|||10|462.54
ZE-2026-37.21|V15.3|A|B02BD06|1||D65.0,D65.1,D65.2,D66,D67,D68.00,D68.01,D68.09,D68.1,D68.20,D68.21,D68.22,D68.23,D68.24,D68.25,D68.26,D68.28,D68.31,D68.32,D68.38,D68.4,D68.5,D69.1,D69.3,D69.40,D69.41,D69.52,D69.53,D69.57,D69.58,D82.0,M31.1,P53,P60,P61.0,D68.33,D68.34,D68.35,D68.8,D69.80,D69.88||1000.0|1500.0|U|IV|||16|770.9
ZE-2026-37.22|V15.3|A|B02BD06|1||D65.0,D65.1,D65.2,D66,D67,D68.00,D68.01,D68.09,D68.1,D68.20,D68.21,D68.22,D68.23,D68.24,D68.25,D68.26,D68.28,D68.31,D68.32,D68.38,D68.4,D68.5,D69.1,D69.3,D69.40,D69.41,D69.52,D69.53,D69.57,D69.58,D82.0,M31.1,P53,P60,P61.0,D68.33,D68.34,D68.35,D68.8,D69.80,D69.88||1500.0|2500.0|U|IV||||1233.44
ZE-2026-37.23|V15.3|A|B02BD06|1||D65.0,D65.1,D65.2,D66,D67,D68.00,D68.01,D68.09,D68.1,D68.20,D68.21,D68.22,D68.23,D68.24,D68.25,D68.26,D68.28,D68.31,D68.32,D68.38,D68.4,D68.5,D69.1,D69.3,D69.40,D69.41,D69.52,D69.53,D69.57,D69.58,D82.0,M31.1,P53,P60,P61.0,D68.33,D68.34,D68.35,D68.8,D69.80,D69.88||2500.0|3500.0|U|IV||||1850.16
ZE-2026-37.24|V15.3|A|B02BD06|1||D65.0,D65.1,D65.2,D66,D67,D68.00,D68.01,D68.09,D68.1,D68.20,D68.21,D68.22,D68.23,D68.24,D68.25,D68.26,D68.28,D68.31,D68.32,D68.38,D68.4,D68.5,D69.1,D69.3,D69.40,D69.41,D69.52,D69.53,D69.57,D69.58,D82.0,M31.1,P53,P60,P61.0,D68.33,D68.34,D68.35,D68.8,D69.80,D69.88||3500.0|4500.0|U|IV||||2466.88
ZE-2026-37.25|V15.3|A|B02BD06|1||D65.0,D65.1,D65.2,D66,D67,D68.00,D68.01,D68.09,D68.1,D68.20,D68.21,D68.22,D68.23,D68.24,D68.25,D68.26,D68.28,D68.31,D68.32,D68.38,D68.4,D68.5,D69.1,D69.3,D69.40,D69.41,D69.52,D69.53,D69.57,D69.58,D82.0,M31.1,P53,P60,P61.0,D68.33,D68.34,D68.35,D68.8,D69.80,D69.88||4500.0|6500.0|U|IV||||3391.96
ZE-2026-37.26|V15.3|A|B02BD06|1||D65.0,D65.1,D65.2,D66,D67,D68.00,D68.01,D68.09,D68.1,D68.20,D68.21,D68.22,D68.23,D68.24,D68.25,D68.26,D68.28,D68.31,D68.32,D68.38,D68.4,D68.5,D69.1,D69.3,D69.40,D69.41,D69.52,D69.53,D69.57,D69.58,D82.0,M31.1,P53,P60,P61.0,D68.33,D68.34,D68.35,D68.8,D69.80,D69.88||6500.0|10000.0|U|IV||||5087.94
ZE-2026-37.27|V15.3|A|B02BD06|1||D65.0,D65.1,D65.2,D66,D67,D68.00,D68.01,D68.09,D68.1,D68.20,D68.21,D68.22,D68.23,D68.24,D68.25,D68.26,D68.28,D68.31,D68.32,D68.38,D68.4,D68.5,D69.1,D69.3,D69.40,D69.41,D69.52,D69.53,D69.57,D69.58,D82.0,M31.1,P53,P60,P61.0,D68.33,D68.34,D68.35,D68.8,D69.80,D69.88||10000.0|15000.0|U|IV||||7709.0
ZE-2026-37.28|V15.3|A|B02BD06|1||D65.0,D65.1,D65.2,D66,D67,D68.00,D68.01,D68.09,D68.1,D68.20,D68.21,D68.22,D68.23,D68.24,D68.25,D68.26,D68.28,D68.31,D68.32,D68.38,D68.4,D68.5,D69.1,D69.3,D69.40,D69.41,D69.52,D69.53,D69.57,D69.58,D82.0,M31.1,P53,P60,P61.0,D68.33,D68.34,D68.35,D68.8,D69.80,D69.88||15000.0|20000.0|U|IV||||10792.6
ZE-2026-37.29|V15.3|A|B02BD06|1||D65.0,D65.1,D65.2,D66,D67,D68.00,D68.01,D68.09,D68.1,D68.20,D68.21,D68.22,D68.23,D68.24,D68.25,D68.26,D68.28,D68.31,D68.32,D68.38,D68.4,D68.5,D69.1,D69.3,D69.40,D69.41,D69.52,D69.53,D69.57,D69.58,D82.0,M31.1,P53,P60,P61.0,D68.33,D68.34,D68.35,D68.8,D69.80,D69.88||20000.0|25000.0|U|IV||||13876.2
ZE-2026-37.30|V15.3|A|B02BD06|1||D65.0,D65.1,D65.2,D66,D67,D68.00,D68.01,D68.09,D68.1,D68.20,D68.21,D68.22,D68.23,D68.24,D68.25,D68.26,D68.28,D68.31,D68.32,D68.38,D68.4,D68.5,D69.1,D69.3,D69.40,D69.41,D69.52,D69.53,D69.57,D69.58,D82.0,M31.1,P53,P60,P61.0,D68.33,D68.34,D68.35,D68.8,D69.80,D69.88||25000.0|30000.0|U|IV||||16959.8
ZE-2026-37.31|V15.3|A|B02BD06|1||D65.0,D65.1,D65.2,D66,D67,D68.00,D68.01,D68.09,D68.1,D68.20,D68.21,D68.22,D68.23,D68.24,D68.25,D68.26,D68.28,D68.31,D68.32,D68.38,D68.4,D68.5,D69.1,D69.3,D69.40,D69.41,D69.52,D69.53,D69.57,D69.58,D82.0,M31.1,P53,P60,P61.0,D68.33,D68.34,D68.35,D68.8,D69.80,D69.88||30000.0|35000.0|U|IV||||20043.4
ZE-2026-37.32|V15.3|A|B02BD06|1||D65.0,D65.1,D65.2,D66,D67,D68.00,D68.01,D68.09,D68.1,D68.20,D68.21,D68.22,D68.23,D68.24,D68.25,D68.26,D68.28,D68.31,D68.32,D68.38,D68.4,D68.5,D69.1,D69.3,D69.40,D69.41,D69.52,D69.53,D69.57,D69.58,D82.0,M31.1,P53,P60,P61.0,D68.33,D68.34,D68.35,D68.8,D69.80,D69.88||35000.0|40000.0|U|IV||||23127.0
ZE-2026-37.33|V15.3|A|B02BD06|1||D65.0,D65.1,D65.2,D66,D67,D68.00,D68.01,D68.09,D68.1,D68.20,D68.21,D68.22,D68.23,D68.24,D68.25,D68.26,D68.28,D68.31,D68.32,D68.38,D68.4,D68.5,D69.1,D69.3,D69.40,D69.41,D69.52,D69.53,D69.57,D69.58,D82.0,M31.1,P53,P60,P61.0,D68.33,D68.34,D68.35,D68.8,D69.80,D69.88||40000.0|50000.0|U|IV||||27752.4
ZE-2026-37.34|V15.3|A|B02BD06|1||D65.0,D65.1,D65.2,D66,D67,D68.00,D68.01,D68.09,D68.1,D68.20,D68.21,D68.22,D68.23,D68.24,D68.25,D68.26,D68.28,D68.31,D68.32,D68.38,D68.4,D68.5,D69.1,D69.3,D69.40,D69.41,D69.52,D69.53,D69.57,D69.58,D82.0,M31.1,P53,P60,P61.0,D68.33,D68.34,D68.35,D68.8,D69.80,D69.88||50000.0|60000.0|U|IV||||33919.6
ZE-2026-37.35|V15.3|A|B02BD06|1||D65.0,D65.1,D65.2,D66,D67,D68.00,D68.01,D68.09,D68.1,D68.20,D68.21,D68.22,D68.23,D68.24,D68.25,D68.26,D68.28,D68.31,D68.32,D68.38,D68.4,D68.5,D69.1,D69.3,D69.40,D69.41,D69.52,D69.53,D69.57,D69.58,D82.0,M31.1,P53,P60,P61.0,D68.33,D68.34,D68.35,D68.8,D69.80,D69.88||60000.0|70000.0|U|IV||||40086.8
ZE-2026-37.36|V15.3|A|B02BD06|1||D65.0,D65.1,D65.2,D66,D67,D68.00,D68.01,D68.09,D68.1,D68.20,D68.21,D68.22,D68.23,D68.24,D68.25,D68.26,D68.28,D68.31,D68.32,D68.38,D68.4,D68.5,D69.1,D69.3,D69.40,D69.41,D69.52,D69.53,D69.57,D69.58,D82.0,M31.1,P53,P60,P61.0,D68.33,D68.34,D68.35,D68.8,D69.80,D69.88||70000.0|80000.0|U|IV||||46254.0
ZE-2026-37.37|V15.3|A|B02BD06|1||D65.0,D65.1,D65.2,D66,D67,D68.00,D68.01,D68.09,D68.1,D68.20,D68.21,D68.22,D68.23,D68.24,D68.25,D68.26,D68.28,D68.31,D68.32,D68.38,D68.4,D68.5,D69.1,D69.3,D69.40,D69.41,D69.52,D69.53,D69.57,D69.58,D82.0,M31.1,P53,P60,P61.0,D68.33,D68.34,D68.35,D68.8,D69.80,D69.88||80000.0|90000.0|U|IV||||52421.2
ZE-2026-37.38|V15.3|A|B02BD06|1||D65.0,D65.1,D65.2,D66,D67,D68.00,D68.01,D68.09,D68.1,D68.20,D68.21,D68.22,D68.23,D68.24,D68.25,D68.26,D68.28,D68.31,D68.32,D68.38,D68.4,D68.5,D69.1,D69.3,D69.40,D69.41,D69.52,D69.53,D69.57,D69.58,D82.0,M31.1,P53,P60,P61.0,D68.33,D68.34,D68.35,D68.8,D69.80,D69.88||90000.0|100000.0|U|IV||||58588.4
ZE-2026-37.40|V15.3|A|B02BD06|1||D65.0,D65.1,D65.2,D66,D67,D68.00,D68.01,D68.09,D68.1,D68.20,D68.21,D68.22,D68.23,D68.24,D68.25,D68.26,D68.28,D68.31,D68.32,D68.38,D68.4,D68.5,D69.1,D69.3,D69.40,D69.41,D69.52,D69.53,D69.57,D69.58,D82.0,M31.1,P53,P60,P61.0,D68.33,D68.34,D68.35,D68.8,D69.80,D69.88||100000.0|110000.0|U|IV||||64755.6
ZE-2026-37.41|V15.3|A|B02BD06|1||D65.0,D65.1,D65.2,D66,D67,D68.00,D68.01,D68.09,D68.1,D68.20,D68.21,D68.22,D68.23,D68.24,D68.25,D68.26,D68.28,D68.31,D68.32,D68.38,D68.4,D68.5,D69.1,D69.3,D69.40,D69.41,D69.52,D69.53,D69.57,D69.58,D82.0,M31.1,P53,P60,P61.0,D68.33,D68.34,D68.35,D68.8,D69.80,D69.88||110000.0|130000.0|U|IV||||74006.4
ZE-2026-37.42|V15.3|A|B02BD06|1||D65.0,D65.1,D65.2,D66,D67,D68.00,D68.01,D68.09,D68.1,D68.20,D68.21,D68.22,D68.23,D68.24,D68.25,D68.26,D68.28,D68.31,D68.32,D68.38,D68.4,D68.5,D69.1,D69.3,D69.40,D69.41,D69.52,D69.53,D69.57,D69.58,D82.0,M31.1,P53,P60,P61.0,D68.33,D68.34,D68.35,D68.8,D69.80,D69.88||130000.0|150000.0|U|IV||||86340.8
ZE-2026-37.43|V15.3|A|B02BD06|1||D65.0,D65.1,D65.2,D66,D67,D68.00,D68.01,D68.09,D68.1,D68.20,D68.21,D68.22,D68.23,D68.24,D68.25,D68.26,D68.28,D68.31,D68.32,D68.38,D68.4,D68.5,D69.1,D69.3,D69.40,D69.41,D69.52,D69.53,D69.57,D69.58,D82.0,M31.1,P53,P60,P61.0,D68.33,D68.34,D68.35,D68.8,D69.80,D69.88||150000.0|170000.0|U|IV||||98675.2
ZE-2026-37.44|V15.3|A|B02BD06|1||D65.0,D65.1,D65.2,D66,D67,D68.00,D68.01,D68.09,D68.1,D68.20,D68.21,D68.22,D68.23,D68.24,D68.25,D68.26,D68.28,D68.31,D68.32,D68.38,D68.4,D68.5,D69.1,D69.3,D69.40,D69.41,D69.52,D69.53,D69.57,D69.58,D82.0,M31.1,P53,P60,P61.0,D68.33,D68.34,D68.35,D68.8,D69.80,D69.88||170000.0|190000.0|U|IV||||111009.6
ZE-2026-37.45|V15.3|A|B02BD06|1||D65.0,D65.1,D65.2,D66,D67,D68.00,D68.01,D68.09,D68.1,D68.20,D68.21,D68.22,D68.23,D68.24,D68.25,D68.26,D68.28,D68.31,D68.32,D68.38,D68.4,D68.5,D69.1,D69.3,D69.40,D69.41,D69.52,D69.53,D69.57,D69.58,D82.0,M31.1,P53,P60,P61.0,D68.33,D68.34,D68.35,D68.8,D69.80,D69.88||190000.0|210000.0|U|IV||||123344.0
ZE-2026-37.46|V15.3|A|B02BD06|1||D65.0,D65.1,D65.2,D66,D67,D68.00,D68.01,D68.09,D68.1,D68.20,D68.21,D68.22,D68.23,D68.24,D68.25,D68.26,D68.28,D68.31,D68.32,D68.38,D68.4,D68.5,D69.1,D69.3,D69.40,D69.41,D69.52,D69.53,D69.57,D69.58,D82.0,M31.1,P53,P60,P61.0,D68.33,D68.34,D68.35,D68.8,D69.80,D69.88||210000.0||U|IV||||135678.4
ZE-2026-39.109|V15.3|A|B02BD08|1||D65.0,D65.1,D65.2,D66,D67,D68.00,D68.01,D68.09,D68.1,D68.20,D68.21,D68.22,D68.23,D68.24,D68.25,D68.26,D68.28,D68.31,D68.32,D68.38,D68.4,D68.5,D69.1,D69.3,D69.40,D69.41,D69.52,D69.53,D69.57,D69.58,D82.0,M31.1,P53,P60,P61.0,D68.33,D68.34,D68.35,D68.8,D69.80,D69.88||0.2|1.0|mg|IV|||12|514.72
ZE-2026-39.110|V15.3|A|B02BD08|1||D65.0,D65.1,D65.2,D66,D67,D68.00,D68.01,D68.09,D68.1,D68.20,D68.21,D68.22,D68.23,D68.24,D68.25,D68.26,D68.28,D68.31,D68.32,D68.38,D68.4,D68.5,D69.1,D69.3,D69.40,D69.41,D69.52,D69.53,D69.57,D69.58,D82.0,M31.1,P53,P60,P61.0,D68.33,D68.34,D68.35,D68.8,D69.80,D69.88||1.0|2.0|mg|IV||||1286.8
ZE-2026-39.111|V15.3|A|B02BD08|1||D65.0,D65.1,D65.2,D66,D67,D68.00,D68.01,D68.09,D68.1,D68.20,D68.21,D68.22,D68.23,D68.24,D68.25,D68.26,D68.28,D68.31,D68.32,D68.38,D68.4,D68.5,D69.1,D69.3,D69.40,D69.41,D69.52,D69.53,D69.57,D69.58,D82.0,M31.1,P53,P60,P61.0,D68.33,D68.34,D68.35,D68.8,D69.80,D69.88||2.0|8.0|mg|IV||||4289.34
ZE-2026-39.112|V15.3|A|B02BD08|1||D65.0,D65.1,D65.2,D66,D67,D68.00,D68.01,D68.09,D68.1,D68.20,D68.21,D68.22,D68.23,D68.24,D68.25,D68.26,D68.28,D68.31,D68.32,D68.38,D68.4,D68.5,D69.1,D69.3,D69.40,D69.41,D69.52,D69.53,D69.57,D69.58,D82.0,M31.1,P53,P60,P61.0,D68.33,D68.34,D68.35,D68.8,D69.80,D69.88||8.0|14.0|mg|IV||||9436.54
ZE-2026-39.113|V15.3|A|B02BD08|1||D65.0,D65.1,D65.2,D66,D67,D68.00,D68.01,D68.09,D68.1,D68.20,D68.21,D68.22,D68.23,D68.24,D68.25,D68.26,D68.28,D68.31,D68.32,D68.38,D68.4,D68.5,D69.1,D69.3,D69.40,D69.41,D69.52,D69.53,D69.57,D69.58,D82.0,M31.1,P53,P60,P61.0,D68.33,D68.34,D68.35,D68.8,D69.80,D69.88||14.0|20.0|mg|IV||||14583.75
ZE-2026-39.114|V15.3|A|B02BD08|1||D65.0,D65.1,D65.2,D66,D67,D68.00,D68.01,D68.09,D68.1,D68.20,D68.21,D68.22,D68.23,D68.24,D68.25,D68.26,D68.28,D68.31,D68.32,D68.38,D68.4,D68.5,D69.1,D69.3,D69.40,D69.41,D69.52,D69.53,D69.57,D69.58,D82.0,M31.1,P53,P60,P61.0,D68.33,D68.34,D68.35,D68.8,D69.80,D69.88||20.0|26.0|mg|IV||||19730.96
ZE-2026-39.115|V15.3|A|B02BD08|1||D65.0,D65.1,D65.2,D66,D67,D68.00,D68.01,D68.09,D68.1,D68.20,D68.21,D68.22,D68.23,D68.24,D68.25,D68.26,D68.28,D68.31,D68.32,D68.38,D68.4,D68.5,D69.1,D69.3,D69.40,D69.41,D69.52,D69.53,D69.57,D69.58,D82.0,M31.1,P53,P60,P61.0,D68.33,D68.34,D68.35,D68.8,D69.80,D69.88||26.0|32.0|mg|IV||||24878.16
ZE-2026-39.116|V15.3|A|B02BD08|1||D65.0,D65.1,D65.2,D66,D67,D68.00,D68.01,D68.09,D68.1,D68.20,D68.21,D68.22,D68.23,D68.24,D68.25,D68.26,D68.28,D68.31,D68.32,D68.38,D68.4,D68.5,D69.1,D69.3,D69.40,D69.41,D69.52,D69.53,D69.57,D69.58,D82.0,M31.1,P53,P60,P61.0,D68.33,D68.34,D68.35,D68.8,D69.80,D69.88||32.0|38.0|mg|IV||||30025.37
ZE-2026-39.117|V15.3|A|B02BD08|1||D65.0,D65.1,D65.2,D66,D67,D68.00,D68.01,D68.09,D68.1,D68.20,D68.21,D68.22,D68.23,D68.24,D68.25,D68.26,D68.28,D68.31,D68.32,D68.38,D68.4,D68.5,D69.1,D69.3,D69.40,D69.41,D69.52,D69.53,D69.57,D69.58,D82.0,M31.1,P53,P60,P61.0,D68.33,D68.34,D68.35,D68.8,D69.80,D69.88||38.0|44.0|mg|IV||||35172.57
ZE-2026-39.118|V15.3|A|B02BD08|1||D65.0,D65.1,D65.2,D66,D67,D68.00,D68.01,D68.09,D68.1,D68.20,D68.21,D68.22,D68.23,D68.24,D68.25,D68.26,D68.28,D68.31,D68.32,D68.38,D68.4,D68.5,D69.1,D69.3,D69.40,D69.41,D69.52,D69.53,D69.57,D69.58,D82.0,M31.1,P53,P60,P61.0,D68.33,D68.34,D68.35,D68.8,D69.80,D69.88||44.0|50.0|mg|IV||||40319.78
ZE-2026-39.119|V15.3|A|B02BD08|1||D65.0,D65.1,D65.2,D66,D67,D68.00,D68.01,D68.09,D68.1,D68.20,D68.21,D68.22,D68.23,D68.24,D68.25,D68.26,D68.28,D68.31,D68.32,D68.38,D68.4,D68.5,D69.1,D69.3,D69.40,D69.41,D69.52,D69.53,D69.57,D69.58,D82.0,M31.1,P53,P60,P61.0,D68.33,D68.34,D68.35,D68.8,D69.80,D69.88||50.0|58.0|mg|IV||||46324.85
ZE-2026-39.120|V15.3|A|B02BD08|1||D65.0,D65.1,D65.2,D66,D67,D68.00,D68.01,D68.09,D68.1,D68.20,D68.21,D68.22,D68.23,D68.24,D68.25,D68.26,D68.28,D68.31,D68.32,D68.38,D68.4,D68.5,D69.1,D69.3,D69.40,D69.41,D69.52,D69.53,D69.57,D69.58,D82.0,M31.1,P53,P60,P61.0,D68.33,D68.34,D68.35,D68.8,D69.80,D69.88||58.0|66.0|mg|IV||||53187.8
ZE-2026-39.121|V15.3|A|B02BD08|1||D65.0,D65.1,D65.2,D66,D67,D68.00,D68.01,D68.09,D68.1,D68.20,D68.21,D68.22,D68.23,D68.24,D68.25,D68.26,D68.28,D68.31,D68.32,D68.38,D68.4,D68.5,D69.1,D69.3,D69.40,D69.41,D69.52,D69.53,D69.57,D69.58,D82.0,M31.1,P53,P60,P61.0,D68.33,D68.34,D68.35,D68.8,D69.80,D69.88||66.0|74.0|mg|IV||||60050.74
ZE-2026-39.122|V15.3|A|B02BD08|1||D65.0,D65.1,D65.2,D66,D67,D68.00,D68.01,D68.09,D68.1,D68.20,D68.21,D68.22,D68.23,D68.24,D68.25,D68.26,D68.28,D68.31,D68.32,D68.38,D68.4,D68.5,D69.1,D69.3,D69.40,D69.41,D69.52,D69.53,D69.57,D69.58,D82.0,M31.1,P53,P60,P61.0,D68.33,D68.34,D68.35,D68.8,D69.80,D69.88||74.0|82.0|mg|IV||||66913.68
ZE-2026-39.123|V15.3|A|B02BD08|1||D65.0,D65.1,D65.2,D66,D67,D68.00,D68.01,D68.09,D68.1,D68.20,D68.21,D68.22,D68.23,D68.24,D68.25,D68.26,D68.28,D68.31,D68.32,D68.38,D68.4,D68.5,D69.1,D69.3,D69.40,D69.41,D69.52,D69.53,D69.57,D69.58,D82.0,M31.1,P53,P60,P61.0,D68.33,D68.34,D68.35,D68.8,D69.80,D69.88||82.0|90.0|mg|IV||||73776.62
ZE-2026-39.124|V15.3|A|B02BD08|1||D65.0,D65.1,D65.2,D66,D67,D68.00,D68.01,D68.09,D68.1,D68.20,D68.21,D68.22,D68.23,D68.24,D68.25,D68.26,D68.28,D68.31,D68.32,D68.38,D68.4,D68.5,D69.1,D69.3,D69.40,D69.41,D69.52,D69.53,D69.57,D69.58,D82.0,M31.1,P53,P60,P61.0,D68.33,D68.34,D68.35,D68.8,D69.80,D69.88||90.0|98.0|mg|IV||||80639.56
ZE-2026-39.125|V15.3|A|B02BD08|1||D65.0,D65.1,D65.2,D66,D67,D68.00,D68.01,D68.09,D68.1,D68.20,D68.21,D68.22,D68.23,D68.24,D68.25,D68.26,D68.28,D68.31,D68.32,D68.38,D68.4,D68.5,D69.1,D69.3,D69.40,D69.41,D69.52,D69.53,D69.57,D69.58,D82.0,M31.1,P53,P60,P61.0,D68.33,D68.34,D68.35,D68.8,D69.80,D69.88||98.0|106.0|mg|IV||||87502.5
ZE-2026-39.126|V15.3|A|B02BD08|1||D65.0,D65.1,D65.2,D66,D67,D68.00,D68.01,D68.09,D68.1,D68.20,D68.21,D68.22,D68.23,D68.24,D68.25,D68.26,D68.28,D68.31,D68.32,D68.38,D68.4,D68.5,D69.1,D69.3,D69.40,D69.41,D69.52,D69.53,D69.57,D69.58,D82.0,M31.1,P53,P60,P61.0,D68.33,D68.34,D68.35,D68.8,D69.80,D69.88||106.0|114.0|mg|IV||||94365.44
ZE-2026-39.127|V15.3|A|B02BD08|1||D65.0,D65.1,D65.2,D66,D67,D68.00,D68.01,D68.09,D68.1,D68.20,D68.21,D68.22,D68.23,D68.24,D68.25,D68.26,D68.28,D68.31,D68.32,D68.38,D68.4,D68.5,D69.1,D69.3,D69.40,D69.41,D69.52,D69.53,D69.57,D69.58,D82.0,M31.1,P53,P60,P61.0,D68.33,D68.34,D68.35,D68.8,D69.80,D69.88||114.0|122.0|mg|IV||||101228.39
ZE-2026-39.128|V15.3|A|B02BD08|1||D65.0,D65.1,D65.2,D66,D67,D68.00,D68.01,D68.09,D68.1,D68.20,D68.21,D68.22,D68.23,D68.24,D68.25,D68.26,D68.28,D68.31,D68.32,D68.38,D68.4,D68.5,D69.1,D69.3,D69.40,D69.41,D69.52,D69.53,D69.57,D69.58,D82.0,M31.1,P53,P60,P61.0,D68.33,D68.34,D68.35,D68.8,D69.80,D69.88||122.0|130.0|mg|IV||||108091.33
ZE-2026-39.129|V15.3|A|B02BD08|1||D65.0,D65.1,D65.2,D66,D67,D68.00,D68.01,D68.09,D68.1,D68.20,D68.21,D68.22,D68.23,D68.24,D68.25,D68.26,D68.28,D68.31,D68.32,D68.38,D68.4,D68.5,D69.1,D69.3,D69.40,D69.41,D69.52,D69.53,D69.57,D69.58,D82.0,M31.1,P53,P60,P61.0,D68.33,D68.34,D68.35,D68.8,D69.80,D69.88||130.0|140.0|mg|IV||||115812.14
ZE-2026-39.130|V15.3|A|B02BD08|1||D65.0,D65.1,D65.2,D66,D67,D68.00,D68.01,D68.09,D68.1,D68.20,D68.21,D68.22,D68.23,D68.24,D68.25,D68.26,D68.28,D68.31,D68.32,D68.38,D68.4,D68.5,D69.1,D69.3,D69.40,D69.41,D69.52,D69.53,D69.57,D69.58,D82.0,M31.1,P53,P60,P61.0,D68.33,D68.34,D68.35,D68.8,D69.80,D69.88||140.0|150.0|mg|IV||||124390.81
ZE-2026-39.131|V15.3|A|B02BD08|1||D65.0,D65.1,D65.2,D66,D67,D68.00,D68.01,D68.09,D68.1,D68.20,D68.21,D68.22,D68.23,D68.24,D68.25,D68.26,D68.28,D68.31,D68.32,D68.38,D68.4,D68.5,D69.1,D69.3,D69.40,D69.41,D69.52,D69.53,D69.57,D69.58,D82.0,M31.1,P53,P60,P61.0,D68.33,D68.34,D68.35,D68.8,D69.80,D69.88||150.0|160.0|mg|IV||||132969.49
ZE-2026-39.132|V15.3|A|B02BD08|1||D65.0,D65.1,D65.2,D66,D67,D68.00,D68.01,D68.09,D68.1,D68.20,D68.21,D68.22,D68.23,D68.24,D68.25,D68.26,D68.28,D68.31,D68.32,D68.38,D68.4,D68.5,D69.1,D69.3,D69.40,D69.41,D69.52,D69.53,D69.57,D69.58,D82.0,M31.1,P53,P60,P61.0,D68.33,D68.34,D68.35,D68.8,D69.80,D69.88||160.0|170.0|mg|IV||||141548.17
ZE-2026-39.133|V15.3|A|B02BD08|1||D65.0,D65.1,D65.2,D66,D67,D68.00,D68.01,D68.09,D68.1,D68.20,D68.21,D68.22,D68.23,D68.24,D68.25,D68.26,D68.28,D68.31,D68.32,D68.38,D68.4,D68.5,D69.1,D69.3,D69.40,D69.41,D69.52,D69.53,D69.57,D69.58,D82.0,M31.1,P53,P60,P61.0,D68.33,D68.34,D68.35,D68.8,D69.80,D69.88||170.0|180.0|mg|IV||||150126.84
ZE-2026-39.134|V15.3|A|B02BD08|1||D65.0,D65.1,D65.2,D66,D67,D68.00,D68.01,D68.09,D68.1,D68.20,D68.21,D68.22,D68.23,D68.24,D68.25,D68.26,D68.28,D68.31,D68.32,D68.38,D68.4,D68.5,D69.1,D69.3,D69.40,D69.41,D69.52,D69.53,D69.57,D69.58,D82.0,M31.1,P53,P60,P61.0,D68.33,D68.34,D68.35,D68.8,D69.80,D69.88||180.0|190.0|mg|IV||||158705.52
ZE-2026-39.135|V15.3|A|B02BD08|1||D65.0,D65.1,D65.2,D66,D67,D68.00,D68.01,D68.09,D68.1,D68.20,D68.21,D68.22,D68.23,D68.24,D68.25,D68.26,D68.28,D68.31,D68.32,D68.38,D68.4,D68.5,D69.1,D69.3,D69.40,D69.41,D69.52,D69.53,D69.57,D69.58,D82.0,M31.1,P53,P60,P61.0,D68.33,D68.34,D68.35,D68.8,D69.80,D69.88||190.0|200.0|mg|IV||||167284.2
ZE-2026-39.136|V15.3|A|B02BD08|1||D65.0,D65.1,D65.2,D66,D67,D68.00,D68.01,D68.09,D68.1,D68.20,D68.21,D68.22,D68.23,D68.24,D68.25,D68.26,D68.28,D68.31,D68.32,D68.38,D68.4,D68.5,D69.1,D69.3,D69.40,D69.41,D69.52,D69.53,D69.57,D69.58,D82.0,M31.1,P53,P60,P61.0,D68.33,D68.34,D68.35,D68.8,D69.80,D69.88||200.0|215.0|mg|IV||||178007.54
ZE-2026-39.137|V15.3|A|B02BD08|1||D65.0,D65.1,D65.2,D66,D67,D68.00,D68.01,D68.09,D68.1,D68.20,D68.21,D68.22,D68.23,D68.24,D68.25,D68.26,D68.28,D68.31,D68.32,D68.38,D68.4,D68.5,D69.1,D69.3,D69.40,D69.41,D69.52,D69.53,D69.57,D69.58,D82.0,M31.1,P53,P60,P61.0,D68.33,D68.34,D68.35,D68.8,D69.80,D69.88||215.0|230.0|mg|IV||||190875.56
ZE-2026-39.138|V15.3|A|B02BD08|1||D65.0,D65.1,D65.2,D66,D67,D68.00,D68.01,D68.09,D68.1,D68.20,D68.21,D68.22,D68.23,D68.24,D68.25,D68.26,D68.28,D68.31,D68.32,D68.38,D68.4,D68.5,D69.1,D69.3,D69.40,D69.41,D69.52,D69.53,D69.57,D69.58,D82.0,M31.1,P53,P60,P61.0,D68.33,D68.34,D68.35,D68.8,D69.80,D69.88||230.0|245.0|mg|IV||||203743.57
ZE-2026-39.139|V15.3|A|B02BD08|1||D65.0,D65.1,D65.2,D66,D67,D68.00,D68.01,D68.09,D68.1,D68.20,D68.21,D68.22,D68.23,D68.24,D68.25,D68.26,D68.28,D68.31,D68.32,D68.38,D68.4,D68.5,D69.1,D69.3,D69.40,D69.41,D69.52,D69.53,D69.57,D69.58,D82.0,M31.1,P53,P60,P61.0,D68.33,D68.34,D68.35,D68.8,D69.80,D69.88||245.0|260.0|mg|IV||||216611.59
ZE-2026-39.140|V15.3|A|B02BD08|1||D65.0,D65.1,D65.2,D66,D67,D68.00,D68.01,D68.09,D68.1,D68.20,D68.21,D68.22,D68.23,D68.24,D68.25,D68.26,D68.28,D68.31,D68.32,D68.38,D68.4,D68.5,D69.1,D69.3,D69.40,D69.41,D69.52,D69.53,D69.57,D69.58,D82.0,M31.1,P53,P60,P61.0,D68.33,D68.34,D68.35,D68.8,D69.80,D69.88||260.0|275.0|mg|IV||||229479.6
ZE-2026-39.141|V15.3|A|B02BD08|1||D65.0,D65.1,D65.2,D66,D67,D68.00,D68.01,D68.09,D68.1,D68.20,D68.21,D68.22,D68.23,D68.24,D68.25,D68.26,D68.28,D68.31,D68.32,D68.38,D68.4,D68.5,D69.1,D69.3,D69.40,D69.41,D69.52,D69.53,D69.57,D69.58,D82.0,M31.1,P53,P60,P61.0,D68.33,D68.34,D68.35,D68.8,D69.80,D69.88||275.0|290.0|mg|IV||||242347.62
ZE-2026-39.142|V15.3|A|B02BD08|1||D65.0,D65.1,D65.2,D66,D67,D68.00,D68.01,D68.09,D68.1,D68.20,D68.21,D68.22,D68.23,D68.24,D68.25,D68.26,D68.28,D68.31,D68.32,D68.38,D68.4,D68.5,D69.1,D69.3,D69.40,D69.41,D69.52,D69.53,D69.57,D69.58,D82.0,M31.1,P53,P60,P61.0,D68.33,D68.34,D68.35,D68.8,D69.80,D69.88||290.0|305.0|mg|IV||||255215.63
ZE-2026-39.143|V15.3|A|B02BD08|1||D65.0,D65.1,D65.2,D66,D67,D68.00,D68.01,D68.09,D68.1,D68.20,D68.21,D68.22,D68.23,D68.24,D68.25,D68.26,D68.28,D68.31,D68.32,D68.38,D68.4,D68.5,D69.1,D69.3,D69.40,D69.41,D69.52,D69.53,D69.57,D69.58,D82.0,M31.1,P53,P60,P61.0,D68.33,D68.34,D68.35,D68.8,D69.80,D69.88||305.0|320.0|mg|IV||||268083.65
ZE-2026-39.144|V15.3|A|B02BD08|1||D65.0,D65.1,D65.2,D66,D67,D68.00,D68.01,D68.09,D68.1,D68.20,D68.21,D68.22,D68.23,D68.24,D68.25,D68.26,D68.28,D68.31,D68.32,D68.38,D68.4,D68.5,D69.1,D69.3,D69.40,D69.41,D69.52,D69.53,D69.57,D69.58,D82.0,M31.1,P53,P60,P61.0,D68.33,D68.34,D68.35,D68.8,D69.80,D69.88||320.0|340.0|mg|IV||||283096.33
ZE-2026-39.145|V15.3|A|B02BD08|1||D65.0,D65.1,D65.2,D66,D67,D68.00,D68.01,D68.09,D68.1,D68.20,D68.21,D68.22,D68.23,D68.24,D68.25,D68.26,D68.28,D68.31,D68.32,D68.38,D68.4,D68.5,D69.1,D69.3,D69.40,D69.41,D69.52,D69.53,D69.57,D69.58,D82.0,M31.1,P53,P60,P61.0,D68.33,D68.34,D68.35,D68.8,D69.80,D69.88||340.0|360.0|mg|IV||||300253.68
ZE-2026-39.146|V15.3|A|B02BD08|1||D65.0,D65.1,D65.2,D66,D67,D68.00,D68.01,D68.09,D68.1,D68.20,D68.21,D68.22,D68.23,D68.24,D68.25,D68.26,D68.28,D68.31,D68.32,D68.38,D68.4,D68.5,D69.1,D69.3,D69.40,D69.41,D69.52,D69.53,D69.57,D69.58,D82.0,M31.1,P53,P60,P61.0,D68.33,D68.34,D68.35,D68.8,D69.80,D69.88||360.0|380.0|mg|IV||||317411.04
ZE-2026-39.147|V15.3|A|B02BD08|1||D65.0,D65.1,D65.2,D66,D67,D68.00,D68.01,D68.09,D68.1,D68.20,D68.21,D68.22,D68.23,D68.24,D68.25,D68.26,D68.28,D68.31,D68.32,D68.38,D68.4,D68.5,D69.1,D69.3,D69.40,D69.41,D69.52,D69.53,D69.57,D69.58,D82.0,M31.1,P53,P60,P61.0,D68.33,D68.34,D68.35,D68.8,D69.80,D69.88||380.0|400.0|mg|IV||||334568.39
ZE-2026-39.148|V15.3|A|B02BD08|1||D65.0,D65.1,D65.2,D66,D67,D68.00,D68.01,D68.09,D68.1,D68.20,D68.21,D68.22,D68.23,D68.24,D68.25,D68.26,D68.28,D68.31,D68.32,D68.38,D68.4,D68.5,D69.1,D69.3,D69.40,D69.41,D69.52,D69.53,D69.57,D69.58,D82.0,M31.1,P53,P60,P61.0,D68.33,D68.34,D68.35,D68.8,D69.80,D69.88||400.0|420.0|mg|IV||||351725.74
ZE-2026-39.149|V15.3|A|B02BD08|1||D65.0,D65.1,D65.2,D66,D67,D68.00,D68.01,D68.09,D68.1,D68.20,D68.21,D68.22,D68.23,D68.24,D68.25,D68.26,D68.28,D68.31,D68.32,D68.38,D68.4,D68.5,D69.1,D69.3,D69.40,D69.41,D69.52,D69.53,D69.57,D69.58,D82.0,M31.1,P53,P60,P61.0,D68.33,D68.34,D68.35,D68.8,D69.80,D69.88||420.0|440.0|mg|IV||||368883.1
ZE-2026-39.150|V15.3|A|B02BD08|1||D65.0,D65.1,D65.2,D66,D67,D68.00,D68.01,D68.09,D68.1,D68.20,D68.21,D68.22,D68.23,D68.24,D68.25,D68.26,D68.28,D68.31,D68.32,D68.38,D68.4,D68.5,D69.1,D69.3,D69.40,D69.41,D69.52,D69.53,D69.57,D69.58,D82.0,M31.1,P53,P60,P61.0,D68.33,D68.34,D68.35,D68.8,D69.80,D69.88||440.0|460.0|mg|IV||||386040.45
ZE-2026-39.151|V15.3|A|B02BD08|1||D65.0,D65.1,D65.2,D66,D67,D68.00,D68.01,D68.09,D68.1,D68.20,D68.21,D68.22,D68.23,D68.24,D68.25,D68.26,D68.28,D68.31,D68.32,D68.38,D68.4,D68.5,D69.1,D69.3,D69.40,D69.41,D69.52,D69.53,D69.57,D69.58,D82.0,M31.1,P53,P60,P61.0,D68.33,D68.34,D68.35,D68.8,D69.80,D69.88||460.0|480.0|mg|IV||||403197.8
ZE-2026-39.152|V15.3|A|B02BD08|1||D65.0,D65.1,D65.2,D66,D67,D68.00,D68.01,D68.09,D68.1,D68.20,D68.21,D68.22,D68.23,D68.24,D68.25,D68.26,D68.28,D68.31,D68.32,D68.38,D68.4,D68.5,D69.1,D69.3,D69.40,D69.41,D69.52,D69.53,D69.57,D69.58,D82.0,M31.1,P53,P60,P61.0,D68.33,D68.34,D68.35,D68.8,D69.80,D69.88||480.0|500.0|mg|IV||||420355.16
ZE-2026-39.153|V15.3|A|B02BD08|1||D65.0,D65.1,D65.2,D66,D67,D68.00,D68.01,D68.09,D68.1,D68.20,D68.21,D68.22,D68.23,D68.24,D68.25,D68.26,D68.28,D68.31,D68.32,D68.38,D68.4,D68.5,D69.1,D69.3,D69.40,D69.41,D69.52,D69.53,D69.57,D69.58,D82.0,M31.1,P53,P60,P61.0,D68.33,D68.34,D68.35,D68.8,D69.80,D69.88||500.0|550.0|mg|IV||||450380.53
ZE-2026-39.154|V15.3|A|B02BD08|1||D65.0,D65.1,D65.2,D66,D67,D68.00,D68.01,D68.09,D68.1,D68.20,D68.21,D68.22,D68.23,D68.24,D68.25,D68.26,D68.28,D68.31,D68.32,D68.38,D68.4,D68.5,D69.1,D69.3,D69.40,D69.41,D69.52,D69.53,D69.57,D69.58,D82.0,M31.1,P53,P60,P61.0,D68.33,D68.34,D68.35,D68.8,D69.80,D69.88||550.0|600.0|mg|IV||||493273.91
ZE-2026-39.155|V15.3|A|B02BD08|1||D65.0,D65.1,D65.2,D66,D67,D68.00,D68.01,D68.09,D68.1,D68.20,D68.21,D68.22,D68.23,D68.24,D68.25,D68.26,D68.28,D68.31,D68.32,D68.38,D68.4,D68.5,D69.1,D69.3,D69.40,D69.41,D69.52,D69.53,D69.57,D69.58,D82.0,M31.1,P53,P60,P61.0,D68.33,D68.34,D68.35,D68.8,D69.80,D69.88||600.0|650.0|mg|IV||||536167.29
ZE-2026-39.156|V15.3|A|B02BD08|1||D65.0,D65.1,D65.2,D66,D67,D68.00,D68.01,D68.09,D68.1,D68.20,D68.21,D68.22,D68.23,D68.24,D68.25,D68.26,D68.28,D68.31,D68.32,D68.38,D68.4,D68.5,D69.1,D69.3,D69.40,D69.41,D69.52,D69.53,D69.57,D69.58,D82.0,M31.1,P53,P60,P61.0,D68.33,D68.34,D68.35,D68.8,D69.80,D69.88||650.0|700.0|mg|IV||||579060.68
ZE-2026-39.157|V15.3|A|B02BD08|1||D65.0,D65.1,D65.2,D66,D67,D68.00,D68.01,D68.09,D68.1,D68.20,D68.21,D68.22,D68.23,D68.24,D68.25,D68.26,D68.28,D68.31,D68.32,D68.38,D68.4,D68.5,D69.1,D69.3,D69.40,D69.41,D69.52,D69.53,D69.57,D69.58,D82.0,M31.1,P53,P60,P61.0,D68.33,D68.34,D68.35,D68.8,D69.80,D69.88||700.0|750.0|mg|IV||||621954.06
ZE-2026-39.158|V15.3|A|B02BD08|1||D65.0,D65.1,D65.2,D66,D67,D68.00,D68.01,D68.09,D68.1,D68.20,D68.21,D68.22,D68.23,D68.24,D68.25,D68.26,D68.28,D68.31,D68.32,D68.38,D68.4,D68.5,D69.1,D69.3,D69.40,D69.41,D69.52,D69.53,D69.57,D69.58,D82.0,M31.1,P53,P60,P61.0,D68.33,D68.34,D68.35,D68.8,D69.80,D69.88||750.0|800.0|mg|IV||||664847.44
ZE-2026-39.159|V15.3|A|B02BD08|1||D65.0,D65.1,D65.2,D66,D67,D68.00,D68.01,D68.09,D68.1,D68.20,D68.21,D68.22,D68.23,D68.24,D68.25,D68.26,D68.28,D68.31,D68.32,D68.38,D68.4,D68.5,D69.1,D69.3,D69.40,D69.41,D69.52,D69.53,D69.57,D69.58,D82.0,M31.1,P53,P60,P61.0,D68.33,D68.34,D68.35,D68.8,D69.80,D69.88||800.0|850.0|mg|IV||||707740.83
ZE-2026-39.160|V15.3|A|B02BD08|1||D65.0,D65.1,D65.2,D66,D67,D68.00,D68.01,D68.09,D68.1,D68.20,D68.21,D68.22,D68.23,D68.24,D68.25,D68.26,D68.28,D68.31,D68.32,D68.38,D68.4,D68.5,D69.1,D69.3,D69.40,D69.41,D69.52,D69.53,D69.57,D69.58,D82.0,M31.1,P53,P60,P61.0,D68.33,D68.34,D68.35,D68.8,D69.80,D69.88||850.0|900.0|mg|IV||||750634.21
ZE-2026-39.161|V15.3|A|B02BD08|1||D65.0,D65.1,D65.2,D66,D67,D68.00,D68.01,D68.09,D68.1,D68.20,D68.21,D68.22,D68.23,D68.24,D68.25,D68.26,D68.28,D68.31,D68.32,D68.38,D68.4,D68.5,D69.1,D69.3,D69.40,D69.41,D69.52,D69.53,D69.57,D69.58,D82.0,M31.1,P53,P60,P61.0,D68.33,D68.34,D68.35,D68.8,D69.80,D69.88||900.0|950.0|mg|IV||||793527.59
ZE-2026-39.162|V15.3|A|B02BD08|1||D65.0,D65.1,D65.2,D66,D67,D68.00,D68.01,D68.09,D68.1,D68.20,D68.21,D68.22,D68.23,D68.24,D68.25,D68.26,D68.28,D68.31,D68.32,D68.38,D68.4,D68.5,D69.1,D69.3,D69.40,D69.41,D69.52,D69.53,D69.57,D69.58,D82.0,M31.1,P53,P60,P61.0,D68.33,D68.34,D68.35,D68.8,D69.80,D69.88||950.0|1000.0|mg|IV||||836420.98
ZE-2026-39.163|V15.3|A|B02BD08|1||D65.0,D65.1,D65.2,D66,D67,D68.00,D68.01,D68.09,D68.1,D68.20,D68.21,D68.22,D68.23,D68.24,D68.25,D68.26,D68.28,D68.31,D68.32,D68.38,D68.4,D68.5,D69.1,D69.3,D69.40,D69.41,D69.52,D69.53,D69.57,D69.58,D82.0,M31.1,P53,P60,P61.0,D68.33,D68.34,D68.35,D68.8,D69.80,D69.88||1000.0||mg|IV||||879314.36
ZE-2026-41.01|V15.3|A|L01BB06|1||||10.0|20.0|mg|IV||||0.0
ZE-2026-41.02|V15.3|A|L01BB06|1||||20.0|30.0|mg|IV||||0.0
ZE-2026-41.03|V15.3|A|L01BB06|1||||30.0|40.0|mg|IV||||0.0
ZE-2026-41.04|V15.3|A|L01BB06|1||||40.0|50.0|mg|IV||||0.0
ZE-2026-41.05|V15.3|A|L01BB06|1||||50.0|60.0|mg|IV||||0.0
ZE-2026-41.06|V15.3|A|L01BB06|1||||60.0|70.0|mg|IV||||0.0
ZE-2026-41.07|V15.3|A|L01BB06|1||||70.0|80.0|mg|IV||||0.0
ZE-2026-41.08|V15.3|A|L01BB06|1||||80.0|100.0|mg|IV||||0.0
ZE-2026-41.09|V15.3|A|L01BB06|1||||100.0|120.0|mg|IV||||0.0
ZE-2026-41.10|V15.3|A|L01BB06|1||||120.0|140.0|mg|IV||||0.0
ZE-2026-41.11|V15.3|A|L01BB06|1||||140.0|160.0|mg|IV||||0.0
ZE-2026-41.12|V15.3|A|L01BB06|1||||160.0|180.0|mg|IV||||0.0
ZE-2026-41.13|V15.3|A|L01BB06|1||||180.0|200.0|mg|IV||||0.0
ZE-2026-41.14|V15.3|A|L01BB06|1||||200.0|220.0|mg|IV||||0.0
ZE-2026-41.15|V15.3|A|L01BB06|1||||220.0|240.0|mg|IV||||0.0
ZE-2026-41.16|V15.3|A|L01BB06|1||||240.0|260.0|mg|IV||||0.0
ZE-2026-41.17|V15.3|A|L01BB06|1||||260.0|280.0|mg|IV||||0.0
ZE-2026-41.18|V15.3|A|L01BB06|1||||280.0|320.0|mg|IV||||0.0
ZE-2026-41.19|V15.3|A|L01BB06|1||||320.0|360.0|mg|IV||||0.0
ZE-2026-41.20|V15.3|A|L01BB06|1||||360.0|440.0|mg|IV||||0.0
ZE-2026-41.21|V15.3|A|L01BB06|1||||440.0|520.0|mg|IV||||0.0
ZE-2026-41.22|V15.3|A|L01BB06|1||||520.0|600.0|mg|IV||||0.0
ZE-2026-41.23|V15.3|A|L01BB06|1||||600.0|760.0|mg|IV||||0.0
ZE-2026-41.24|V15.3|A|L01BB06|1||||760.0|920.0|mg|IV||||0.0
ZE-2026-41.25|V15.3|A|L01BB06|1||||920.0||mg|IV||||0.0
ZE-2026-42.00|V15.3|A|L01BB07|1||||500.0|1000.0|mg|IV||||906.29
ZE-2026-42.01|V15.3|A|L01BB07|1||||1000.0|1500.0|mg|IV||||1510.48
ZE-2026-42.02|V15.3|A|L01BB07|1||||1500.0|2000.0|mg|IV||||2114.67
ZE-2026-42.03|V15.3|A|L01BB07|1||||2000.0|2500.0|mg|IV||||2718.86
ZE-2026-42.04|V15.3|A|L01BB07|1||||2500.0|3000.0|mg|IV||||3323.05
ZE-2026-42.05|V15.3|A|L01BB07|1||||3000.0|3500.0|mg|IV||||3927.24
ZE-2026-42.06|V15.3|A|L01BB07|1||||3500.0|4000.0|mg|IV||||4531.43
ZE-2026-42.07|V15.3|A|L01BB07|1||||4000.0|4500.0|mg|IV||||5135.62
ZE-2026-42.08|V15.3|A|L01BB07|1||||4500.0|5000.0|mg|IV||||5739.81
ZE-2026-42.09|V15.3|A|L01BB07|1||||5000.0|6000.0|mg|IV||||6646.09
ZE-2026-42.10|V15.3|A|L01BB07|1||||6000.0|7000.0|mg|IV||||7854.47
ZE-2026-42.11|V15.3|A|L01BB07|1||||7000.0|8000.0|mg|IV||||9062.85
ZE-2026-42.12|V15.3|A|L01BB07|1||||8000.0|9000.0|mg|IV||||10271.23
ZE-2026-42.13|V15.3|A|L01BB07|1||||9000.0|10000.0|mg|IV||||11479.61
ZE-2026-42.14|V15.3|A|L01BB07|1||||10000.0|12000.0|mg|IV||||13292.18
ZE-2026-42.15|V15.3|A|L01BB07|1||||12000.0|14000.0|mg|IV||||15708.94
ZE-2026-42.17|V15.3|A|L01BB07|1||||14000.0|16000.0|mg|IV||||18125.7
ZE-2026-42.18|V15.3|A|L01BB07|1||||16000.0|18000.0|mg|IV||||20542.46
ZE-2026-42.19|V15.3|A|L01BB07|1||||18000.0|20000.0|mg|IV||||22959.22
ZE-2026-42.20|V15.3|A|L01BB07|1||||20000.0||mg|IV||||25375.98
ZE-2026-44.12|V15.3|A|L04AB04|1||||20.0|60.0|mg|SC,IV||||215.16
ZE-2026-44.13|V15.3|A|L04AB04|1||||60.0|100.0|mg|SC,IV||||430.32
ZE-2026-44.14|V15.3|A|L04AB04|1||||100.0|140.0|mg|SC,IV||||645.48
ZE-2026-44.15|V15.3|A|L04AB04|1||||140.0|180.0|mg|SC,IV||||860.64
ZE-2026-44.16|V15.3|A|L04AB04|1||||180.0|220.0|mg|SC,IV||||1075.8
ZE-2026-44.17|V15.3|A|L04AB04|1||||220.0|260.0|mg|SC,IV||||1290.96
ZE-2026-44.18|V15.3|A|L04AB04|1||||260.0|300.0|mg|SC,IV||||1506.13
ZE-2026-44.19|V15.3|A|L04AB04|1||||300.0|340.0|mg|SC,IV||||1721.29
ZE-2026-44.20|V15.3|A|L04AB04|1||||340.0|380.0|mg|SC,IV||||1936.45
ZE-2026-44.21|V15.3|A|L04AB04|1||||380.0|420.0|mg|SC,IV||||2151.61
ZE-2026-44.23|V15.3|A|L04AB04|1||||420.0|500.0|mg|SC,IV||||2474.35
ZE-2026-44.24|V15.3|A|L04AB04|1||||500.0|580.0|mg|SC,IV||||2904.67
ZE-2026-44.25|V15.3|A|L04AB04|1||||580.0|660.0|mg|SC,IV||||3334.99
ZE-2026-44.26|V15.3|A|L04AB04|1||||660.0|740.0|mg|SC,IV||||3765.31
ZE-2026-44.27|V15.3|A|L04AB04|1||||740.0|820.0|mg|SC,IV||||4195.64
ZE-2026-44.28|V15.3|A|L04AB04|1||||820.0|900.0|mg|SC,IV||||4625.96
ZE-2026-44.29|V15.3|A|L04AB04|1||||900.0|980.0|mg|SC,IV||||5056.28
ZE-2026-44.31|V15.3|A|L04AB04|1||||980.0|1060.0|mg|SC,IV||||5486.6
ZE-2026-44.32|V15.3|A|L04AB04|1||||1060.0|1220.0|mg|SC,IV||||6132.08
ZE-2026-44.33|V15.3|A|L04AB04|1||||1220.0|1380.0|mg|SC,IV||||6992.73
ZE-2026-44.34|V15.3|A|L04AB04|1||||1380.0|1540.0|mg|SC,IV||||7853.37
ZE-2026-44.35|V15.3|A|L04AB04|1||||1540.0||mg|SC,IV||||8714.01
ZE-2026-45.13|V15.3|A|L04AB05|1||||100.0|300.0|mg|SC,IV||||457.58
ZE-2026-45.14|V15.3|A|L04AB05|1||||300.0|500.0|mg|SC,IV||||915.17
ZE-2026-45.15|V15.3|A|L04AB05|1||||500.0|700.0|mg|SC,IV||||1372.75
ZE-2026-45.16|V15.3|A|L04AB05|1||||700.0|900.0|mg|SC,IV||||1830.34
ZE-2026-45.17|V15.3|A|L04AB05|1||||900.0|1100.0|mg|SC,IV||||2287.92
ZE-2026-45.18|V15.3|A|L04AB05|1||||1100.0|1300.0|mg|SC,IV||||2745.5
ZE-2026-45.19|V15.3|A|L04AB05|1||||1300.0|1500.0|mg|SC,IV||||3203.09
ZE-2026-45.20|V15.3|A|L04AB05|1||||1500.0|1700.0|mg|SC,IV||||3660.67
ZE-2026-45.21|V15.3|A|L04AB05|1||||1700.0|1900.0|mg|SC,IV||||4118.26
ZE-2026-45.22|V15.3|A|L04AB05|1||||1900.0|2100.0|mg|SC,IV||||4575.84
ZE-2026-45.23|V15.3|A|L04AB05|1||||2100.0|2300.0|mg|SC,IV||||5033.42
ZE-2026-45.24|V15.3|A|L04AB05|1||||2300.0|2500.0|mg|SC,IV||||5491.01
ZE-2026-45.25|V15.3|A|L04AB05|1||||2500.0||mg|SC,IV||||5948.59
ZE-2026-46.01|V15.3|A|L04AB06|1||||25.0|75.0|mg|SC,IV||||1003.58
ZE-2026-46.02|V15.3|A|L04AB06|1||||75.0|125.0|mg|SC,IV||||1566.48
ZE-2026-46.03|V15.3|A|L04AB06|1||||125.0|175.0|mg|SC,IV||||2349.71
ZE-2026-46.04|V15.3|A|L04AB06|1||||175.0|225.0|mg|SC,IV||||3132.95
ZE-2026-46.05|V15.3|A|L04AB06|1||||225.0|275.0|mg|SC,IV||||3916.19
ZE-2026-46.06|V15.3|A|L04AB06|1||||275.0|325.0|mg|SC,IV||||4699.43
ZE-2026-46.07|V15.3|A|L04AB06|1||||325.0|375.0|mg|SC,IV||||5482.67
ZE-2026-46.08|V15.3|A|L04AB06|1||||375.0|425.0|mg|SC,IV||||6265.9
ZE-2026-46.10|V15.3|A|L04AB06|1||||425.0|475.0|mg|SC,IV||||7049.14
ZE-2026-46.11|V15.3|A|L04AB06|1||||475.0|550.0|mg|SC,IV||||8028.19
ZE-2026-46.12|V15.3|A|L04AB06|1||||550.0|650.0|mg|SC,IV||||9398.86
ZE-2026-46.13|V15.3|A|L04AB06|1||||650.0||mg|SC,IV||||10965.33
ZE-2026-47.32|V15.3|A|L04AC07|1||||200.0|300.0|mg|IV|||16|416.03
ZE-2026-47.33|V15.3|A|L04AC07|1||||300.0|500.0|mg|IV||||665.65
ZE-2026-47.34|V15.3|A|L04AC07|1||||500.0|700.0|mg|IV||||998.47
ZE-2026-47.35|V15.3|A|L04AC07|1||||700.0|900.0|mg|IV||||1331.3
ZE-2026-47.36|V15.3|A|L04AC07|1||||900.0|1100.0|mg|IV||||1664.12
ZE-2026-47.37|V15.3|A|L04AC07|1||||1100.0|1300.0|mg|IV||||1996.94
ZE-2026-47.38|V15.3|A|L04AC07|1||||1300.0|1500.0|mg|IV||||2329.77
ZE-2026-47.39|V15.3|A|L04AC07|1||||1500.0|1700.0|mg|IV||||2662.59
ZE-2026-47.40|V15.3|A|L04AC07|1||||1700.0|1900.0|mg|IV||||2995.42
ZE-2026-47.41|V15.3|A|L04AC07|1||||1900.0|2300.0|mg|IV||||3494.65
ZE-2026-47.42|V15.3|A|L04AC07|1||||2300.0|2700.0|mg|IV||||4160.3
ZE-2026-47.43|V15.3|A|L04AC07|1||||2700.0|3100.0|mg|IV||||4825.95
ZE-2026-47.44|V15.3|A|L04AC07|1||||3100.0|3500.0|mg|IV||||5491.6
ZE-2026-47.45|V15.3|A|L04AC07|1||||3500.0|4300.0|mg|IV||||6490.07
ZE-2026-47.46|V15.3|A|L04AC07|1||||4300.0|5100.0|mg|IV||||7821.36
ZE-2026-47.47|V15.3|A|L04AC07|1||||5100.0|5900.0|mg|IV||||9152.66
ZE-2026-47.48|V15.3|A|L04AC07|1||||5900.0|6700.0|mg|IV||||10483.96
ZE-2026-47.49|V15.3|A|L04AC07|1||||6700.0|7500.0|mg|IV||||11815.25
ZE-2026-47.50|V15.3|A|L04AC07|1||||7500.0|8300.0|mg|IV||||13146.55
ZE-2026-47.52|V15.3|A|L04AC07|1||||8300.0|9500.0|mg|IV||||14810.67
ZE-2026-47.53|V15.3|A|L04AC07|1||||9500.0|10700.0|mg|IV||||16807.61
ZE-2026-47.54|V15.3|A|L04AC07|1||||10700.0|11900.0|mg|IV||||18804.56
ZE-2026-47.55|V15.3|A|L04AC07|1||||11900.0|13100.0|mg|IV||||20801.5
ZE-2026-47.56|V15.3|A|L04AC07|1||||13100.0|14300.0|mg|IV||||22798.44
ZE-2026-47.57|V15.3|A|L04AC07|1||||14300.0||mg|IV||||24795.39
ZE-2026-48.01|V15.3|C|39.BH.11|0|||||||||||10870.44
ZE-2026-48.02|V15.3|C|39.BH.23|0|||||||||||10870.44
ZE-2026-48.02|V15.3|C|39.BH.25|0|||||||||||10870.44
ZE-2026-48.02|V15.3|C|39.BH.26|0|||||||||||10870.44
ZE-2026-48.02|V15.3|C|39.BH.27|0|||||||||||10870.44
ZE-2026-48.02|V15.3|C|39.BH.28|0|||||||||||10870.44
ZE-2026-48.02|V15.3|C|39.BH.31|0|||||||||||10870.44
ZE-2026-48.02|V15.3|C|39.BH.51|0|||||||||||10870.44
ZE-2026-48.02|V15.3|C|39.BH.71|0|||||||||||10870.44
ZE-2026-48.02|V15.3|C|39.BH.74|0|||||||||||10870.44
ZE-2026-48.02|V15.3|C|39.BH.75|0|||||||||||10870.44
ZE-2026-48.02|V15.3|C|39.BH.81|0|||||||||||10870.44
ZE-2026-48.02|V15.3|C|39.BH.C1|0|||||||||||10870.44
ZE-2026-48.02|V15.3|C|39.BH.C3|0|||||||||||10870.44
ZE-2026-48.02|V15.3|C|39.BH.D1|0|||||||||||10870.44
ZE-2026-48.02|V15.3|C|39.BH.G1|0|||||||||||10870.44
ZE-2026-48.02|V15.3|C|39.BH.H1|0|||||||||||10870.44
ZE-2026-48.02|V15.3|C|39.BH.J7|0|||||||||||10870.44
ZE-2026-48.02|V15.3|C|39.BH.JB|0|||||||||||10870.44
ZE-2026-48.02|V15.3|C|39.BH.JF|0|||||||||||10870.44
ZE-2026-48.02|V15.3|C|39.BH.JI|0|||||||||||10870.44
ZE-2026-48.02|V15.3|C|39.BH.L1|0|||||||||||10870.44
ZE-2026-48.02|V15.3|C|39.BH.M1|0|||||||||||10870.44
ZE-2026-48.02|V15.3|C|39.BH.N1|0|||||||||||10870.44
ZE-2026-49.09|V15.3|C|37.69.70|0|||||||||||8269.35
ZE-2026-49.09|V15.3|C|37.69.80|0|||||||||||8269.35
ZE-2026-49.09|V15.3|C|37.69.A0|0|||||||||||8269.35
ZE-2026-49.10|V15.3|C|37.69.71|0|||||||||||9974.28
ZE-2026-49.10|V15.3|C|37.69.81|0|||||||||||9974.28
ZE-2026-49.10|V15.3|C|37.69.A1|0|||||||||||9974.28
ZE-2026-49.11|V15.3|C|37.69.72|0|||||||||||11679.21
ZE-2026-49.11|V15.3|C|37.69.82|0|||||||||||11679.21
ZE-2026-49.11|V15.3|C|37.69.A2|0|||||||||||11679.21
ZE-2026-49.12|V15.3|C|37.69.73|0|||||||||||13384.14
ZE-2026-49.12|V15.3|C|37.69.83|0|||||||||||13384.14
ZE-2026-49.12|V15.3|C|37.69.A3|0|||||||||||13384.14
ZE-2026-49.13|V15.3|C|37.69.74|0|||||||||||15089.07
ZE-2026-49.13|V15.3|C|37.69.84|0|||||||||||15089.07
ZE-2026-49.13|V15.3|C|37.69.A4|0|||||||||||15089.07
ZE-2026-49.14|V15.3|C|37.69.75|0|||||||||||16794.0
ZE-2026-49.14|V15.3|C|37.69.85|0|||||||||||16794.0
ZE-2026-49.14|V15.3|C|37.69.A5|0|||||||||||16794.0
ZE-2026-49.15|V15.3|C|37.69.76|0|||||||||||18498.93
ZE-2026-49.15|V15.3|C|37.69.86|0|||||||||||18498.93
ZE-2026-49.15|V15.3|C|37.69.A6|0|||||||||||18498.93
ZE-2026-49.17|V15.3|C|37.69.78|0|||||||||||20203.86
ZE-2026-49.17|V15.3|C|37.69.88|0|||||||||||20203.86
ZE-2026-49.17|V15.3|C|37.69.A8|0|||||||||||20203.86
ZE-2026-49.18|V15.3|C|37.69.7A|0|||||||||||21908.79
ZE-2026-49.18|V15.3|C|37.69.8A|0|||||||||||21908.79
ZE-2026-49.18|V15.3|C|37.69.AA|0|||||||||||21908.79
ZE-2026-49.19|V15.3|C|37.69.7B|0|||||||||||23613.72
ZE-2026-49.19|V15.3|C|37.69.8B|0|||||||||||23613.72
ZE-2026-49.19|V15.3|C|37.69.AB|0|||||||||||23613.72
ZE-2026-49.20|V15.3|C|37.69.7C|0|||||||||||25318.65
ZE-2026-49.20|V15.3|C|37.69.8C|0|||||||||||25318.65
ZE-2026-49.20|V15.3|C|37.69.AC|0|||||||||||25318.65
ZE-2026-49.21|V15.3|C|37.69.7D|0|||||||||||27023.58
ZE-2026-49.21|V15.3|C|37.69.8D|0|||||||||||27023.58
ZE-2026-49.21|V15.3|C|37.69.AD|0|||||||||||27023.58
ZE-2026-49.22|V15.3|C|37.69.7E|0|||||||||||29580.98
ZE-2026-49.22|V15.3|C|37.69.8E|0|||||||||||29580.98
ZE-2026-49.22|V15.3|C|37.69.AE|0|||||||||||29580.98
ZE-2026-49.23|V15.3|C|37.69.7F|0|||||||||||32990.84
ZE-2026-49.23|V15.3|C|37.69.8F|0|||||||||||32990.84
ZE-2026-49.23|V15.3|C|37.69.AF|0|||||||||||32990.84
ZE-2026-49.24|V15.3|C|37.69.7G|0|||||||||||36400.7
ZE-2026-49.24|V15.3|C|37.69.8G|0|||||||||||36400.7
ZE-2026-49.24|V15.3|C|37.69.AG|0|||||||||||36400.7
ZE-2026-49.25|V15.3|C|37.69.7H|0|||||||||||39810.56
ZE-2026-49.25|V15.3|C|37.69.8H|0|||||||||||39810.56
ZE-2026-49.25|V15.3|C|37.69.AH|0|||||||||||39810.56
ZE-2026-49.26|V15.3|C|37.69.7I|0|||||||||||43220.42
ZE-2026-49.26|V15.3|C|37.69.8I|0|||||||||||43220.42
ZE-2026-49.26|V15.3|C|37.69.AI|0|||||||||||43220.42
ZE-2026-49.27|V15.3|C|37.69.7J|0|||||||||||47482.74
ZE-2026-49.27|V15.3|C|37.69.8J|0|||||||||||47482.74
ZE-2026-49.27|V15.3|C|37.69.AJ|0|||||||||||47482.74
ZE-2026-49.29|V15.3|C|37.69.7L|0|||||||||||52597.53
ZE-2026-49.29|V15.3|C|37.69.8L|0|||||||||||52597.53
ZE-2026-49.29|V15.3|C|37.69.AL|0|||||||||||52597.53
ZE-2026-49.30|V15.3|C|37.69.7M|0|||||||||||57712.32
ZE-2026-49.30|V15.3|C|37.69.8M|0|||||||||||57712.32
ZE-2026-49.30|V15.3|C|37.69.AM|0|||||||||||57712.32
ZE-2026-49.31|V15.3|C|37.69.7N|0|||||||||||62827.11
ZE-2026-49.31|V15.3|C|37.69.8N|0|||||||||||62827.11
ZE-2026-49.31|V15.3|C|37.69.AN|0|||||||||||62827.11
ZE-2026-49.32|V15.3|C|37.69.7O|0|||||||||||67941.9
ZE-2026-49.32|V15.3|C|37.69.8O|0|||||||||||67941.9
ZE-2026-49.32|V15.3|C|37.69.AO|0|||||||||||67941.9
ZE-2026-49.33|V15.3|C|37.69.7P|0|||||||||||73056.69
ZE-2026-49.33|V15.3|C|37.69.8P|0|||||||||||73056.69
ZE-2026-49.33|V15.3|C|37.69.AP|0|||||||||||73056.69
ZE-2026-49.34|V15.3|C|37.69.7Q|0|||||||||||78171.48
ZE-2026-49.34|V15.3|C|37.69.8Q|0|||||||||||78171.48
ZE-2026-49.34|V15.3|C|37.69.AQ|0|||||||||||78171.48
ZE-2026-49.35|V15.3|C|37.69.7R|0|||||||||||83286.27
ZE-2026-49.35|V15.3|C|37.69.8R|0|||||||||||83286.27
ZE-2026-49.35|V15.3|C|37.69.AR|0|||||||||||83286.27
ZE-2026-51.29|V15.3|A|L01XG01|1||||4.5|5.5|mg|IV,SC||||190.76
ZE-2026-51.30|V15.3|A|L01XG01|1||||5.5|7.5|mg|IV,SC||||247.99
ZE-2026-51.31|V15.3|A|L01XG01|1||||7.5|9.5|mg|IV,SC||||324.3
ZE-2026-51.32|V15.3|A|L01XG01|1||||9.5|11.5|mg|IV,SC||||400.61
ZE-2026-51.33|V15.3|A|L01XG01|1||||11.5|13.5|mg|IV,SC||||476.91
ZE-2026-51.34|V15.3|A|L01XG01|1||||13.5|16.5|mg|IV,SC||||572.29
ZE-2026-51.35|V15.3|A|L01XG01|1||||16.5|19.5|mg|IV,SC||||686.75
ZE-2026-51.36|V15.3|A|L01XG01|1||||19.5|22.5|mg|IV,SC||||801.21
ZE-2026-51.37|V15.3|A|L01XG01|1||||22.5|25.5|mg|IV,SC||||915.67
ZE-2026-51.38|V15.3|A|L01XG01|1||||25.5|29.5|mg|IV,SC||||1049.21
ZE-2026-51.39|V15.3|A|L01XG01|1||||29.5|33.5|mg|IV,SC||||1201.82
ZE-2026-51.40|V15.3|A|L01XG01|1||||33.5|37.5|mg|IV,SC||||1354.43
ZE-2026-51.41|V15.3|A|L01XG01|1||||37.5|41.5|mg|IV,SC||||1507.04
ZE-2026-51.42|V15.3|A|L01XG01|1||||41.5|47.5|mg|IV,SC||||1697.81
ZE-2026-51.43|V15.3|A|L01XG01|1||||47.5|53.5|mg|IV,SC||||1926.72
ZE-2026-51.44|V15.3|A|L01XG01|1||||53.5|59.5|mg|IV,SC||||2155.64
ZE-2026-51.45|V15.3|A|L01XG01|1||||59.5||mg|IV,SC||||2384.56
ZE-2026-52.01|V15.3|A|J06BA02|1||||2.5|5.0|g|IV|||12|141.75
ZE-2026-52.29|V15.3|A|J06BA02|1||||5.0|10.0|g|IV|||16|283.51
ZE-2026-52.30|V15.3|A|J06BA02|1||||10.0|15.0|g|IV||||472.52
ZE-2026-52.31|V15.3|A|J06BA02|1||||15.0|25.0|g|IV||||756.02
ZE-2026-52.32|V15.3|A|J06BA02|1||||25.0|35.0|g|IV||||1134.04
ZE-2026-52.33|V15.3|A|J06BA02|1||||35.0|45.0|g|IV||||1512.05
ZE-2026-52.34|V15.3|A|J06BA02|1||||45.0|55.0|g|IV||||1890.06
ZE-2026-52.35|V15.3|A|J06BA02|1||||55.0|65.0|g|IV||||2268.07
ZE-2026-52.36|V15.3|A|J06BA02|1||||65.0|75.0|g|IV||||2646.08
ZE-2026-52.37|V15.3|A|J06BA02|1||||75.0|85.0|g|IV||||3024.1
ZE-2026-52.38|V15.3|A|J06BA02|1||||85.0|105.0|g|IV||||3591.11
ZE-2026-52.39|V15.3|A|J06BA02|1||||105.0|125.0|g|IV||||4347.14
ZE-2026-52.40|V15.3|A|J06BA02|1||||125.0|145.0|g|IV||||5103.16
ZE-2026-52.41|V15.3|A|J06BA02|1||||145.0|165.0|g|IV||||5859.19
ZE-2026-52.42|V15.3|A|J06BA02|1||||165.0|185.0|g|IV||||6615.21
ZE-2026-52.43|V15.3|A|J06BA02|1||||185.0|205.0|g|IV||||7371.23
ZE-2026-52.44|V15.3|A|J06BA02|1||||205.0|225.0|g|IV||||8127.26
ZE-2026-52.45|V15.3|A|J06BA02|1||||225.0|245.0|g|IV||||8883.28
ZE-2026-52.46|V15.3|A|J06BA02|1||||245.0|285.0|g|IV||||10017.32
ZE-2026-52.47|V15.3|A|J06BA02|1||||285.0|325.0|g|IV||||11529.37
ZE-2026-52.48|V15.3|A|J06BA02|1||||325.0|365.0|g|IV||||13041.41
ZE-2026-52.49|V15.3|A|J06BA02|1||||365.0|445.0|g|IV||||15309.49
ZE-2026-52.50|V15.3|A|J06BA02|1||||445.0|525.0|g|IV||||18333.58
ZE-2026-52.51|V15.3|A|J06BA02|1||||525.0|605.0|g|IV||||21357.68
ZE-2026-52.52|V15.3|A|J06BA02|1||||605.0|685.0|g|IV||||24381.77
ZE-2026-52.53|V15.3|A|J06BA02|1||||685.0|765.0|g|IV||||27405.87
ZE-2026-52.54|V15.3|A|J06BA02|1||||765.0|845.0|g|IV||||30429.97
ZE-2026-52.55|V15.3|A|J06BA02|1||||845.0|925.0|g|IV||||33454.06
ZE-2026-52.56|V15.3|A|J06BA02|1||||925.0|1005.0|g|IV||||36478.16
ZE-2026-52.57|V15.3|A|J06BA02|1||||1005.0|1105.0|g|IV||||39880.27
ZE-2026-52.58|V15.3|A|J06BA02|1||||1105.0|1205.0|g|IV||||43660.39
ZE-2026-52.59|V15.3|A|J06BA02|1||||1205.0|1305.0|g|IV||||47440.51
ZE-2026-52.60|V15.3|A|J06BA02|1||||1305.0|1425.0|g|IV||||51598.64
ZE-2026-52.61|V15.3|A|J06BA02|1||||1425.0|1545.0|g|IV||||56134.78
ZE-2026-52.62|V15.3|A|J06BA02|1||||1545.0||g|IV||||60670.93
ZE-2026-55.17|V15.3|A|L04AC05|1||||22.5|67.5|mg|SC||||2523.66
ZE-2026-55.18|V15.3|A|L04AC05|1||||67.5|112.5|mg|SC||||3154.58
ZE-2026-55.19|V15.3|A|L04AC05|1||||112.5|157.5|mg|SC||||4731.87
ZE-2026-55.20|V15.3|A|L04AC05|1||||157.5|202.5|mg|SC||||6309.16
ZE-2026-55.21|V15.3|A|L04AC05|1||||202.5|292.5|mg|SC||||8675.1
ZE-2026-55.22|V15.3|A|L04AC05|1||||292.5|382.5|mg|SC||||11829.68
ZE-2026-55.23|V15.3|A|L04AC05|1||||382.5|472.5|mg|SC||||14984.26
ZE-2026-55.24|V15.3|A|L04AC05|1||||472.5|562.5|mg|SC||||18138.84
ZE-2026-55.25|V15.3|A|L04AC05|1||||562.5||mg|SC||||21293.42
ZE-2026-56.19|V15.3|A|L04AJ01|1||||150.0|450.0|mg|IV||||3842.14
ZE-2026-56.20|V15.3|A|L04AJ01|1||||450.0|750.0|mg|IV||||7684.28
ZE-2026-56.21|V15.3|A|L04AJ01|1||||750.0|1050.0|mg|IV||||11526.43
ZE-2026-56.22|V15.3|A|L04AJ01|1||||1050.0|1350.0|mg|IV||||15368.57
ZE-2026-56.23|V15.3|A|L04AJ01|1||||1350.0|1650.0|mg|IV||||19210.71
ZE-2026-56.24|V15.3|A|L04AJ01|1||||1650.0|1950.0|mg|IV||||23052.85
ZE-2026-56.25|V15.3|A|L04AJ01|1||||1950.0|2250.0|mg|IV||||26894.99
ZE-2026-56.26|V15.3|A|L04AJ01|1||||2250.0|2550.0|mg|IV||||30737.14
ZE-2026-56.27|V15.3|A|L04AJ01|1||||2550.0|2850.0|mg|IV||||34579.28
ZE-2026-56.28|V15.3|A|L04AJ01|1||||2850.0|3150.0|mg|IV||||38421.42
ZE-2026-56.29|V15.3|A|L04AJ01|1||||3150.0|3450.0|mg|IV||||42263.56
ZE-2026-56.30|V15.3|A|L04AJ01|1||||3450.0|3750.0|mg|IV||||46105.7
ZE-2026-56.31|V15.3|A|L04AJ01|1||||3750.0|4050.0|mg|IV||||49947.85
ZE-2026-56.32|V15.3|A|L04AJ01|1||||4050.0|4350.0|mg|IV||||53789.99
ZE-2026-56.33|V15.3|A|L04AJ01|1||||4350.0|4650.0|mg|IV||||57632.13
ZE-2026-56.34|V15.3|A|L04AJ01|1||||4650.0|4950.0|mg|IV||||61474.27
ZE-2026-56.35|V15.3|A|L04AJ01|1||||4950.0|5250.0|mg|IV||||65316.41
ZE-2026-56.36|V15.3|A|L04AJ01|1||||5250.0|5550.0|mg|IV||||69158.56
ZE-2026-56.37|V15.3|A|L04AJ01|1||||5550.0|5850.0|mg|IV||||73000.7
ZE-2026-56.38|V15.3|A|L04AJ01|1||||5850.0|6150.0|mg|IV||||76842.84
ZE-2026-56.39|V15.3|A|L04AJ01|1||||6150.0|6450.0|mg|IV||||80684.98
ZE-2026-56.41|V15.3|A|L04AJ01|1||||6450.0|7050.0|mg|IV||||86448.2
ZE-2026-56.42|V15.3|A|L04AJ01|1||||7050.0|7650.0|mg|IV||||94132.48
ZE-2026-56.43|V15.3|A|L04AJ01|1||||7650.0|8250.0|mg|IV||||101816.76
ZE-2026-56.44|V15.3|A|L04AJ01|1||||8250.0|8850.0|mg|IV||||109501.05
ZE-2026-56.46|V15.3|A|L04AJ01|1||||8850.0|9450.0|mg|IV||||117185.33
ZE-2026-56.47|V15.3|A|L04AJ01|1||||9450.0||mg|IV||||124869.62
ZE-2026-57.12|V15.3|A|L04AA24|1||||375.0|625.0|mg|IV,IT||||706.05
ZE-2026-57.13|V15.3|A|L04AA24|1||||625.0|875.0|mg|IV,IT||||1059.08
ZE-2026-57.14|V15.3|A|L04AA24|1||||875.0|1125.0|mg|IV,IT||||1412.1
ZE-2026-57.15|V15.3|A|L04AA24|1||||1125.0|1375.0|mg|IV,IT||||1765.13
ZE-2026-57.16|V15.3|A|L04AA24|1||||1375.0|1625.0|mg|IV,IT||||2118.15
ZE-2026-57.17|V15.3|A|L04AA24|1||||1625.0|1875.0|mg|IV,IT||||2471.18
ZE-2026-57.18|V15.3|A|L04AA24|1||||1875.0|2125.0|mg|IV,IT||||2824.2
ZE-2026-57.19|V15.3|A|L04AA24|1||||2125.0|2375.0|mg|IV,IT||||3177.23
ZE-2026-57.20|V15.3|A|L04AA24|1||||2375.0|2625.0|mg|IV,IT||||3530.25
ZE-2026-57.21|V15.3|A|L04AA24|1||||2625.0|2875.0|mg|IV,IT||||3883.28
ZE-2026-57.22|V15.3|A|L04AA24|1||||2875.0||mg|IV,IT||||4236.3
ZE-2026-58.07|V15.3|A|L04AA24|1||||187.5|312.5|mg|SC||||485.06
ZE-2026-58.08|V15.3|A|L04AA24|1||||312.5|437.5|mg|SC||||727.59
ZE-2026-58.09|V15.3|A|L04AA24|1||||437.5|562.5|mg|SC||||970.12
ZE-2026-58.10|V15.3|A|L04AA24|1||||562.5|687.5|mg|SC||||1212.65
ZE-2026-58.11|V15.3|A|L04AA24|1||||687.5|937.5|mg|SC||||1576.45
ZE-2026-58.12|V15.3|A|L04AA24|1||||937.5|1187.5|mg|SC||||2061.51
ZE-2026-58.13|V15.3|A|L04AA24|1||||1187.5|1437.5|mg|SC||||2546.57
ZE-2026-58.14|V15.3|A|L04AA24|1||||1437.5|1687.5|mg|SC||||3031.63
ZE-2026-58.16|V15.3|A|L04AA24|1||||1687.5|1937.5|mg|SC||||3516.69
ZE-2026-58.17|V15.3|A|L04AA24|1||||1937.5|2437.5|mg|SC||||4244.28
ZE-2026-58.18|V15.3|A|L04AA24|1||||2437.5||mg|SC||||5214.4
ZE-2026-61.01|V15.3|A|L01FE02|1||||180.0|300.0|mg|IV||||920.14
ZE-2026-61.02|V15.3|A|L01FE02|1||||300.0|420.0|mg|IV||||1380.21
ZE-2026-61.03|V15.3|A|L01FE02|1||||420.0|540.0|mg|IV||||1840.28
ZE-2026-61.04|V15.3|A|L01FE02|1||||540.0|660.0|mg|IV||||2300.35
ZE-2026-61.05|V15.3|A|L01FE02|1||||660.0|780.0|mg|IV||||2760.42
ZE-2026-61.06|V15.3|A|L01FE02|1||||780.0|900.0|mg|IV||||3220.48
ZE-2026-61.07|V15.3|A|L01FE02|1||||900.0|1020.0|mg|IV||||3680.55
ZE-2026-61.08|V15.3|A|L01FE02|1||||1020.0|1260.0|mg|IV||||4370.66
ZE-2026-61.09|V15.3|A|L01FE02|1||||1260.0|1500.0|mg|IV||||5290.8
ZE-2026-61.10|V15.3|A|L01FE02|1||||1500.0|1740.0|mg|IV||||6210.93
ZE-2026-61.11|V15.3|A|L01FE02|1||||1740.0|1980.0|mg|IV||||7131.07
ZE-2026-61.12|V15.3|A|L01FE02|1||||1980.0|2220.0|mg|IV||||8051.21
ZE-2026-61.13|V15.3|A|L01FE02|1||||2220.0|2460.0|mg|IV||||8971.35
ZE-2026-61.14|V15.3|A|L01FE02|1||||2460.0||mg|IV||||9891.49
ZE-2026-62.02|V15.3|A|L01FA01|1||||250.0|350.0|mg|IV,SC||||286.03
ZE-2026-62.03|V15.3|A|L01FA01|1||||350.0|450.0|mg|IV,SC||||381.38
ZE-2026-62.04|V15.3|A|L01FA01|1||||450.0|550.0|mg|IV,SC||||476.72
ZE-2026-62.05|V15.3|A|L01FA01|1||||550.0|650.0|mg|IV,SC||||572.06
ZE-2026-62.06|V15.3|A|L01FA01|1||||650.0|750.0|mg|IV,SC||||667.41
ZE-2026-62.07|V15.3|A|L01FA01|1||||750.0|850.0|mg|IV,SC||||762.75
ZE-2026-62.08|V15.3|A|L01FA01|1||||850.0|950.0|mg|IV,SC||||858.1
ZE-2026-62.09|V15.3|A|L01FA01|1||||950.0|1050.0|mg|IV,SC||||953.44
ZE-2026-62.10|V15.3|A|L01FA01|1||||1050.0|1250.0|mg|IV,SC||||1096.46
ZE-2026-62.11|V15.3|A|L01FA01|1||||1250.0|1450.0|mg|IV,SC||||1287.14
ZE-2026-62.12|V15.3|A|L01FA01|1||||1450.0|1650.0|mg|IV,SC||||1477.83
ZE-2026-62.13|V15.3|A|L01FA01|1||||1650.0|1850.0|mg|IV,SC||||1668.52
ZE-2026-62.14|V15.3|A|L01FA01|1||||1850.0|2050.0|mg|IV,SC||||1859.21
ZE-2026-62.15|V15.3|A|L01FA01|1||||2050.0|2450.0|mg|IV,SC||||2145.24
ZE-2026-62.16|V15.3|A|L01FA01|1||||2450.0|2850.0|mg|IV,SC||||2526.62
ZE-2026-62.17|V15.3|A|L01FA01|1||||2850.0|3250.0|mg|IV,SC||||2907.99
ZE-2026-62.18|V15.3|A|L01FA01|1||||3250.0|3650.0|mg|IV,SC||||3289.37
ZE-2026-62.20|V15.3|A|L01FA01|1||||3650.0|4150.0|mg|IV,SC||||3718.42
ZE-2026-62.21|V15.3|A|L01FA01|1||||4150.0|4650.0|mg|IV,SC||||4195.14
ZE-2026-62.22|V15.3|A|L01FA01|1||||4650.0|5150.0|mg|IV,SC||||4671.86
ZE-2026-62.23|V15.3|A|L01FA01|1||||5150.0|5650.0|mg|IV,SC||||5148.58
ZE-2026-62.24|V15.3|A|L01FA01|1||||5650.0|6250.0|mg|IV,SC||||5672.97
ZE-2026-62.25|V15.3|A|L01FA01|1||||6250.0|6850.0|mg|IV,SC||||6245.03
ZE-2026-62.26|V15.3|A|L01FA01|1||||6850.0|7450.0|mg|IV,SC||||6817.1
ZE-2026-62.27|V15.3|A|L01FA01|1||||7450.0|8050.0|mg|IV,SC||||7389.16
ZE-2026-62.29|V15.3|A|L01FA01|1||||8050.0|8850.0|mg|IV,SC||||8056.57
ZE-2026-62.30|V15.3|A|L01FA01|1||||8850.0|9650.0|mg|IV,SC||||8819.32
ZE-2026-62.31|V15.3|A|L01FA01|1||||9650.0|10450.0|mg|IV,SC||||9582.07
ZE-2026-62.32|V15.3|A|L01FA01|1||||10450.0|11250.0|mg|IV,SC||||10344.82
ZE-2026-62.34|V15.3|A|L01FA01|1||||11250.0|12050.0|mg|IV,SC||||11107.58
ZE-2026-62.35|V15.3|A|L01FA01|1||||12050.0||mg|IV,SC||||11870.33
ZE-2026-64.23|V15.3|A|L01FD01|1||||100.0|150.0|mg|IV,IT,SC||||289.03
ZE-2026-64.24|V15.3|A|L01FD01|1||||150.0|200.0|mg|IV,IT,SC||||404.65
ZE-2026-64.25|V15.3|A|L01FD01|1||||200.0|250.0|mg|IV,IT,SC||||520.26
ZE-2026-64.26|V15.3|A|L01FD01|1||||250.0|350.0|mg|IV,IT,SC||||693.68
ZE-2026-64.27|V15.3|A|L01FD01|1||||350.0|500.0|mg|IV,IT,SC||||982.71
ZE-2026-64.28|V15.3|A|L01FD01|1||||500.0|650.0|mg|IV,IT,SC||||1329.56
ZE-2026-64.29|V15.3|A|L01FD01|1||||650.0|800.0|mg|IV,IT,SC||||1676.4
ZE-2026-64.30|V15.3|A|L01FD01|1||||800.0|950.0|mg|IV,IT,SC||||2023.24
ZE-2026-64.31|V15.3|A|L01FD01|1||||950.0|1100.0|mg|IV,IT,SC||||2370.08
ZE-2026-64.32|V15.3|A|L01FD01|1||||1100.0|1300.0|mg|IV,IT,SC||||2774.72
ZE-2026-64.33|V15.3|A|L01FD01|1||||1300.0|1500.0|mg|IV,IT,SC||||3237.18
ZE-2026-64.34|V15.3|A|L01FD01|1||||1500.0|1700.0|mg|IV,IT,SC||||3699.63
ZE-2026-64.35|V15.3|A|L01FD01|1||||1700.0|2000.0|mg|IV,IT,SC||||4277.7
ZE-2026-64.36|V15.3|A|L01FD01|1||||2000.0|2300.0|mg|IV,IT,SC||||4971.38
ZE-2026-64.37|V15.3|A|L01FD01|1||||2300.0||mg|IV,IT,SC||||5665.06
ZE-2026-68.64|V15.3|A|B02BD07|1||D65.0,D65.1,D65.2,D66,D67,D68.00,D68.01,D68.09,D68.1,D68.20,D68.21,D68.22,D68.23,D68.24,D68.25,D68.26,D68.28,D68.31,D68.32,D68.38,D68.4,D68.5,D69.1,D69.3,D69.40,D69.41,D69.52,D69.53,D69.57,D69.58,D82.0,M31.1,P53,P60,P61.0,D68.33,D68.34,D68.35,D68.8,D69.80,D69.88||200.0|300.0|U|IV|||6|169.54
ZE-2026-68.65|V15.3|A|B02BD07|1||D65.0,D65.1,D65.2,D66,D67,D68.00,D68.01,D68.09,D68.1,D68.20,D68.21,D68.22,D68.23,D68.24,D68.25,D68.26,D68.28,D68.31,D68.32,D68.38,D68.4,D68.5,D69.1,D69.3,D69.40,D69.41,D69.52,D69.53,D69.57,D69.58,D82.0,M31.1,P53,P60,P61.0,D68.33,D68.34,D68.35,D68.8,D69.80,D69.88||300.0|500.0|U|IV|||6|271.26
ZE-2026-68.66|V15.3|A|B02BD07|1||D65.0,D65.1,D65.2,D66,D67,D68.00,D68.01,D68.09,D68.1,D68.20,D68.21,D68.22,D68.23,D68.24,D68.25,D68.26,D68.28,D68.31,D68.32,D68.38,D68.4,D68.5,D69.1,D69.3,D69.40,D69.41,D69.52,D69.53,D69.57,D69.58,D82.0,M31.1,P53,P60,P61.0,D68.33,D68.34,D68.35,D68.8,D69.80,D69.88||500.0|1000.0|U|IV|||16|508.61
ZE-2026-68.67|V15.3|A|B02BD07|1||D65.0,D65.1,D65.2,D66,D67,D68.00,D68.01,D68.09,D68.1,D68.20,D68.21,D68.22,D68.23,D68.24,D68.25,D68.26,D68.28,D68.31,D68.32,D68.38,D68.4,D68.5,D69.1,D69.3,D69.40,D69.41,D69.52,D69.53,D69.57,D69.58,D82.0,M31.1,P53,P60,P61.0,D68.33,D68.34,D68.35,D68.8,D69.80,D69.88||1000.0|2000.0|U|IV|||16|1017.21
ZE-2026-68.68|V15.3|A|B02BD07|1||D65.0,D65.1,D65.2,D66,D67,D68.00,D68.01,D68.09,D68.1,D68.20,D68.21,D68.22,D68.23,D68.24,D68.25,D68.26,D68.28,D68.31,D68.32,D68.38,D68.4,D68.5,D69.1,D69.3,D69.40,D69.41,D69.52,D69.53,D69.57,D69.58,D82.0,M31.1,P53,P60,P61.0,D68.33,D68.34,D68.35,D68.8,D69.80,D69.88||2000.0|3075.0|U|IV||||1720.78
ZE-2026-68.69|V15.3|A|B02BD07|1||D65.0,D65.1,D65.2,D66,D67,D68.00,D68.01,D68.09,D68.1,D68.20,D68.21,D68.22,D68.23,D68.24,D68.25,D68.26,D68.28,D68.31,D68.32,D68.38,D68.4,D68.5,D69.1,D69.3,D69.40,D69.41,D69.52,D69.53,D69.57,D69.58,D82.0,M31.1,P53,P60,P61.0,D68.33,D68.34,D68.35,D68.8,D69.80,D69.88||3075.0|4375.0|U|IV||||2526.07
ZE-2026-68.70|V15.3|A|B02BD07|1||D65.0,D65.1,D65.2,D66,D67,D68.00,D68.01,D68.09,D68.1,D68.20,D68.21,D68.22,D68.23,D68.24,D68.25,D68.26,D68.28,D68.31,D68.32,D68.38,D68.4,D68.5,D69.1,D69.3,D69.40,D69.41,D69.52,D69.53,D69.57,D69.58,D82.0,M31.1,P53,P60,P61.0,D68.33,D68.34,D68.35,D68.8,D69.80,D69.88||4375.0|5625.0|U|IV||||3390.7
ZE-2026-68.71|V15.3|A|B02BD07|1||D65.0,D65.1,D65.2,D66,D67,D68.00,D68.01,D68.09,D68.1,D68.20,D68.21,D68.22,D68.23,D68.24,D68.25,D68.26,D68.28,D68.31,D68.32,D68.38,D68.4,D68.5,D69.1,D69.3,D69.40,D69.41,D69.52,D69.53,D69.57,D69.58,D82.0,M31.1,P53,P60,P61.0,D68.33,D68.34,D68.35,D68.8,D69.80,D69.88||5625.0|6875.0|U|IV||||4238.38
ZE-2026-68.72|V15.3|A|B02BD07|1||D65.0,D65.1,D65.2,D66,D67,D68.00,D68.01,D68.09,D68.1,D68.20,D68.21,D68.22,D68.23,D68.24,D68.25,D68.26,D68.28,D68.31,D68.32,D68.38,D68.4,D68.5,D69.1,D69.3,D69.40,D69.41,D69.52,D69.53,D69.57,D69.58,D82.0,M31.1,P53,P60,P61.0,D68.33,D68.34,D68.35,D68.8,D69.80,D69.88||6875.0|8125.0|U|IV||||5086.05
ZE-2026-68.73|V15.3|A|B02BD07|1||D65.0,D65.1,D65.2,D66,D67,D68.00,D68.01,D68.09,D68.1,D68.20,D68.21,D68.22,D68.23,D68.24,D68.25,D68.26,D68.28,D68.31,D68.32,D68.38,D68.4,D68.5,D69.1,D69.3,D69.40,D69.41,D69.52,D69.53,D69.57,D69.58,D82.0,M31.1,P53,P60,P61.0,D68.33,D68.34,D68.35,D68.8,D69.80,D69.88||8125.0|9375.0|U|IV||||5933.73
ZE-2026-68.74|V15.3|A|B02BD07|1||D65.0,D65.1,D65.2,D66,D67,D68.00,D68.01,D68.09,D68.1,D68.20,D68.21,D68.22,D68.23,D68.24,D68.25,D68.26,D68.28,D68.31,D68.32,D68.38,D68.4,D68.5,D69.1,D69.3,D69.40,D69.41,D69.52,D69.53,D69.57,D69.58,D82.0,M31.1,P53,P60,P61.0,D68.33,D68.34,D68.35,D68.8,D69.80,D69.88||9375.0|10625.0|U|IV||||6781.4
ZE-2026-68.75|V15.3|A|B02BD07|1||D65.0,D65.1,D65.2,D66,D67,D68.00,D68.01,D68.09,D68.1,D68.20,D68.21,D68.22,D68.23,D68.24,D68.25,D68.26,D68.28,D68.31,D68.32,D68.38,D68.4,D68.5,D69.1,D69.3,D69.40,D69.41,D69.52,D69.53,D69.57,D69.58,D82.0,M31.1,P53,P60,P61.0,D68.33,D68.34,D68.35,D68.8,D69.80,D69.88||10625.0|11875.0|U|IV||||7629.08
ZE-2026-68.76|V15.3|A|B02BD07|1||D65.0,D65.1,D65.2,D66,D67,D68.00,D68.01,D68.09,D68.1,D68.20,D68.21,D68.22,D68.23,D68.24,D68.25,D68.26,D68.28,D68.31,D68.32,D68.38,D68.4,D68.5,D69.1,D69.3,D69.40,D69.41,D69.52,D69.53,D69.57,D69.58,D82.0,M31.1,P53,P60,P61.0,D68.33,D68.34,D68.35,D68.8,D69.80,D69.88||11875.0|13125.0|U|IV||||8476.75
ZE-2026-68.77|V15.3|A|B02BD07|1||D65.0,D65.1,D65.2,D66,D67,D68.00,D68.01,D68.09,D68.1,D68.20,D68.21,D68.22,D68.23,D68.24,D68.25,D68.26,D68.28,D68.31,D68.32,D68.38,D68.4,D68.5,D69.1,D69.3,D69.40,D69.41,D69.52,D69.53,D69.57,D69.58,D82.0,M31.1,P53,P60,P61.0,D68.33,D68.34,D68.35,D68.8,D69.80,D69.88||13125.0|15000.0|U|IV||||9536.34
ZE-2026-68.78|V15.3|A|B02BD07|1||D65.0,D65.1,D65.2,D66,D67,D68.00,D68.01,D68.09,D68.1,D68.20,D68.21,D68.22,D68.23,D68.24,D68.25,D68.26,D68.28,D68.31,D68.32,D68.38,D68.4,D68.5,D69.1,D69.3,D69.40,D69.41,D69.52,D69.53,D69.57,D69.58,D82.0,M31.1,P53,P60,P61.0,D68.33,D68.34,D68.35,D68.8,D69.80,D69.88||15000.0|20000.0|U|IV||||11867.45
ZE-2026-68.79|V15.3|A|B02BD07|1||D65.0,D65.1,D65.2,D66,D67,D68.00,D68.01,D68.09,D68.1,D68.20,D68.21,D68.22,D68.23,D68.24,D68.25,D68.26,D68.28,D68.31,D68.32,D68.38,D68.4,D68.5,D69.1,D69.3,D69.40,D69.41,D69.52,D69.53,D69.57,D69.58,D82.0,M31.1,P53,P60,P61.0,D68.33,D68.34,D68.35,D68.8,D69.80,D69.88||20000.0|25000.0|U|IV||||15258.15
ZE-2026-68.80|V15.3|A|B02BD07|1||D65.0,D65.1,D65.2,D66,D67,D68.00,D68.01,D68.09,D68.1,D68.20,D68.21,D68.22,D68.23,D68.24,D68.25,D68.26,D68.28,D68.31,D68.32,D68.38,D68.4,D68.5,D69.1,D69.3,D69.40,D69.41,D69.52,D69.53,D69.57,D69.58,D82.0,M31.1,P53,P60,P61.0,D68.33,D68.34,D68.35,D68.8,D69.80,D69.88||25000.0|30000.0|U|IV||||18648.85
ZE-2026-68.81|V15.3|A|B02BD07|1||D65.0,D65.1,D65.2,D66,D67,D68.00,D68.01,D68.09,D68.1,D68.20,D68.21,D68.22,D68.23,D68.24,D68.25,D68.26,D68.28,D68.31,D68.32,D68.38,D68.4,D68.5,D69.1,D69.3,D69.40,D69.41,D69.52,D69.53,D69.57,D69.58,D82.0,M31.1,P53,P60,P61.0,D68.33,D68.34,D68.35,D68.8,D69.80,D69.88||30000.0|35000.0|U|IV||||22039.55
ZE-2026-68.82|V15.3|A|B02BD07|1||D65.0,D65.1,D65.2,D66,D67,D68.00,D68.01,D68.09,D68.1,D68.20,D68.21,D68.22,D68.23,D68.24,D68.25,D68.26,D68.28,D68.31,D68.32,D68.38,D68.4,D68.5,D69.1,D69.3,D69.40,D69.41,D69.52,D69.53,D69.57,D69.58,D82.0,M31.1,P53,P60,P61.0,D68.33,D68.34,D68.35,D68.8,D69.80,D69.88||35000.0|40000.0|U|IV||||25430.25
ZE-2026-68.83|V15.3|A|B02BD07|1||D65.0,D65.1,D65.2,D66,D67,D68.00,D68.01,D68.09,D68.1,D68.20,D68.21,D68.22,D68.23,D68.24,D68.25,D68.26,D68.28,D68.31,D68.32,D68.38,D68.4,D68.5,D69.1,D69.3,D69.40,D69.41,D69.52,D69.53,D69.57,D69.58,D82.0,M31.1,P53,P60,P61.0,D68.33,D68.34,D68.35,D68.8,D69.80,D69.88||40000.0|50000.0|U|IV||||30516.3
ZE-2026-68.84|V15.3|A|B02BD07|1||D65.0,D65.1,D65.2,D66,D67,D68.00,D68.01,D68.09,D68.1,D68.20,D68.21,D68.22,D68.23,D68.24,D68.25,D68.26,D68.28,D68.31,D68.32,D68.38,D68.4,D68.5,D69.1,D69.3,D69.40,D69.41,D69.52,D69.53,D69.57,D69.58,D82.0,M31.1,P53,P60,P61.0,D68.33,D68.34,D68.35,D68.8,D69.80,D69.88||50000.0|60000.0|U|IV||||37297.7
ZE-2026-68.85|V15.3|A|B02BD07|1||D65.0,D65.1,D65.2,D66,D67,D68.00,D68.01,D68.09,D68.1,D68.20,D68.21,D68.22,D68.23,D68.24,D68.25,D68.26,D68.28,D68.31,D68.32,D68.38,D68.4,D68.5,D69.1,D69.3,D69.40,D69.41,D69.52,D69.53,D69.57,D69.58,D82.0,M31.1,P53,P60,P61.0,D68.33,D68.34,D68.35,D68.8,D69.80,D69.88||60000.0|70000.0|U|IV||||44079.1
ZE-2026-68.86|V15.3|A|B02BD07|1||D65.0,D65.1,D65.2,D66,D67,D68.00,D68.01,D68.09,D68.1,D68.20,D68.21,D68.22,D68.23,D68.24,D68.25,D68.26,D68.28,D68.31,D68.32,D68.38,D68.4,D68.5,D69.1,D69.3,D69.40,D69.41,D69.52,D69.53,D69.57,D69.58,D82.0,M31.1,P53,P60,P61.0,D68.33,D68.34,D68.35,D68.8,D69.80,D69.88||70000.0|80000.0|U|IV||||50860.5
ZE-2026-68.87|V15.3|A|B02BD07|1||D65.0,D65.1,D65.2,D66,D67,D68.00,D68.01,D68.09,D68.1,D68.20,D68.21,D68.22,D68.23,D68.24,D68.25,D68.26,D68.28,D68.31,D68.32,D68.38,D68.4,D68.5,D69.1,D69.3,D69.40,D69.41,D69.52,D69.53,D69.57,D69.58,D82.0,M31.1,P53,P60,P61.0,D68.33,D68.34,D68.35,D68.8,D69.80,D69.88||80000.0|90000.0|U|IV||||57641.9
ZE-2026-68.88|V15.3|A|B02BD07|1||D65.0,D65.1,D65.2,D66,D67,D68.00,D68.01,D68.09,D68.1,D68.20,D68.21,D68.22,D68.23,D68.24,D68.25,D68.26,D68.28,D68.31,D68.32,D68.38,D68.4,D68.5,D69.1,D69.3,D69.40,D69.41,D69.52,D69.53,D69.57,D69.58,D82.0,M31.1,P53,P60,P61.0,D68.33,D68.34,D68.35,D68.8,D69.80,D69.88||90000.0|100000.0|U|IV||||64423.3
ZE-2026-68.89|V15.3|A|B02BD07|1||D65.0,D65.1,D65.2,D66,D67,D68.00,D68.01,D68.09,D68.1,D68.20,D68.21,D68.22,D68.23,D68.24,D68.25,D68.26,D68.28,D68.31,D68.32,D68.38,D68.4,D68.5,D69.1,D69.3,D69.40,D69.41,D69.52,D69.53,D69.57,D69.58,D82.0,M31.1,P53,P60,P61.0,D68.33,D68.34,D68.35,D68.8,D69.80,D69.88||100000.0|110000.0|U|IV||||71204.7
ZE-2026-68.90|V15.3|A|B02BD07|1||D65.0,D65.1,D65.2,D66,D67,D68.00,D68.01,D68.09,D68.1,D68.20,D68.21,D68.22,D68.23,D68.24,D68.25,D68.26,D68.28,D68.31,D68.32,D68.38,D68.4,D68.5,D69.1,D69.3,D69.40,D69.41,D69.52,D69.53,D69.57,D69.58,D82.0,M31.1,P53,P60,P61.0,D68.33,D68.34,D68.35,D68.8,D69.80,D69.88||110000.0|120000.0|U|IV||||77986.1
ZE-2026-68.91|V15.3|A|B02BD07|1||D65.0,D65.1,D65.2,D66,D67,D68.00,D68.01,D68.09,D68.1,D68.20,D68.21,D68.22,D68.23,D68.24,D68.25,D68.26,D68.28,D68.31,D68.32,D68.38,D68.4,D68.5,D69.1,D69.3,D69.40,D69.41,D69.52,D69.53,D69.57,D69.58,D82.0,M31.1,P53,P60,P61.0,D68.33,D68.34,D68.35,D68.8,D69.80,D69.88||120000.0||U|IV||||84767.5
ZE-2026-69.05|V15.3|A|J02AX04|1||||250.0|300.0|mg|IV||||287.93
ZE-2026-69.06|V15.3|A|J02AX04|1||||300.0|350.0|mg|IV||||340.28
ZE-2026-69.07|V15.3|A|J02AX04|1||||350.0|400.0|mg|IV||||392.63
ZE-2026-69.08|V15.3|A|J02AX04|1||||400.0|450.0|mg|IV||||444.98
ZE-2026-69.09|V15.3|A|J02AX04|1||||450.0|500.0|mg|IV||||497.33
ZE-2026-69.10|V15.3|A|J02AX04|1||||500.0|600.0|mg|IV||||575.86
ZE-2026-69.11|V15.3|A|J02AX04|1||||600.0|700.0|mg|IV||||680.56
ZE-2026-69.12|V15.3|A|J02AX04|1||||700.0|800.0|mg|IV||||785.27
ZE-2026-69.13|V15.3|A|J02AX04|1||||800.0|900.0|mg|IV||||889.97
ZE-2026-69.14|V15.3|A|J02AX04|1||||900.0|1000.0|mg|IV||||994.67
ZE-2026-69.15|V15.3|A|J02AX04|1||||1000.0|1200.0|mg|IV||||1151.72
ZE-2026-69.16|V15.3|A|J02AX04|1||||1200.0|1400.0|mg|IV||||1361.13
ZE-2026-69.17|V15.3|A|J02AX04|1||||1400.0|1600.0|mg|IV||||1570.53
ZE-2026-69.18|V15.3|A|J02AX04|1||||1600.0|2000.0|mg|IV||||1884.64
ZE-2026-69.19|V15.3|A|J02AX04|1||||2000.0|2400.0|mg|IV||||2303.44
ZE-2026-69.20|V15.3|A|J02AX04|1||||2400.0|2800.0|mg|IV||||2722.25
ZE-2026-69.21|V15.3|A|J02AX04|1||||2800.0|3600.0|mg|IV||||3350.46
ZE-2026-69.22|V15.3|A|J02AX04|1||||3600.0|4400.0|mg|IV||||4188.08
ZE-2026-69.23|V15.3|A|J02AX04|1||||4400.0|5200.0|mg|IV||||5025.7
ZE-2026-69.24|V15.3|A|J02AX04|1||||5200.0|6000.0|mg|IV||||5863.31
ZE-2026-69.25|V15.3|A|J02AX04|1||||6000.0|6800.0|mg|IV||||6700.93
ZE-2026-69.26|V15.3|A|J02AX04|1||||6800.0|7600.0|mg|IV||||7538.54
ZE-2026-69.27|V15.3|A|J02AX04|1||||7600.0|8400.0|mg|IV||||8376.16
ZE-2026-69.29|V15.3|A|J02AX04|1||||8400.0|9200.0|mg|IV||||9213.78
ZE-2026-69.30|V15.3|A|J02AX04|1||||9200.0|10000.0|mg|IV||||10051.39
ZE-2026-69.31|V15.3|A|J02AX04|1||||10000.0|10800.0|mg|IV||||10889.01
ZE-2026-69.32|V15.3|A|J02AX04|1||||10800.0|11600.0|mg|IV||||11726.62
ZE-2026-69.33|V15.3|A|J02AX04|1||||11600.0|12400.0|mg|IV||||12564.24
ZE-2026-69.34|V15.3|A|J02AX04|1||||12400.0|13200.0|mg|IV||||13401.86
ZE-2026-69.35|V15.3|A|J02AX04|1||||13200.0||mg|IV||||14239.47
ZE-2026-70.01|V15.3|C|37.6A.83|0|||||||||||1600.33
ZE-2026-70.01|V15.3|C|37.6A.84|0|||||||||||1600.33
ZE-2026-72.03|V15.3|C|37.6A.48|0|||||||||||19758.37
ZE-2026-72.03|V15.3|C|37.6A.4L|0|||||||||||19758.37
ZE-2026-72.03|V15.3|C|37.6A.4M|0|||||||||||19758.37
ZE-2026-72.04|V15.3|C|37.6A.4B|0|||||||||||13297.78
ZE-2026-72.04|V15.3|C|37.6A.4O|0|||||||||||13297.78
ZE-2026-72.04|V15.3|C|37.6A.4T|0|||||||||||13297.78
ZE-2026-72.05|V15.3|C|37.6A.4C|0|||||||||||17761.22
ZE-2026-72.05|V15.3|C|37.6A.4P|0|||||||||||17761.22
ZE-2026-72.06|V15.3|C|37.6A.4D|0|||||||||||17761.22
ZE-2026-72.06|V15.3|C|37.6A.4Q|0|||||||||||17761.22
ZE-2026-72.07|V15.3|C|37.6A.4E|0|||||||||||36079.5
ZE-2026-72.07|V15.3|C|37.6A.4R|0|||||||||||36079.5
ZE-2026-72.07|V15.3|C|37.6A.4S|0|||||||||||36079.5
ZE-2026-73.70|V15.3|C|99.C2.17|0|||||||||||1349.89
ZE-2026-73.70|V15.3|C|99.C2.18|0|||||||||||1349.89
ZE-2026-73.71|V15.3|C|99.C2.1A|0|||||||||||1912.34
ZE-2026-73.71|V15.3|C|99.C2.1B|0|||||||||||1912.34
ZE-2026-73.71|V15.3|C|99.C2.1C|0|||||||||||1912.34
ZE-2026-73.72|V15.3|C|99.C2.1D|0|||||||||||2699.77
ZE-2026-73.72|V15.3|C|99.C2.1E|0|||||||||||2699.77
ZE-2026-73.72|V15.3|C|99.C2.1F|0|||||||||||2699.77
ZE-2026-73.72|V15.3|C|99.C2.1G|0|||||||||||2699.77
ZE-2026-73.73|V15.3|C|99.C2.1H|0|||||||||||4387.12
ZE-2026-73.73|V15.3|C|99.C2.1I|0|||||||||||4387.12
ZE-2026-73.73|V15.3|C|99.C2.1J|0|||||||||||4387.12
ZE-2026-73.73|V15.3|C|99.C2.1K|0|||||||||||4387.12
ZE-2026-73.74|V15.3|C|99.C2.1L|0|||||||||||7874.31
ZE-2026-73.74|V15.3|C|99.C2.1M|0|||||||||||7874.31
ZE-2026-73.74|V15.3|C|99.C2.1N|0|||||||||||7874.31
ZE-2026-73.74|V15.3|C|99.C2.1O|0|||||||||||7874.31
ZE-2026-73.75|V15.3|C|99.C2.1P|0|||||||||||12936.38
ZE-2026-73.75|V15.3|C|99.C2.1Q|0|||||||||||12936.38
ZE-2026-73.75|V15.3|C|99.C2.1R|0|||||||||||12936.38
ZE-2026-73.75|V15.3|C|99.C2.1S|0|||||||||||12936.38
ZE-2026-73.76|V15.3|C|99.C2.1T|0|||||||||||21373.14
ZE-2026-73.76|V15.3|C|99.C2.1U|0|||||||||||21373.14
ZE-2026-73.76|V15.3|C|99.C2.1V|0|||||||||||21373.14
ZE-2026-73.76|V15.3|C|99.C2.1W|0|||||||||||21373.14
ZE-2026-73.78|V15.3|C|99.C2.1Y|0|||||||||||35996.88
ZE-2026-73.78|V15.3|C|99.C2.21|0|||||||||||35996.88
ZE-2026-73.78|V15.3|C|99.C2.22|0|||||||||||35996.88
ZE-2026-73.78|V15.3|C|99.C2.23|0|||||||||||35996.88
ZE-2026-73.79|V15.3|C|99.C2.24|0|||||||||||53995.32
ZE-2026-73.79|V15.3|C|99.C2.25|0|||||||||||53995.32
ZE-2026-73.79|V15.3|C|99.C2.26|0|||||||||||53995.32
ZE-2026-73.79|V15.3|C|99.C2.27|0|||||||||||53995.32
ZE-2026-73.80|V15.3|C|99.C2.28|0|||||||||||71993.75
ZE-2026-73.80|V15.3|C|99.C2.2A|0|||||||||||71993.75
ZE-2026-73.80|V15.3|C|99.C2.2B|0|||||||||||71993.75
ZE-2026-73.80|V15.3|C|99.C2.2C|0|||||||||||71993.75
ZE-2026-73.81|V15.3|C|99.C2.2D|0|||||||||||89992.19
ZE-2026-73.81|V15.3|C|99.C2.2E|0|||||||||||89992.19
ZE-2026-73.81|V15.3|C|99.C2.2F|0|||||||||||89992.19
ZE-2026-73.81|V15.3|C|99.C2.2G|0|||||||||||89992.19
ZE-2026-73.82|V15.3|C|99.C2.2H|0|||||||||||107990.63
ZE-2026-73.82|V15.3|C|99.C2.2I|0|||||||||||107990.63
ZE-2026-73.82|V15.3|C|99.C2.2J|0|||||||||||107990.63
ZE-2026-73.82|V15.3|C|99.C2.2K|0|||||||||||107990.63
ZE-2026-73.90|V15.3|C|99.C3.17|0|||||||||||2699.77
ZE-2026-73.90|V15.3|C|99.C3.18|0|||||||||||2699.77
ZE-2026-73.90|V15.3|C|99.C4.17|0|||||||||||2699.77
ZE-2026-73.90|V15.3|C|99.C4.18|0|||||||||||2699.77
ZE-2026-73.90|V15.3|C|99.C5.17|0|||||||||||2699.77
ZE-2026-73.90|V15.3|C|99.C5.18|0|||||||||||2699.77
ZE-2026-73.91|V15.3|C|99.C3.1A|0|||||||||||3824.67
ZE-2026-73.91|V15.3|C|99.C3.1B|0|||||||||||3824.67
ZE-2026-73.91|V15.3|C|99.C3.1C|0|||||||||||3824.67
ZE-2026-73.91|V15.3|C|99.C4.1A|0|||||||||||3824.67
ZE-2026-73.91|V15.3|C|99.C4.1B|0|||||||||||3824.67
ZE-2026-73.91|V15.3|C|99.C4.1C|0|||||||||||3824.67
ZE-2026-73.91|V15.3|C|99.C5.1A|0|||||||||||3824.67
ZE-2026-73.91|V15.3|C|99.C5.1B|0|||||||||||3824.67
ZE-2026-73.91|V15.3|C|99.C5.1C|0|||||||||||3824.67
ZE-2026-73.92|V15.3|C|99.C3.1D|0|||||||||||5399.53
ZE-2026-73.92|V15.3|C|99.C3.1E|0|||||||||||5399.53
ZE-2026-73.92|V15.3|C|99.C3.1F|0|||||||||||5399.53
ZE-2026-73.92|V15.3|C|99.C3.1G|0|||||||||||5399.53
ZE-2026-73.92|V15.3|C|99.C4.1D|0|||||||||||5399.53
ZE-2026-73.92|V15.3|C|99.C4.1E|0|||||||||||5399.53
ZE-2026-73.92|V15.3|C|99.C4.1F|0|||||||||||5399.53
ZE-2026-73.92|V15.3|C|99.C4.1G|0|||||||||||5399.53
ZE-2026-73.92|V15.3|C|99.C5.1D|0|||||||||||5399.53
ZE-2026-73.92|V15.3|C|99.C5.1E|0|||||||||||5399.53
ZE-2026-73.92|V15.3|C|99.C5.1F|0|||||||||||5399.53
ZE-2026-73.92|V15.3|C|99.C5.1G|0|||||||||||5399.53
ZE-2026-73.93|V15.3|C|99.C3.1H|0|||||||||||8774.24
ZE-2026-73.93|V15.3|C|99.C3.1I|0|||||||||||8774.24
ZE-2026-73.93|V15.3|C|99.C3.1J|0|||||||||||8774.24
ZE-2026-73.93|V15.3|C|99.C3.1K|0|||||||||||8774.24
ZE-2026-73.93|V15.3|C|99.C4.1H|0|||||||||||8774.24
ZE-2026-73.93|V15.3|C|99.C4.1I|0|||||||||||8774.24
ZE-2026-73.93|V15.3|C|99.C4.1J|0|||||||||||8774.24
ZE-2026-73.93|V15.3|C|99.C4.1K|0|||||||||||8774.24
ZE-2026-73.93|V15.3|C|99.C5.1H|0|||||||||||8774.24
ZE-2026-73.93|V15.3|C|99.C5.1I|0|||||||||||8774.24
ZE-2026-73.93|V15.3|C|99.C5.1J|0|||||||||||8774.24
ZE-2026-73.93|V15.3|C|99.C5.1K|0|||||||||||8774.24
ZE-2026-73.94|V15.3|C|99.C3.1L|0|||||||||||15748.64
ZE-2026-73.94|V15.3|C|99.C3.1M|0|||||||||||15748.64
ZE-2026-73.94|V15.3|C|99.C3.1N|0|||||||||||15748.64
ZE-2026-73.94|V15.3|C|99.C3.1O|0|||||||||||15748.64
ZE-2026-73.94|V15.3|C|99.C4.1L|0|||||||||||15748.64
ZE-2026-73.94|V15.3|C|99.C4.1M|0|||||||||||15748.64
ZE-2026-73.94|V15.3|C|99.C4.1N|0|||||||||||15748.64
ZE-2026-73.94|V15.3|C|99.C4.1O|0|||||||||||15748.64
ZE-2026-73.94|V15.3|C|99.C5.1L|0|||||||||||15748.64
ZE-2026-73.94|V15.3|C|99.C5.1M|0|||||||||||15748.64
ZE-2026-73.94|V15.3|C|99.C5.1N|0|||||||||||15748.64
ZE-2026-73.94|V15.3|C|99.C5.1O|0|||||||||||15748.64
ZE-2026-73.95|V15.3|C|99.C3.1P|0|||||||||||25872.75
ZE-2026-73.95|V15.3|C|99.C3.1Q|0|||||||||||25872.75
ZE-2026-73.95|V15.3|C|99.C3.1R|0|||||||||||25872.75
ZE-2026-73.95|V15.3|C|99.C3.1S|0|||||||||||25872.75
ZE-2026-73.95|V15.3|C|99.C4.1P|0|||||||||||25872.75
ZE-2026-73.95|V15.3|C|99.C4.1Q|0|||||||||||25872.75
ZE-2026-73.95|V15.3|C|99.C4.1R|0|||||||||||25872.75
ZE-2026-73.95|V15.3|C|99.C4.1S|0|||||||||||25872.75
ZE-2026-73.95|V15.3|C|99.C5.1P|0|||||||||||25872.75
ZE-2026-73.95|V15.3|C|99.C5.1Q|0|||||||||||25872.75
ZE-2026-73.95|V15.3|C|99.C5.1R|0|||||||||||25872.75
ZE-2026-73.95|V15.3|C|99.C5.1S|0|||||||||||25872.75
ZE-2026-73.96|V15.3|C|99.C3.1T|0|||||||||||42746.3
ZE-2026-73.96|V15.3|C|99.C3.1U|0|||||||||||42746.3
ZE-2026-73.96|V15.3|C|99.C3.1V|0|||||||||||42746.3
ZE-2026-73.96|V15.3|C|99.C3.1W|0|||||||||||42746.3
ZE-2026-73.96|V15.3|C|99.C4.1T|0|||||||||||42746.3
ZE-2026-73.96|V15.3|C|99.C4.1U|0|||||||||||42746.3
ZE-2026-73.96|V15.3|C|99.C4.1V|0|||||||||||42746.3
ZE-2026-73.96|V15.3|C|99.C4.1W|0|||||||||||42746.3
ZE-2026-73.96|V15.3|C|99.C5.1T|0|||||||||||42746.3
ZE-2026-73.96|V15.3|C|99.C5.1U|0|||||||||||42746.3
ZE-2026-73.96|V15.3|C|99.C5.1V|0|||||||||||42746.3
ZE-2026-73.96|V15.3|C|99.C5.1W|0|||||||||||42746.3
ZE-2026-73.98|V15.3|C|99.C3.1Y|0|||||||||||71993.75
ZE-2026-73.98|V15.3|C|99.C3.21|0|||||||||||71993.75
ZE-2026-73.98|V15.3|C|99.C3.22|0|||||||||||71993.75
ZE-2026-73.98|V15.3|C|99.C3.23|0|||||||||||71993.75
ZE-2026-73.98|V15.3|C|99.C4.1Y|0|||||||||||71993.75
ZE-2026-73.98|V15.3|C|99.C4.21|0|||||||||||71993.75
ZE-2026-73.98|V15.3|C|99.C4.22|0|||||||||||71993.75
ZE-2026-73.98|V15.3|C|99.C4.23|0|||||||||||71993.75
ZE-2026-73.98|V15.3|C|99.C5.1Y|0|||||||||||71993.75
ZE-2026-73.98|V15.3|C|99.C5.21|0|||||||||||71993.75
ZE-2026-73.98|V15.3|C|99.C5.22|0|||||||||||71993.75
ZE-2026-73.98|V15.3|C|99.C5.23|0|||||||||||71993.75
ZE-2026-73.99|V15.3|C|99.C3.24|0|||||||||||107990.63
ZE-2026-73.99|V15.3|C|99.C3.25|0|||||||||||107990.63
ZE-2026-73.99|V15.3|C|99.C3.26|0|||||||||||107990.63
ZE-2026-73.99|V15.3|C|99.C3.27|0|||||||||||107990.63
ZE-2026-73.99|V15.3|C|99.C4.24|0|||||||||||107990.63
ZE-2026-73.99|V15.3|C|99.C4.25|0|||||||||||107990.63
ZE-2026-73.99|V15.3|C|99.C4.26|0|||||||||||107990.63
ZE-2026-73.99|V15.3|C|99.C4.27|0|||||||||||107990.63
ZE-2026-73.99|V15.3|C|99.C5.24|0|||||||||||107990.63
ZE-2026-73.99|V15.3|C|99.C5.25|0|||||||||||107990.63
ZE-2026-73.99|V15.3|C|99.C5.26|0|||||||||||107990.63
ZE-2026-73.99|V15.3|C|99.C5.27|0|||||||||||107990.63
ZE-2026-73.100|V15.3|C|99.C3.28|0|||||||||||143987.51
ZE-2026-73.100|V15.3|C|99.C3.2A|0|||||||||||143987.51
ZE-2026-73.100|V15.3|C|99.C3.2B|0|||||||||||143987.51
ZE-2026-73.100|V15.3|C|99.C3.2C|0|||||||||||143987.51
ZE-2026-73.100|V15.3|C|99.C4.28|0|||||||||||143987.51
ZE-2026-73.100|V15.3|C|99.C4.2A|0|||||||||||143987.51
ZE-2026-73.100|V15.3|C|99.C4.2B|0|||||||||||143987.51
ZE-2026-73.100|V15.3|C|99.C4.2C|0|||||||||||143987.51
ZE-2026-73.100|V15.3|C|99.C5.28|0|||||||||||143987.51
ZE-2026-73.100|V15.3|C|99.C5.2A|0|||||||||||143987.51
ZE-2026-73.100|V15.3|C|99.C5.2B|0|||||||||||143987.51
ZE-2026-73.100|V15.3|C|99.C5.2C|0|||||||||||143987.51
ZE-2026-73.101|V15.3|C|99.C3.2D|0|||||||||||179984.38
ZE-2026-73.101|V15.3|C|99.C3.2E|0|||||||||||179984.38
ZE-2026-73.101|V15.3|C|99.C3.2F|0|||||||||||179984.38
ZE-2026-73.101|V15.3|C|99.C3.2G|0|||||||||||179984.38
ZE-2026-73.101|V15.3|C|99.C4.2D|0|||||||||||179984.38
ZE-2026-73.101|V15.3|C|99.C4.2E|0|||||||||||179984.38
ZE-2026-73.101|V15.3|C|99.C4.2F|0|||||||||||179984.38
ZE-2026-73.101|V15.3|C|99.C4.2G|0|||||||||||179984.38
ZE-2026-73.101|V15.3|C|99.C5.2D|0|||||||||||179984.38
ZE-2026-73.101|V15.3|C|99.C5.2E|0|||||||||||179984.38
ZE-2026-73.101|V15.3|C|99.C5.2F|0|||||||||||179984.38
ZE-2026-73.101|V15.3|C|99.C5.2G|0|||||||||||179984.38
ZE-2026-73.102|V15.3|C|99.C3.2H|0|||||||||||215981.26
ZE-2026-73.102|V15.3|C|99.C3.2I|0|||||||||||215981.26
ZE-2026-73.102|V15.3|C|99.C3.2J|0|||||||||||215981.26
ZE-2026-73.102|V15.3|C|99.C3.2K|0|||||||||||215981.26
ZE-2026-73.102|V15.3|C|99.C4.2H|0|||||||||||215981.26
ZE-2026-73.102|V15.3|C|99.C4.2I|0|||||||||||215981.26
ZE-2026-73.102|V15.3|C|99.C4.2J|0|||||||||||215981.26
ZE-2026-73.102|V15.3|C|99.C4.2K|0|||||||||||215981.26
ZE-2026-75.43|V15.3|A|C02KX01|1||||500.0|1000.0|mg|O|||12|182.45
ZE-2026-75.44|V15.3|A|C02KX01|1||||1000.0|2000.0|mg|O|||12|364.89
ZE-2026-75.45|V15.3|A|C02KX01|1||||2000.0|4000.0|mg|O||||364.89
ZE-2026-75.46|V15.3|A|C02KX01|1||||4000.0|6000.0|mg|O||||608.15
ZE-2026-75.47|V15.3|A|C02KX01|1||||6000.0|8000.0|mg|O||||851.41
ZE-2026-75.48|V15.3|A|C02KX01|1||||8000.0|10000.0|mg|O||||1094.67
ZE-2026-75.49|V15.3|A|C02KX01|1||||10000.0|12000.0|mg|O||||1337.93
ZE-2026-75.50|V15.3|A|C02KX01|1||||12000.0|14000.0|mg|O||||1581.19
ZE-2026-75.51|V15.3|A|C02KX01|1||||14000.0|17000.0|mg|O||||1885.27
ZE-2026-75.52|V15.3|A|C02KX01|1||||17000.0|20000.0|mg|O||||2250.16
ZE-2026-75.53|V15.3|A|C02KX01|1||||20000.0|23000.0|mg|O||||2615.05
ZE-2026-75.54|V15.3|A|C02KX01|1||||23000.0|26000.0|mg|O||||2979.94
ZE-2026-75.55|V15.3|A|C02KX01|1||||26000.0||mg|O||||3344.83
ZE-2026-77.00|V15.3|A|B01AB02|1||||500.0|1000.0|U|IV|||2|0.0
ZE-2026-77.01|V15.3|A|B01AB02|1||||1000.0|2000.0|U|IV|||2|0.0
ZE-2026-77.02|V15.3|A|B01AB02|1||||2000.0|3500.0|U|IV|||16|0.0
ZE-2026-77.03|V15.3|A|B01AB02|1||||3500.0|5000.0|U|IV|||16|0.0
ZE-2026-77.14|V15.3|A|B01AB02|1||||5000.0|7000.0|U|IV||||0.0
ZE-2026-77.15|V15.3|A|B01AB02|1||||7000.0|10000.0|U|IV||||0.0
ZE-2026-77.16|V15.3|A|B01AB02|1||||10000.0|15000.0|U|IV||||0.0
ZE-2026-77.17|V15.3|A|B01AB02|1||||15000.0|20000.0|U|IV||||0.0
ZE-2026-77.18|V15.3|A|B01AB02|1||||20000.0|25000.0|U|IV||||0.0
ZE-2026-77.19|V15.3|A|B01AB02|1||||25000.0|30000.0|U|IV||||0.0
ZE-2026-77.20|V15.3|A|B01AB02|1||||30000.0|40000.0|U|IV||||0.0
ZE-2026-77.21|V15.3|A|B01AB02|1||||40000.0|50000.0|U|IV||||0.0
ZE-2026-77.22|V15.3|A|B01AB02|1||||50000.0|60000.0|U|IV||||0.0
ZE-2026-77.24|V15.3|A|B01AB02|1||||60000.0|70000.0|U|IV||||0.0
ZE-2026-77.25|V15.3|A|B01AB02|1||||70000.0|80000.0|U|IV||||0.0
ZE-2026-77.26|V15.3|A|B01AB02|1||||80000.0|90000.0|U|IV||||0.0
ZE-2026-77.27|V15.3|A|B01AB02|1||||90000.0|100000.0|U|IV||||0.0
ZE-2026-77.28|V15.3|A|B01AB02|1||||100000.0|120000.0|U|IV||||0.0
ZE-2026-77.29|V15.3|A|B01AB02|1||||120000.0||U|IV||||0.0
ZE-2026-78.02|V15.3|A|J02AC04|1||||1200.0|1800.0|mg|O|||16|125.09
ZE-2026-78.03|V15.3|A|J02AC04|1||||1800.0|3000.0|mg|O|||16|200.14
ZE-2026-78.04|V15.3|A|J02AC04|1||||3000.0|4200.0|mg|O||||300.2
ZE-2026-78.05|V15.3|A|J02AC04|1||||4200.0|5400.0|mg|O||||400.27
ZE-2026-78.06|V15.3|A|J02AC04|1||||5400.0|6600.0|mg|O||||500.34
ZE-2026-78.07|V15.3|A|J02AC04|1||||6600.0|7800.0|mg|O||||600.41
ZE-2026-78.08|V15.3|A|J02AC04|1||||7800.0|9000.0|mg|O||||700.48
ZE-2026-78.09|V15.3|A|J02AC04|1||||9000.0|11400.0|mg|O||||850.58
ZE-2026-78.10|V15.3|A|J02AC04|1||||11400.0|13800.0|mg|O||||1050.71
ZE-2026-78.11|V15.3|A|J02AC04|1||||13800.0|16200.0|mg|O||||1250.85
ZE-2026-78.12|V15.3|A|J02AC04|1||||16200.0|18600.0|mg|O||||1450.99
ZE-2026-78.13|V15.3|A|J02AC04|1||||18600.0|21000.0|mg|O||||1651.12
ZE-2026-78.14|V15.3|A|J02AC04|1||||21000.0|25800.0|mg|O||||1951.33
ZE-2026-78.15|V15.3|A|J02AC04|1||||25800.0|30600.0|mg|O||||2351.6
ZE-2026-78.16|V15.3|A|J02AC04|1||||30600.0|35400.0|mg|O||||2751.87
ZE-2026-78.17|V15.3|A|J02AC04|1||||35400.0|40200.0|mg|O||||3152.14
ZE-2026-78.18|V15.3|A|J02AC04|1||||40200.0|45000.0|mg|O||||3552.41
ZE-2026-78.19|V15.3|A|J02AC04|1||||45000.0|54600.0|mg|O||||4152.82
ZE-2026-78.20|V15.3|A|J02AC04|1||||54600.0|64200.0|mg|O||||4953.37
ZE-2026-78.21|V15.3|A|J02AC04|1||||64200.0|73800.0|mg|O||||5753.91
ZE-2026-78.22|V15.3|A|J02AC04|1||||73800.0|83400.0|mg|O||||6554.45
ZE-2026-78.23|V15.3|A|J02AC04|1||||83400.0|93000.0|mg|O||||7355.0
ZE-2026-78.24|V15.3|A|J02AC04|1||||93000.0||mg|O||||8155.54
ZE-2026-79.25|V15.3|A|J02AC04|1||||150.0|450.0|mg|IV||||414.82
ZE-2026-79.26|V15.3|A|J02AC04|1||||450.0|750.0|mg|IV||||829.64
ZE-2026-79.27|V15.3|A|J02AC04|1||||750.0|1350.0|mg|IV||||1451.88
ZE-2026-79.28|V15.3|A|J02AC04|1||||1350.0|1950.0|mg|IV||||2281.52
ZE-2026-79.29|V15.3|A|J02AC04|1||||1950.0|2550.0|mg|IV||||3111.17
ZE-2026-79.30|V15.3|A|J02AC04|1||||2550.0|3450.0|mg|IV||||4148.22
ZE-2026-79.31|V15.3|A|J02AC04|1||||3450.0|4350.0|mg|IV||||5392.69
ZE-2026-79.32|V15.3|A|J02AC04|1||||4350.0|5250.0|mg|IV||||6637.15
ZE-2026-79.33|V15.3|A|J02AC04|1||||5250.0|6150.0|mg|IV||||7881.62
ZE-2026-79.34|V15.3|A|J02AC04|1||||6150.0|7350.0|mg|IV||||9333.5
ZE-2026-79.35|V15.3|A|J02AC04|1||||7350.0|8550.0|mg|IV||||10992.78
ZE-2026-79.36|V15.3|A|J02AC04|1||||8550.0|9750.0|mg|IV||||12652.07
ZE-2026-79.37|V15.3|A|J02AC04|1||||9750.0|10950.0|mg|IV||||14311.36
ZE-2026-79.38|V15.3|A|J02AC04|1||||10950.0|12750.0|mg|IV||||16385.47
ZE-2026-79.39|V15.3|A|J02AC04|1||||12750.0|14550.0|mg|IV||||18874.4
ZE-2026-79.40|V15.3|A|J02AC04|1||||14550.0|16350.0|mg|IV||||21363.33
ZE-2026-79.41|V15.3|A|J02AC04|1||||16350.0|18150.0|mg|IV||||23852.27
ZE-2026-79.42|V15.3|A|J02AC04|1||||18150.0|20550.0|mg|IV||||26756.02
ZE-2026-79.43|V15.3|A|J02AC04|1||||20550.0|22950.0|mg|IV||||30074.6
ZE-2026-79.44|V15.3|A|J02AC04|1||||22950.0|25350.0|mg|IV||||33393.17
ZE-2026-79.45|V15.3|A|J02AC04|1||||25350.0|27750.0|mg|IV||||36711.75
ZE-2026-79.47|V15.3|A|J02AC04|1||||27750.0|30150.0|mg|IV||||40030.32
ZE-2026-79.48|V15.3|A|J02AC04|1||||30150.0||mg|IV||||43348.9
ZE-2026-81.01|V15.3|A|L01FX05|1||||50.0|60.0|mg|IV||||3369.89
ZE-2026-81.02|V15.3|A|L01FX05|1||||60.0|70.0|mg|IV||||3982.59
ZE-2026-81.03|V15.3|A|L01FX05|1||||70.0|80.0|mg|IV||||4595.3
ZE-2026-81.04|V15.3|A|L01FX05|1||||80.0|90.0|mg|IV||||5208.01
ZE-2026-81.05|V15.3|A|L01FX05|1||||90.0|100.0|mg|IV||||5820.71
ZE-2026-81.06|V15.3|A|L01FX05|1||||100.0|120.0|mg|IV||||6739.77
ZE-2026-81.07|V15.3|A|L01FX05|1||||120.0|140.0|mg|IV||||7965.19
ZE-2026-81.08|V15.3|A|L01FX05|1||||140.0|160.0|mg|IV||||9190.6
ZE-2026-81.09|V15.3|A|L01FX05|1||||160.0|180.0|mg|IV||||10416.01
ZE-2026-81.10|V15.3|A|L01FX05|1||||180.0|200.0|mg|IV||||11641.43
ZE-2026-81.11|V15.3|A|L01FX05|1||||200.0|240.0|mg|IV||||13479.55
ZE-2026-81.12|V15.3|A|L01FX05|1||||240.0|280.0|mg|IV||||15930.37
ZE-2026-81.13|V15.3|A|L01FX05|1||||280.0|320.0|mg|IV||||18381.2
ZE-2026-81.14|V15.3|A|L01FX05|1||||320.0|360.0|mg|IV||||20832.02
ZE-2026-81.15|V15.3|A|L01FX05|1||||360.0|400.0|mg|IV||||23282.85
ZE-2026-81.17|V15.3|A|L01FX05|1||||400.0|460.0|mg|IV||||26346.38
ZE-2026-81.18|V15.3|A|L01FX05|1||||460.0|520.0|mg|IV||||30022.62
ZE-2026-81.19|V15.3|A|L01FX05|1||||520.0||mg|IV||||33698.86
ZE-2026-85.01|V15.3|A|L01XX27|1||||10.0|20.0|mg|IV|||16|438.19
ZE-2026-85.02|V15.3|A|L01XX27|1||||20.0|40.0|mg|IV||||876.38
ZE-2026-85.03|V15.3|A|L01XX27|1||||40.0|60.0|mg|IV||||1460.63
ZE-2026-85.04|V15.3|A|L01XX27|1||||60.0|80.0|mg|IV||||2044.88
ZE-2026-85.05|V15.3|A|L01XX27|1||||80.0|100.0|mg|IV||||2629.13
ZE-2026-85.06|V15.3|A|L01XX27|1||||100.0|140.0|mg|IV||||3505.51
ZE-2026-85.07|V15.3|A|L01XX27|1||||140.0|180.0|mg|IV||||4674.02
ZE-2026-85.08|V15.3|A|L01XX27|1||||180.0|220.0|mg|IV||||5842.52
ZE-2026-85.09|V15.3|A|L01XX27|1||||220.0|260.0|mg|IV||||7011.03
ZE-2026-85.10|V15.3|A|L01XX27|1||||260.0|300.0|mg|IV||||8179.53
ZE-2026-85.11|V15.3|A|L01XX27|1||||300.0|360.0|mg|IV||||9640.16
ZE-2026-85.12|V15.3|A|L01XX27|1||||360.0|420.0|mg|IV||||11392.92
ZE-2026-85.13|V15.3|A|L01XX27|1||||420.0|480.0|mg|IV||||13145.67
ZE-2026-85.14|V15.3|A|L01XX27|1||||480.0|540.0|mg|IV||||14898.43
ZE-2026-85.15|V15.3|A|L01XX27|1||||540.0|600.0|mg|IV||||16651.19
ZE-2026-85.16|V15.3|A|L01XX27|1||||600.0|680.0|mg|IV||||18696.07
ZE-2026-85.17|V15.3|A|L01XX27|1||||680.0|760.0|mg|IV||||21033.08
ZE-2026-85.18|V15.3|A|L01XX27|1||||760.0|840.0|mg|IV||||23370.09
ZE-2026-85.19|V15.3|A|L01XX27|1||||840.0|920.0|mg|IV||||25707.1
ZE-2026-85.20|V15.3|A|L01XX27|1||||920.0|1000.0|mg|IV||||28044.11
ZE-2026-85.21|V15.3|A|L01XX27|1||||1000.0|1100.0|mg|IV||||30673.24
ZE-2026-85.22|V15.3|A|L01XX27|1||||1100.0|1200.0|mg|IV||||33594.5
ZE-2026-85.23|V15.3|A|L01XX27|1||||1200.0|1300.0|mg|IV||||36515.76
ZE-2026-85.24|V15.3|A|L01XX27|1||||1300.0|1400.0|mg|IV||||39437.02
ZE-2026-85.25|V15.3|A|L01XX27|1||||1400.0|1500.0|mg|IV||||42358.28
ZE-2026-85.26|V15.3|A|L01XX27|1||||1500.0|1700.0|mg|IV||||46740.18
ZE-2026-85.27|V15.3|A|L01XX27|1||||1700.0|1900.0|mg|IV||||52582.7
ZE-2026-85.28|V15.3|A|L01XX27|1||||1900.0|2100.0|mg|IV||||58425.22
ZE-2026-85.29|V15.3|A|L01XX27|1||||2100.0|2300.0|mg|IV||||64267.74
ZE-2026-85.30|V15.3|A|L01XX27|1||||2300.0||mg|IV||||70110.26
ZE-2026-86.18|V15.3|A|L03AA13|1||||3.0|9.0|mg|SC||||247.94
ZE-2026-86.19|V15.3|A|L03AA13|1||||9.0|15.0|mg|SC||||495.89
ZE-2026-86.20|V15.3|A|L03AA13|1||||15.0|21.0|mg|SC||||743.83
ZE-2026-86.21|V15.3|A|L03AA13|1||||21.0|27.0|mg|SC||||991.77
ZE-2026-86.22|V15.3|A|L03AA13|1||||27.0|33.0|mg|SC||||1239.72
ZE-2026-86.23|V15.3|A|L03AA13|1||||33.0|39.0|mg|SC||||1487.66
ZE-2026-86.24|V15.3|A|L03AA13|1||||39.0|45.0|mg|SC||||1735.6
ZE-2026-86.25|V15.3|A|L03AA13|1||||45.0|51.0|mg|SC||||1983.55
ZE-2026-86.26|V15.3|A|L03AA13|1||||51.0|57.0|mg|SC||||2231.49
ZE-2026-86.27|V15.3|A|L03AA13|1||||57.0|63.0|mg|SC||||2479.43
ZE-2026-86.28|V15.3|A|L03AA13|1||||63.0|69.0|mg|SC||||2727.37
ZE-2026-86.29|V15.3|A|L03AA13|1||||69.0|75.0|mg|SC||||2975.32
ZE-2026-86.30|V15.3|A|L03AA13|1||||75.0||mg|SC||||3223.26
ZE-2026-87.01|V15.3|A|L03AX16|1||||2.5|5.0|mg|IV,SC||||0.0
ZE-2026-87.02|V15.3|A|L03AX16|1||||5.0|10.0|mg|IV,SC||||0.0
ZE-2026-87.03|V15.3|A|L03AX16|1||||10.0|15.0|mg|IV,SC||||0.0
ZE-2026-87.04|V15.3|A|L03AX16|1||||15.0|20.0|mg|IV,SC||||0.0
ZE-2026-87.05|V15.3|A|L03AX16|1||||20.0|25.0|mg|IV,SC||||0.0
ZE-2026-87.06|V15.3|A|L03AX16|1||||25.0|30.0|mg|IV,SC||||0.0
ZE-2026-87.07|V15.3|A|L03AX16|1||||30.0|35.0|mg|IV,SC||||0.0
ZE-2026-87.08|V15.3|A|L03AX16|1||||35.0|40.0|mg|IV,SC||||0.0
ZE-2026-87.09|V15.3|A|L03AX16|1||||40.0|45.0|mg|IV,SC||||0.0
ZE-2026-87.10|V15.3|A|L03AX16|1||||45.0|50.0|mg|IV,SC||||0.0
ZE-2026-87.11|V15.3|A|L03AX16|1||||50.0|60.0|mg|IV,SC||||0.0
ZE-2026-87.12|V15.3|A|L03AX16|1||||60.0|70.0|mg|IV,SC||||0.0
ZE-2026-87.13|V15.3|A|L03AX16|1||||70.0|80.0|mg|IV,SC||||0.0
ZE-2026-87.14|V15.3|A|L03AX16|1||||80.0|100.0|mg|IV,SC||||0.0
ZE-2026-87.15|V15.3|A|L03AX16|1||||100.0|120.0|mg|IV,SC||||0.0
ZE-2026-87.16|V15.3|A|L03AX16|1||||120.0|140.0|mg|IV,SC||||0.0
ZE-2026-87.17|V15.3|A|L03AX16|1||||140.0|160.0|mg|IV,SC||||0.0
ZE-2026-87.18|V15.3|A|L03AX16|1||||160.0|180.0|mg|IV,SC||||0.0
ZE-2026-87.19|V15.3|A|L03AX16|1||||180.0|200.0|mg|IV,SC||||0.0
ZE-2026-87.20|V15.3|A|L03AX16|1||||200.0|220.0|mg|IV,SC||||0.0
ZE-2026-87.21|V15.3|A|L03AX16|1||||220.0|240.0|mg|IV,SC||||0.0
ZE-2026-87.22|V15.3|A|L03AX16|1||||240.0||mg|IV,SC||||0.0
ZE-2026-88.00|V15.3|A|L04AA03|1||||500.0|1000.0|mg|IV||||1302.78
ZE-2026-88.01|V15.3|A|L04AA03|1||||1000.0|2000.0|mg|IV||||2605.56
ZE-2026-88.02|V15.3|A|L04AA03|1||||2000.0|3000.0|mg|IV||||4342.6
ZE-2026-88.03|V15.3|A|L04AA03|1||||3000.0|4000.0|mg|IV||||6079.64
ZE-2026-88.04|V15.3|A|L04AA03|1||||4000.0|5000.0|mg|IV||||7816.68
ZE-2026-88.05|V15.3|A|L04AA03|1||||5000.0|6000.0|mg|IV||||9553.72
ZE-2026-88.06|V15.3|A|L04AA03|1||||6000.0|7000.0|mg|IV||||11290.76
ZE-2026-88.07|V15.3|A|L04AA03|1||||7000.0|8000.0|mg|IV||||13027.8
ZE-2026-88.08|V15.3|A|L04AA03|1||||8000.0|9000.0|mg|IV||||14764.84
ZE-2026-88.09|V15.3|A|L04AA03|1||||9000.0|10000.0|mg|IV||||16501.88
ZE-2026-88.10|V15.3|A|L04AA03|1||||10000.0|11000.0|mg|IV||||18238.92
ZE-2026-88.11|V15.3|A|L04AA03|1||||11000.0|12000.0|mg|IV||||19975.96
ZE-2026-88.12|V15.3|A|L04AA03|1||||12000.0|13000.0|mg|IV||||21713.0
ZE-2026-88.13|V15.3|A|L04AA03|1||||13000.0|14000.0|mg|IV||||23450.04
ZE-2026-88.14|V15.3|A|L04AA03|1||||14000.0|15000.0|mg|IV||||25187.08
ZE-2026-88.15|V15.3|A|L04AA03|1||||15000.0|16000.0|mg|IV||||26924.12
ZE-2026-88.16|V15.3|A|L04AA03|1||||16000.0|17000.0|mg|IV||||28661.16
ZE-2026-88.17|V15.3|A|L04AA03|1||||17000.0|18000.0|mg|IV||||30398.2
ZE-2026-88.18|V15.3|A|L04AA03|1||||18000.0|19000.0|mg|IV||||32135.24
ZE-2026-88.19|V15.3|A|L04AA03|1||||19000.0|20000.0|mg|IV||||33872.28
ZE-2026-88.21|V15.3|A|L04AA03|1||||20000.0|22000.0|mg|IV||||36477.84
ZE-2026-88.22|V15.3|A|L04AA03|1||||22000.0|24000.0|mg|IV||||39951.92
ZE-2026-88.24|V15.3|A|L04AA03|1||||24000.0|26000.0|mg|IV||||43426.0
ZE-2026-88.25|V15.3|A|L04AA03|1||||26000.0|28000.0|mg|IV||||46900.08
ZE-2026-88.26|V15.3|A|L04AA03|1||||28000.0|30000.0|mg|IV||||50374.16
ZE-2026-88.27|V15.3|A|L04AA03|1||||30000.0||mg|IV||||53848.24
ZE-2026-89.60|V15.3|A|L04AX04|1||||335.0|405.0|mg|O||||285.85
ZE-2026-89.61|V15.3|A|L04AX04|1||||405.0|475.0|mg|O||||339.93
ZE-2026-89.62|V15.3|A|L04AX04|1||||475.0|545.0|mg|O||||394.01
ZE-2026-89.63|V15.3|A|L04AX04|1||||545.0|665.0|mg|O||||467.4
ZE-2026-89.64|V15.3|A|L04AX04|1||||665.0|785.0|mg|O||||560.11
ZE-2026-89.65|V15.3|A|L04AX04|1||||785.0|905.0|mg|O||||652.81
ZE-2026-89.66|V15.3|A|L04AX04|1||||905.0|1065.0|mg|O||||760.97
ZE-2026-89.67|V15.3|A|L04AX04|1||||1065.0|1225.0|mg|O||||884.58
ZE-2026-89.68|V15.3|A|L04AX04|1||||1225.0|1385.0|mg|O||||1008.19
ZE-2026-89.69|V15.3|A|L04AX04|1||||1385.0|1585.0|mg|O||||1147.25
ZE-2026-89.70|V15.3|A|L04AX04|1||||1585.0|1785.0|mg|O||||1301.76
ZE-2026-89.72|V15.3|A|L04AX04|1||||1785.0|1985.0|mg|O||||1456.28
ZE-2026-89.73|V15.3|A|L04AX04|1||||1985.0||mg|O||||1610.79
ZE-2026-90.01|V15.3|A|V03AF07|1||||5.0|10.0|mg|IV|||16|0.0
ZE-2026-90.18|V15.3|A|V03AF07|1||||10.0|15.0|mg|IV||||0.0
ZE-2026-90.19|V15.3|A|V03AF07|1||||15.0|25.0|mg|IV||||0.0
ZE-2026-90.20|V15.3|A|V03AF07|1||||25.0|35.0|mg|IV||||0.0
ZE-2026-90.21|V15.3|A|V03AF07|1||||35.0|45.0|mg|IV||||0.0
ZE-2026-90.22|V15.3|A|V03AF07|1||||45.0|55.0|mg|IV||||0.0
ZE-2026-90.23|V15.3|A|V03AF07|1||||55.0|65.0|mg|IV||||0.0
ZE-2026-90.24|V15.3|A|V03AF07|1||||65.0|75.0|mg|IV||||0.0
ZE-2026-90.25|V15.3|A|V03AF07|1||||75.0|85.0|mg|IV||||0.0
ZE-2026-90.26|V15.3|A|V03AF07|1||||85.0|95.0|mg|IV||||0.0
ZE-2026-90.27|V15.3|A|V03AF07|1||||95.0|115.0|mg|IV||||0.0
ZE-2026-90.28|V15.3|A|V03AF07|1||||115.0|135.0|mg|IV||||0.0
ZE-2026-90.29|V15.3|A|V03AF07|1||||135.0|155.0|mg|IV||||0.0
ZE-2026-90.30|V15.3|A|V03AF07|1||||155.0|175.0|mg|IV||||0.0
ZE-2026-90.31|V15.3|A|V03AF07|1||||175.0|195.0|mg|IV||||0.0
ZE-2026-90.32|V15.3|A|V03AF07|1||||195.0|215.0|mg|IV||||0.0
ZE-2026-90.33|V15.3|A|V03AF07|1||||215.0||mg|IV||||0.0
ZE-2026-91.01|V15.3|C|33.72.11|0|||||||||||1532.43
ZE-2026-91.02|V15.3|C|33.72.12|0|||||||||||3575.67
ZE-2026-91.03|V15.3|C|33.72.13|0|||||||||||5618.91
ZE-2026-91.04|V15.3|C|33.72.14|0|||||||||||7662.15
ZE-2026-91.05|V15.3|C|33.72.15|0|||||||||||9705.39
ZE-2026-91.06|V15.3|C|33.72.16|0|||||||||||11748.63
ZE-2026-91.07|V15.3|C|33.72.17|0|||||||||||13791.87
ZE-2026-91.08|V15.3|C|33.72.18|0|||||||||||15835.11
ZE-2026-91.09|V15.3|C|33.72.1A|0|||||||||||17878.35
ZE-2026-92.00|V15.3|A|L04AA04|1||||20.0|40.0|mg|IV|CTG||16|0.0
ZE-2026-92.01|V15.3|A|L04AA04|1||||40.0|60.0|mg|IV|CTG||16|0.0
ZE-2026-92.02|V15.3|A|L04AA04|1||||60.0|80.0|mg|IV|CTG||16|0.0
ZE-2026-92.03|V15.3|A|L04AA04|1||||80.0|100.0|mg|IV|CTG|||0.0
ZE-2026-92.04|V15.3|A|L04AA04|1||||100.0|150.0|mg|IV|CTG|||0.0
ZE-2026-92.05|V15.3|A|L04AA04|1||||150.0|200.0|mg|IV|CTG|||0.0
ZE-2026-92.06|V15.3|A|L04AA04|1||||200.0|250.0|mg|IV|CTG|||0.0
ZE-2026-92.07|V15.3|A|L04AA04|1||||250.0|300.0|mg|IV|CTG|||0.0
ZE-2026-92.08|V15.3|A|L04AA04|1||||300.0|350.0|mg|IV|CTG|||0.0
ZE-2026-92.09|V15.3|A|L04AA04|1||||350.0|400.0|mg|IV|CTG|||0.0
ZE-2026-92.33|V15.3|A|L04AA04|1||||400.0|500.0|mg|IV|CTG|||0.0
ZE-2026-92.34|V15.3|A|L04AA04|1||||500.0|600.0|mg|IV|CTG|||0.0
ZE-2026-92.35|V15.3|A|L04AA04|1||||600.0|700.0|mg|IV|CTG|||0.0
ZE-2026-92.36|V15.3|A|L04AA04|1||||700.0|800.0|mg|IV|CTG|||0.0
ZE-2026-92.37|V15.3|A|L04AA04|1||||800.0|1000.0|mg|IV|CTG|||0.0
ZE-2026-92.38|V15.3|A|L04AA04|1||||1000.0|1200.0|mg|IV|CTG|||0.0
ZE-2026-92.39|V15.3|A|L04AA04|1||||1200.0|1400.0|mg|IV|CTG|||0.0
ZE-2026-92.40|V15.3|A|L04AA04|1||||1400.0|1600.0|mg|IV|CTG|||0.0
ZE-2026-92.41|V15.3|A|L04AA04|1||||1600.0|1800.0|mg|IV|CTG|||0.0
ZE-2026-92.42|V15.3|A|L04AA04|1||||1800.0|2000.0|mg|IV|CTG|||0.0
ZE-2026-92.43|V15.3|A|L04AA04|1||||2000.0|2400.0|mg|IV|CTG|||0.0
ZE-2026-92.45|V15.3|A|L04AA04|1||||2400.0|2800.0|mg|IV|CTG|||0.0
ZE-2026-92.46|V15.3|A|L04AA04|1||||2800.0|3200.0|mg|IV|CTG|||0.0
ZE-2026-92.47|V15.3|A|L04AA04|1||||3200.0|3600.0|mg|IV|CTG|||0.0
ZE-2026-92.48|V15.3|A|L04AA04|1||||3600.0|4000.0|mg|IV|CTG|||0.0
ZE-2026-92.49|V15.3|A|L04AA04|1||||4000.0|4400.0|mg|IV|CTG|||0.0
ZE-2026-92.50|V15.3|A|L04AA04|1||||4400.0|4800.0|mg|IV|CTG|||0.0
ZE-2026-92.51|V15.3|A|L04AA04|1||||4800.0||mg|IV|CTG|||0.0
ZE-2026-93.82|V15.3|A|L04AA04|1||||50.0|100.0|mg|IV|CFR||2|286.13
ZE-2026-93.83|V15.3|A|L04AA04|1||||100.0|150.0|mg|IV|CFR||16|476.89
ZE-2026-93.84|V15.3|A|L04AA04|1||||150.0|250.0|mg|IV|CFR||16|763.02
ZE-2026-93.85|V15.3|A|L04AA04|1||||250.0|350.0|mg|IV|CFR|||1144.53
ZE-2026-93.86|V15.3|A|L04AA04|1||||350.0|450.0|mg|IV|CFR|||1526.04
ZE-2026-93.87|V15.3|A|L04AA04|1||||450.0|550.0|mg|IV|CFR|||1907.55
ZE-2026-93.88|V15.3|A|L04AA04|1||||550.0|650.0|mg|IV|CFR|||2289.05
ZE-2026-93.89|V15.3|A|L04AA04|1||||650.0|750.0|mg|IV|CFR|||2670.56
ZE-2026-93.90|V15.3|A|L04AA04|1||||750.0|850.0|mg|IV|CFR|||3052.07
ZE-2026-93.91|V15.3|A|L04AA04|1||||850.0|1050.0|mg|IV|CFR|||3624.34
ZE-2026-93.92|V15.3|A|L04AA04|1||||1050.0|1250.0|mg|IV|CFR|||4387.35
ZE-2026-93.93|V15.3|A|L04AA04|1||||1250.0|1450.0|mg|IV|CFR|||5150.37
ZE-2026-93.94|V15.3|A|L04AA04|1||||1450.0|1650.0|mg|IV|CFR|||5913.39
ZE-2026-93.95|V15.3|A|L04AA04|1||||1650.0|1850.0|mg|IV|CFR|||6676.41
ZE-2026-93.96|V15.3|A|L04AA04|1||||1850.0|2250.0|mg|IV|CFR|||7820.93
ZE-2026-93.97|V15.3|A|L04AA04|1||||2250.0|2650.0|mg|IV|CFR|||9346.97
ZE-2026-93.98|V15.3|A|L04AA04|1||||2650.0|3050.0|mg|IV|CFR|||10873.01
ZE-2026-93.99|V15.3|A|L04AA04|1||||3050.0|3450.0|mg|IV|CFR|||12399.04
ZE-2026-93.100|V15.3|A|L04AA04|1||||3450.0|3850.0|mg|IV|CFR|||13925.08
ZE-2026-93.101|V15.3|A|L04AA04|1||||3850.0|4250.0|mg|IV|CFR|||15451.11
ZE-2026-93.102|V15.3|A|L04AA04|1||||4250.0|4650.0|mg|IV|CFR|||16977.15
ZE-2026-93.103|V15.3|A|L04AA04|1||||4650.0|5050.0|mg|IV|CFR|||18503.19
ZE-2026-93.104|V15.3|A|L04AA04|1||||5050.0|5650.0|mg|IV|CFR|||20410.73
ZE-2026-93.105|V15.3|A|L04AA04|1||||5650.0|6250.0|mg|IV|CFR|||22699.79
ZE-2026-93.106|V15.3|A|L04AA04|1||||6250.0|6850.0|mg|IV|CFR|||24988.84
ZE-2026-93.107|V15.3|A|L04AA04|1||||6850.0|7450.0|mg|IV|CFR|||27277.89
ZE-2026-93.108|V15.3|A|L04AA04|1||||7450.0|8250.0|mg|IV|CFR|||29948.46
ZE-2026-93.109|V15.3|A|L04AA04|1||||8250.0|9050.0|mg|IV|CFR|||33000.53
ZE-2026-93.110|V15.3|A|L04AA04|1||||9050.0||mg|IV|CFR|||36052.6
ZE-2026-94.02|V15.3|A|L01BC07|1||||300.0|375.0|mg|SC,IV||||320.5
ZE-2026-94.03|V15.3|A|L01BC07|1||||375.0|450.0|mg|SC,IV||||391.73
ZE-2026-94.04|V15.3|A|L01BC07|1||||450.0|600.0|mg|SC,IV||||498.56
ZE-2026-94.05|V15.3|A|L01BC07|1||||600.0|750.0|mg|SC,IV||||641.01
ZE-2026-94.06|V15.3|A|L01BC07|1||||750.0|900.0|mg|SC,IV||||783.45
ZE-2026-94.07|V15.3|A|L01BC07|1||||900.0|1200.0|mg|SC,IV||||997.12
ZE-2026-94.08|V15.3|A|L01BC07|1||||1200.0|1500.0|mg|SC,IV||||1282.01
ZE-2026-94.09|V15.3|A|L01BC07|1||||1500.0|1800.0|mg|SC,IV||||1566.91
ZE-2026-94.10|V15.3|A|L01BC07|1||||1800.0|2100.0|mg|SC,IV||||1851.8
ZE-2026-94.11|V15.3|A|L01BC07|1||||2100.0|2400.0|mg|SC,IV||||2136.69
ZE-2026-94.12|V15.3|A|L01BC07|1||||2400.0|2700.0|mg|SC,IV||||2421.58
ZE-2026-94.13|V15.3|A|L01BC07|1||||2700.0|3000.0|mg|SC,IV||||2706.47
ZE-2026-94.15|V15.3|A|L01BC07|1||||3000.0|3400.0|mg|SC,IV||||3038.85
ZE-2026-94.16|V15.3|A|L01BC07|1||||3400.0|3800.0|mg|SC,IV||||3418.7
ZE-2026-94.17|V15.3|A|L01BC07|1||||3800.0|4200.0|mg|SC,IV||||3798.56
ZE-2026-94.18|V15.3|A|L01BC07|1||||4200.0|4600.0|mg|SC,IV||||4178.42
ZE-2026-94.19|V15.3|A|L01BC07|1||||4600.0|5000.0|mg|SC,IV||||4558.27
ZE-2026-94.20|V15.3|A|L01BC07|1||||5000.0||mg|SC,IV||||4938.13
ZE-2026-95.01|V15.3|A|L01CX01|1||||0.25|0.5|mg|IV|||16|596.58
ZE-2026-95.02|V15.3|A|L01CX01|1||||0.5|0.75|mg|IV||||994.3
ZE-2026-95.03|V15.3|A|L01CX01|1||||0.75|1.0|mg|IV||||1392.02
ZE-2026-95.04|V15.3|A|L01CX01|1||||1.0|1.25|mg|IV||||1789.75
ZE-2026-95.05|V15.3|A|L01CX01|1||||1.25|1.5|mg|IV||||2187.47
ZE-2026-95.06|V15.3|A|L01CX01|1||||1.5|1.75|mg|IV||||2585.19
ZE-2026-95.07|V15.3|A|L01CX01|1||||1.75|2.0|mg|IV||||2982.91
ZE-2026-95.08|V15.3|A|L01CX01|1||||2.0|2.25|mg|IV||||3380.63
ZE-2026-95.09|V15.3|A|L01CX01|1||||2.25|2.5|mg|IV||||3778.35
ZE-2026-95.10|V15.3|A|L01CX01|1||||2.5|2.75|mg|IV||||4176.07
ZE-2026-95.11|V15.3|A|L01CX01|1||||2.75|3.0|mg|IV||||4573.79
ZE-2026-95.12|V15.3|A|L01CX01|1||||3.0|3.25|mg|IV||||4971.52
ZE-2026-95.13|V15.3|A|L01CX01|1||||3.25|3.5|mg|IV||||5369.24
ZE-2026-95.14|V15.3|A|L01CX01|1||||3.5|4.0|mg|IV||||5965.82
ZE-2026-95.15|V15.3|A|L01CX01|1||||4.0|4.5|mg|IV||||6761.26
ZE-2026-95.16|V15.3|A|L01CX01|1||||4.5|5.0|mg|IV||||7556.7
ZE-2026-95.17|V15.3|A|L01CX01|1||||5.0|5.5|mg|IV||||8352.15
ZE-2026-95.20|V15.3|A|L01CX01|1||||5.5|6.5|mg|IV||||9545.31
ZE-2026-95.21|V15.3|A|L01CX01|1||||6.5|7.5|mg|IV||||11136.19
ZE-2026-95.22|V15.3|A|L01CX01|1||||7.5||mg|IV||||12727.08
ZE-2026-96.01|V15.3|A|B02BD14|1||D65.0,D65.1,D65.2,D66,D67,D68.00,D68.01,D68.09,D68.1,D68.20,D68.21,D68.22,D68.23,D68.24,D68.25,D68.26,D68.28,D68.31,D68.32,D68.38,D68.4,D68.5,D69.1,D69.3,D69.40,D69.41,D69.52,D69.53,D69.57,D69.58,D82.0,M31.1,P53,P60,P61.0,D68.33,D68.34,D68.35,D68.8,D69.80,D69.88||1500.0|5000.0|U|IV||||8175.83
ZE-2026-96.02|V15.3|A|B02BD14|1||D65.0,D65.1,D65.2,D66,D67,D68.00,D68.01,D68.09,D68.1,D68.20,D68.21,D68.22,D68.23,D68.24,D68.25,D68.26,D68.28,D68.31,D68.32,D68.38,D68.4,D68.5,D69.1,D69.3,D69.40,D69.41,D69.52,D69.53,D69.57,D69.58,D82.0,M31.1,P53,P60,P61.0,D68.33,D68.34,D68.35,D68.8,D69.80,D69.88||5000.0|10000.0|U|IV||||18867.3
ZE-2026-96.03|V15.3|A|B02BD14|1||D65.0,D65.1,D65.2,D66,D67,D68.00,D68.01,D68.09,D68.1,D68.20,D68.21,D68.22,D68.23,D68.24,D68.25,D68.26,D68.28,D68.31,D68.32,D68.38,D68.4,D68.5,D69.1,D69.3,D69.40,D69.41,D69.52,D69.53,D69.57,D69.58,D82.0,M31.1,P53,P60,P61.0,D68.33,D68.34,D68.35,D68.8,D69.80,D69.88||10000.0|15000.0|U|IV||||31445.5
ZE-2026-96.04|V15.3|A|B02BD14|1||D65.0,D65.1,D65.2,D66,D67,D68.00,D68.01,D68.09,D68.1,D68.20,D68.21,D68.22,D68.23,D68.24,D68.25,D68.26,D68.28,D68.31,D68.32,D68.38,D68.4,D68.5,D69.1,D69.3,D69.40,D69.41,D69.52,D69.53,D69.57,D69.58,D82.0,M31.1,P53,P60,P61.0,D68.33,D68.34,D68.35,D68.8,D69.80,D69.88||15000.0|20000.0|U|IV||||44023.7
ZE-2026-96.05|V15.3|A|B02BD14|1||D65.0,D65.1,D65.2,D66,D67,D68.00,D68.01,D68.09,D68.1,D68.20,D68.21,D68.22,D68.23,D68.24,D68.25,D68.26,D68.28,D68.31,D68.32,D68.38,D68.4,D68.5,D69.1,D69.3,D69.40,D69.41,D69.52,D69.53,D69.57,D69.58,D82.0,M31.1,P53,P60,P61.0,D68.33,D68.34,D68.35,D68.8,D69.80,D69.88||20000.0|25000.0|U|IV||||56601.9
ZE-2026-96.06|V15.3|A|B02BD14|1||D65.0,D65.1,D65.2,D66,D67,D68.00,D68.01,D68.09,D68.1,D68.20,D68.21,D68.22,D68.23,D68.24,D68.25,D68.26,D68.28,D68.31,D68.32,D68.38,D68.4,D68.5,D69.1,D69.3,D69.40,D69.41,D69.52,D69.53,D69.57,D69.58,D82.0,M31.1,P53,P60,P61.0,D68.33,D68.34,D68.35,D68.8,D69.80,D69.88||25000.0|30000.0|U|IV||||69180.1
ZE-2026-96.07|V15.3|A|B02BD14|1||D65.0,D65.1,D65.2,D66,D67,D68.00,D68.01,D68.09,D68.1,D68.20,D68.21,D68.22,D68.23,D68.24,D68.25,D68.26,D68.28,D68.31,D68.32,D68.38,D68.4,D68.5,D69.1,D69.3,D69.40,D69.41,D69.52,D69.53,D69.57,D69.58,D82.0,M31.1,P53,P60,P61.0,D68.33,D68.34,D68.35,D68.8,D69.80,D69.88||30000.0|35000.0|U|IV||||81758.3
ZE-2026-96.08|V15.3|A|B02BD14|1||D65.0,D65.1,D65.2,D66,D67,D68.00,D68.01,D68.09,D68.1,D68.20,D68.21,D68.22,D68.23,D68.24,D68.25,D68.26,D68.28,D68.31,D68.32,D68.38,D68.4,D68.5,D69.1,D69.3,D69.40,D69.41,D69.52,D69.53,D69.57,D69.58,D82.0,M31.1,P53,P60,P61.0,D68.33,D68.34,D68.35,D68.8,D69.80,D69.88||35000.0|40000.0|U|IV||||94336.5
ZE-2026-96.09|V15.3|A|B02BD14|1||D65.0,D65.1,D65.2,D66,D67,D68.00,D68.01,D68.09,D68.1,D68.20,D68.21,D68.22,D68.23,D68.24,D68.25,D68.26,D68.28,D68.31,D68.32,D68.38,D68.4,D68.5,D69.1,D69.3,D69.40,D69.41,D69.52,D69.53,D69.57,D69.58,D82.0,M31.1,P53,P60,P61.0,D68.33,D68.34,D68.35,D68.8,D69.80,D69.88||40000.0|45000.0|U|IV||||106914.7
ZE-2026-96.10|V15.3|A|B02BD14|1||D65.0,D65.1,D65.2,D66,D67,D68.00,D68.01,D68.09,D68.1,D68.20,D68.21,D68.22,D68.23,D68.24,D68.25,D68.26,D68.28,D68.31,D68.32,D68.38,D68.4,D68.5,D69.1,D69.3,D69.40,D69.41,D69.52,D69.53,D69.57,D69.58,D82.0,M31.1,P53,P60,P61.0,D68.33,D68.34,D68.35,D68.8,D69.80,D69.88||45000.0|50000.0|U|IV||||119492.9
ZE-2026-96.11|V15.3|A|B02BD14|1||D65.0,D65.1,D65.2,D66,D67,D68.00,D68.01,D68.09,D68.1,D68.20,D68.21,D68.22,D68.23,D68.24,D68.25,D68.26,D68.28,D68.31,D68.32,D68.38,D68.4,D68.5,D69.1,D69.3,D69.40,D69.41,D69.52,D69.53,D69.57,D69.58,D82.0,M31.1,P53,P60,P61.0,D68.33,D68.34,D68.35,D68.8,D69.80,D69.88||50000.0|55000.0|U|IV||||132071.1
ZE-2026-96.12|V15.3|A|B02BD14|1||D65.0,D65.1,D65.2,D66,D67,D68.00,D68.01,D68.09,D68.1,D68.20,D68.21,D68.22,D68.23,D68.24,D68.25,D68.26,D68.28,D68.31,D68.32,D68.38,D68.4,D68.5,D69.1,D69.3,D69.40,D69.41,D69.52,D69.53,D69.57,D69.58,D82.0,M31.1,P53,P60,P61.0,D68.33,D68.34,D68.35,D68.8,D69.80,D69.88||55000.0|60000.0|U|IV||||144649.3
ZE-2026-96.13|V15.3|A|B02BD14|1||D65.0,D65.1,D65.2,D66,D67,D68.00,D68.01,D68.09,D68.1,D68.20,D68.21,D68.22,D68.23,D68.24,D68.25,D68.26,D68.28,D68.31,D68.32,D68.38,D68.4,D68.5,D69.1,D69.3,D69.40,D69.41,D69.52,D69.53,D69.57,D69.58,D82.0,M31.1,P53,P60,P61.0,D68.33,D68.34,D68.35,D68.8,D69.80,D69.88||60000.0|65000.0|U|IV||||157227.5
ZE-2026-96.14|V15.3|A|B02BD14|1||D65.0,D65.1,D65.2,D66,D67,D68.00,D68.01,D68.09,D68.1,D68.20,D68.21,D68.22,D68.23,D68.24,D68.25,D68.26,D68.28,D68.31,D68.32,D68.38,D68.4,D68.5,D69.1,D69.3,D69.40,D69.41,D69.52,D69.53,D69.57,D69.58,D82.0,M31.1,P53,P60,P61.0,D68.33,D68.34,D68.35,D68.8,D69.80,D69.88||65000.0|70000.0|U|IV||||169805.7
ZE-2026-96.15|V15.3|A|B02BD14|1||D65.0,D65.1,D65.2,D66,D67,D68.00,D68.01,D68.09,D68.1,D68.20,D68.21,D68.22,D68.23,D68.24,D68.25,D68.26,D68.28,D68.31,D68.32,D68.38,D68.4,D68.5,D69.1,D69.3,D69.40,D69.41,D69.52,D69.53,D69.57,D69.58,D82.0,M31.1,P53,P60,P61.0,D68.33,D68.34,D68.35,D68.8,D69.80,D69.88||70000.0|75000.0|U|IV||||182383.9
ZE-2026-96.16|V15.3|A|B02BD14|1||D65.0,D65.1,D65.2,D66,D67,D68.00,D68.01,D68.09,D68.1,D68.20,D68.21,D68.22,D68.23,D68.24,D68.25,D68.26,D68.28,D68.31,D68.32,D68.38,D68.4,D68.5,D69.1,D69.3,D69.40,D69.41,D69.52,D69.53,D69.57,D69.58,D82.0,M31.1,P53,P60,P61.0,D68.33,D68.34,D68.35,D68.8,D69.80,D69.88||75000.0|80000.0|U|IV||||194962.1
ZE-2026-96.17|V15.3|A|B02BD14|1||D65.0,D65.1,D65.2,D66,D67,D68.00,D68.01,D68.09,D68.1,D68.20,D68.21,D68.22,D68.23,D68.24,D68.25,D68.26,D68.28,D68.31,D68.32,D68.38,D68.4,D68.5,D69.1,D69.3,D69.40,D69.41,D69.52,D69.53,D69.57,D69.58,D82.0,M31.1,P53,P60,P61.0,D68.33,D68.34,D68.35,D68.8,D69.80,D69.88||80000.0|85000.0|U|IV||||207540.3
ZE-2026-96.18|V15.3|A|B02BD14|1||D65.0,D65.1,D65.2,D66,D67,D68.00,D68.01,D68.09,D68.1,D68.20,D68.21,D68.22,D68.23,D68.24,D68.25,D68.26,D68.28,D68.31,D68.32,D68.38,D68.4,D68.5,D69.1,D69.3,D69.40,D69.41,D69.52,D69.53,D69.57,D69.58,D82.0,M31.1,P53,P60,P61.0,D68.33,D68.34,D68.35,D68.8,D69.80,D69.88||85000.0|90000.0|U|IV||||220118.5
ZE-2026-96.19|V15.3|A|B02BD14|1||D65.0,D65.1,D65.2,D66,D67,D68.00,D68.01,D68.09,D68.1,D68.20,D68.21,D68.22,D68.23,D68.24,D68.25,D68.26,D68.28,D68.31,D68.32,D68.38,D68.4,D68.5,D69.1,D69.3,D69.40,D69.41,D69.52,D69.53,D69.57,D69.58,D82.0,M31.1,P53,P60,P61.0,D68.33,D68.34,D68.35,D68.8,D69.80,D69.88||90000.0|95000.0|U|IV||||232696.7
ZE-2026-96.20|V15.3|A|B02BD14|1||D65.0,D65.1,D65.2,D66,D67,D68.00,D68.01,D68.09,D68.1,D68.20,D68.21,D68.22,D68.23,D68.24,D68.25,D68.26,D68.28,D68.31,D68.32,D68.38,D68.4,D68.5,D69.1,D69.3,D69.40,D69.41,D69.52,D69.53,D69.57,D69.58,D82.0,M31.1,P53,P60,P61.0,D68.33,D68.34,D68.35,D68.8,D69.80,D69.88||95000.0|100000.0|U|IV||||245274.9
ZE-2026-96.21|V15.3|A|B02BD14|1||D65.0,D65.1,D65.2,D66,D67,D68.00,D68.01,D68.09,D68.1,D68.20,D68.21,D68.22,D68.23,D68.24,D68.25,D68.26,D68.28,D68.31,D68.32,D68.38,D68.4,D68.5,D69.1,D69.3,D69.40,D69.41,D69.52,D69.53,D69.57,D69.58,D82.0,M31.1,P53,P60,P61.0,D68.33,D68.34,D68.35,D68.8,D69.80,D69.88||100000.0|105000.0|U|IV||||257853.1
ZE-2026-96.22|V15.3|A|B02BD14|1||D65.0,D65.1,D65.2,D66,D67,D68.00,D68.01,D68.09,D68.1,D68.20,D68.21,D68.22,D68.23,D68.24,D68.25,D68.26,D68.28,D68.31,D68.32,D68.38,D68.4,D68.5,D69.1,D69.3,D69.40,D69.41,D69.52,D69.53,D69.57,D69.58,D82.0,M31.1,P53,P60,P61.0,D68.33,D68.34,D68.35,D68.8,D69.80,D69.88||105000.0|110000.0|U|IV||||270431.3
ZE-2026-96.23|V15.3|A|B02BD14|1||D65.0,D65.1,D65.2,D66,D67,D68.00,D68.01,D68.09,D68.1,D68.20,D68.21,D68.22,D68.23,D68.24,D68.25,D68.26,D68.28,D68.31,D68.32,D68.38,D68.4,D68.5,D69.1,D69.3,D69.40,D69.41,D69.52,D69.53,D69.57,D69.58,D82.0,M31.1,P53,P60,P61.0,D68.33,D68.34,D68.35,D68.8,D69.80,D69.88||110000.0|115000.0|U|IV||||283009.5
ZE-2026-96.24|V15.3|A|B02BD14|1||D65.0,D65.1,D65.2,D66,D67,D68.00,D68.01,D68.09,D68.1,D68.20,D68.21,D68.22,D68.23,D68.24,D68.25,D68.26,D68.28,D68.31,D68.32,D68.38,D68.4,D68.5,D69.1,D69.3,D69.40,D69.41,D69.52,D69.53,D69.57,D69.58,D82.0,M31.1,P53,P60,P61.0,D68.33,D68.34,D68.35,D68.8,D69.80,D69.88||115000.0|120000.0|U|IV||||295587.7
ZE-2026-96.25|V15.3|A|B02BD14|1||D65.0,D65.1,D65.2,D66,D67,D68.00,D68.01,D68.09,D68.1,D68.20,D68.21,D68.22,D68.23,D68.24,D68.25,D68.26,D68.28,D68.31,D68.32,D68.38,D68.4,D68.5,D69.1,D69.3,D69.40,D69.41,D69.52,D69.53,D69.57,D69.58,D82.0,M31.1,P53,P60,P61.0,D68.33,D68.34,D68.35,D68.8,D69.80,D69.88||120000.0|125000.0|U|IV||||308165.9
ZE-2026-96.26|V15.3|A|B02BD14|1||D65.0,D65.1,D65.2,D66,D67,D68.00,D68.01,D68.09,D68.1,D68.20,D68.21,D68.22,D68.23,D68.24,D68.25,D68.26,D68.28,D68.31,D68.32,D68.38,D68.4,D68.5,D69.1,D69.3,D69.40,D69.41,D69.52,D69.53,D69.57,D69.58,D82.0,M31.1,P53,P60,P61.0,D68.33,D68.34,D68.35,D68.8,D69.80,D69.88||125000.0|130000.0|U|IV||||320744.1
ZE-2026-96.27|V15.3|A|B02BD14|1||D65.0,D65.1,D65.2,D66,D67,D68.00,D68.01,D68.09,D68.1,D68.20,D68.21,D68.22,D68.23,D68.24,D68.25,D68.26,D68.28,D68.31,D68.32,D68.38,D68.4,D68.5,D69.1,D69.3,D69.40,D69.41,D69.52,D69.53,D69.57,D69.58,D82.0,M31.1,P53,P60,P61.0,D68.33,D68.34,D68.35,D68.8,D69.80,D69.88||130000.0|135000.0|U|IV||||333322.3
ZE-2026-96.28|V15.3|A|B02BD14|1||D65.0,D65.1,D65.2,D66,D67,D68.00,D68.01,D68.09,D68.1,D68.20,D68.21,D68.22,D68.23,D68.24,D68.25,D68.26,D68.28,D68.31,D68.32,D68.38,D68.4,D68.5,D69.1,D69.3,D69.40,D69.41,D69.52,D69.53,D69.57,D69.58,D82.0,M31.1,P53,P60,P61.0,D68.33,D68.34,D68.35,D68.8,D69.80,D69.88||135000.0|140000.0|U|IV||||345900.5
ZE-2026-96.29|V15.3|A|B02BD14|1||D65.0,D65.1,D65.2,D66,D67,D68.00,D68.01,D68.09,D68.1,D68.20,D68.21,D68.22,D68.23,D68.24,D68.25,D68.26,D68.28,D68.31,D68.32,D68.38,D68.4,D68.5,D69.1,D69.3,D69.40,D69.41,D69.52,D69.53,D69.57,D69.58,D82.0,M31.1,P53,P60,P61.0,D68.33,D68.34,D68.35,D68.8,D69.80,D69.88||140000.0|145000.0|U|IV||||358478.7
ZE-2026-96.30|V15.3|A|B02BD14|1||D65.0,D65.1,D65.2,D66,D67,D68.00,D68.01,D68.09,D68.1,D68.20,D68.21,D68.22,D68.23,D68.24,D68.25,D68.26,D68.28,D68.31,D68.32,D68.38,D68.4,D68.5,D69.1,D69.3,D69.40,D69.41,D69.52,D69.53,D69.57,D69.58,D82.0,M31.1,P53,P60,P61.0,D68.33,D68.34,D68.35,D68.8,D69.80,D69.88||145000.0|150000.0|U|IV||||371056.9
ZE-2026-96.31|V15.3|A|B02BD14|1||D65.0,D65.1,D65.2,D66,D67,D68.00,D68.01,D68.09,D68.1,D68.20,D68.21,D68.22,D68.23,D68.24,D68.25,D68.26,D68.28,D68.31,D68.32,D68.38,D68.4,D68.5,D69.1,D69.3,D69.40,D69.41,D69.52,D69.53,D69.57,D69.58,D82.0,M31.1,P53,P60,P61.0,D68.33,D68.34,D68.35,D68.8,D69.80,D69.88||150000.0|155000.0|U|IV||||383635.1
ZE-2026-96.32|V15.3|A|B02BD14|1||D65.0,D65.1,D65.2,D66,D67,D68.00,D68.01,D68.09,D68.1,D68.20,D68.21,D68.22,D68.23,D68.24,D68.25,D68.26,D68.28,D68.31,D68.32,D68.38,D68.4,D68.5,D69.1,D69.3,D69.40,D69.41,D69.52,D69.53,D69.57,D69.58,D82.0,M31.1,P53,P60,P61.0,D68.33,D68.34,D68.35,D68.8,D69.80,D69.88||155000.0|160000.0|U|IV||||396213.3
ZE-2026-96.33|V15.3|A|B02BD14|1||D65.0,D65.1,D65.2,D66,D67,D68.00,D68.01,D68.09,D68.1,D68.20,D68.21,D68.22,D68.23,D68.24,D68.25,D68.26,D68.28,D68.31,D68.32,D68.38,D68.4,D68.5,D69.1,D69.3,D69.40,D69.41,D69.52,D69.53,D69.57,D69.58,D82.0,M31.1,P53,P60,P61.0,D68.33,D68.34,D68.35,D68.8,D69.80,D69.88||160000.0|165000.0|U|IV||||408791.5
ZE-2026-96.34|V15.3|A|B02BD14|1||D65.0,D65.1,D65.2,D66,D67,D68.00,D68.01,D68.09,D68.1,D68.20,D68.21,D68.22,D68.23,D68.24,D68.25,D68.26,D68.28,D68.31,D68.32,D68.38,D68.4,D68.5,D69.1,D69.3,D69.40,D69.41,D69.52,D69.53,D69.57,D69.58,D82.0,M31.1,P53,P60,P61.0,D68.33,D68.34,D68.35,D68.8,D69.80,D69.88||165000.0|170000.0|U|IV||||421369.7
ZE-2026-96.35|V15.3|A|B02BD14|1||D65.0,D65.1,D65.2,D66,D67,D68.00,D68.01,D68.09,D68.1,D68.20,D68.21,D68.22,D68.23,D68.24,D68.25,D68.26,D68.28,D68.31,D68.32,D68.38,D68.4,D68.5,D69.1,D69.3,D69.40,D69.41,D69.52,D69.53,D69.57,D69.58,D82.0,M31.1,P53,P60,P61.0,D68.33,D68.34,D68.35,D68.8,D69.80,D69.88||170000.0|175000.0|U|IV||||433947.9
ZE-2026-96.36|V15.3|A|B02BD14|1||D65.0,D65.1,D65.2,D66,D67,D68.00,D68.01,D68.09,D68.1,D68.20,D68.21,D68.22,D68.23,D68.24,D68.25,D68.26,D68.28,D68.31,D68.32,D68.38,D68.4,D68.5,D69.1,D69.3,D69.40,D69.41,D69.52,D69.53,D69.57,D69.58,D82.0,M31.1,P53,P60,P61.0,D68.33,D68.34,D68.35,D68.8,D69.80,D69.88||175000.0|180000.0|U|IV||||446526.1
ZE-2026-96.37|V15.3|A|B02BD14|1||D65.0,D65.1,D65.2,D66,D67,D68.00,D68.01,D68.09,D68.1,D68.20,D68.21,D68.22,D68.23,D68.24,D68.25,D68.26,D68.28,D68.31,D68.32,D68.38,D68.4,D68.5,D69.1,D69.3,D69.40,D69.41,D69.52,D69.53,D69.57,D69.58,D82.0,M31.1,P53,P60,P61.0,D68.33,D68.34,D68.35,D68.8,D69.80,D69.88||180000.0|185000.0|U|IV||||459104.3
ZE-2026-96.38|V15.3|A|B02BD14|1||D65.0,D65.1,D65.2,D66,D67,D68.00,D68.01,D68.09,D68.1,D68.20,D68.21,D68.22,D68.23,D68.24,D68.25,D68.26,D68.28,D68.31,D68.32,D68.38,D68.4,D68.5,D69.1,D69.3,D69.40,D69.41,D69.52,D69.53,D69.57,D69.58,D82.0,M31.1,P53,P60,P61.0,D68.33,D68.34,D68.35,D68.8,D69.80,D69.88||185000.0|190000.0|U|IV||||471682.5
ZE-2026-96.39|V15.3|A|B02BD14|1||D65.0,D65.1,D65.2,D66,D67,D68.00,D68.01,D68.09,D68.1,D68.20,D68.21,D68.22,D68.23,D68.24,D68.25,D68.26,D68.28,D68.31,D68.32,D68.38,D68.4,D68.5,D69.1,D69.3,D69.40,D69.41,D69.52,D69.53,D69.57,D69.58,D82.0,M31.1,P53,P60,P61.0,D68.33,D68.34,D68.35,D68.8,D69.80,D69.88||190000.0|195000.0|U|IV||||484260.7
ZE-2026-96.40|V15.3|A|B02BD14|1||D65.0,D65.1,D65.2,D66,D67,D68.00,D68.01,D68.09,D68.1,D68.20,D68.21,D68.22,D68.23,D68.24,D68.25,D68.26,D68.28,D68.31,D68.32,D68.38,D68.4,D68.5,D69.1,D69.3,D69.40,D69.41,D69.52,D69.53,D69.57,D69.58,D82.0,M31.1,P53,P60,P61.0,D68.33,D68.34,D68.35,D68.8,D69.80,D69.88||195000.0|200000.0|U|IV||||496838.9
ZE-2026-96.41|V15.3|A|B02BD14|1||D65.0,D65.1,D65.2,D66,D67,D68.00,D68.01,D68.09,D68.1,D68.20,D68.21,D68.22,D68.23,D68.24,D68.25,D68.26,D68.28,D68.31,D68.32,D68.38,D68.4,D68.5,D69.1,D69.3,D69.40,D69.41,D69.52,D69.53,D69.57,D69.58,D82.0,M31.1,P53,P60,P61.0,D68.33,D68.34,D68.35,D68.8,D69.80,D69.88||200000.0||U|IV||||509417.1
ZE-2026-98.30|V15.3|A|H01BA04|1||||10.0|20.0|mg|IV,ET,Inhal||||0.0
ZE-2026-98.31|V15.3|A|H01BA04|1||||20.0|30.0|mg|IV,ET,Inhal||||0.0
ZE-2026-98.32|V15.3|A|H01BA04|1||||30.0|40.0|mg|IV,ET,Inhal||||0.0
ZE-2026-98.33|V15.3|A|H01BA04|1||||40.0|50.0|mg|IV,ET,Inhal||||0.0
ZE-2026-98.34|V15.3|A|H01BA04|1||||50.0|60.0|mg|IV,ET,Inhal||||0.0
ZE-2026-98.35|V15.3|A|H01BA04|1||||60.0|70.0|mg|IV,ET,Inhal||||0.0
ZE-2026-98.36|V15.3|A|H01BA04|1||||70.0|80.0|mg|IV,ET,Inhal||||0.0
ZE-2026-98.37|V15.3|A|H01BA04|1||||80.0|100.0|mg|IV,ET,Inhal||||0.0
ZE-2026-98.38|V15.3|A|H01BA04|1||||100.0|120.0|mg|IV,ET,Inhal||||0.0
ZE-2026-98.39|V15.3|A|H01BA04|1||||120.0|140.0|mg|IV,ET,Inhal||||0.0
ZE-2026-98.40|V15.3|A|H01BA04|1||||140.0|160.0|mg|IV,ET,Inhal||||0.0
ZE-2026-98.41|V15.3|A|H01BA04|1||||160.0|180.0|mg|IV,ET,Inhal||||0.0
ZE-2026-98.42|V15.3|A|H01BA04|1||||180.0|200.0|mg|IV,ET,Inhal||||0.0
ZE-2026-98.43|V15.3|A|H01BA04|1||||200.0|240.0|mg|IV,ET,Inhal||||0.0
ZE-2026-98.44|V15.3|A|H01BA04|1||||240.0|280.0|mg|IV,ET,Inhal||||0.0
ZE-2026-98.45|V15.3|A|H01BA04|1||||280.0|320.0|mg|IV,ET,Inhal||||0.0
ZE-2026-98.46|V15.3|A|H01BA04|1||||320.0|360.0|mg|IV,ET,Inhal||||0.0
ZE-2026-98.48|V15.3|A|H01BA04|1||||360.0|440.0|mg|IV,ET,Inhal||||0.0
ZE-2026-98.49|V15.3|A|H01BA04|1||||440.0|520.0|mg|IV,ET,Inhal||||0.0
ZE-2026-98.50|V15.3|A|H01BA04|1||||520.0|600.0|mg|IV,ET,Inhal||||0.0
ZE-2026-98.51|V15.3|A|H01BA04|1||||600.0||mg|IV,ET,Inhal||||0.0
ZE-2026-99.18|V15.3|A|L01AB01|1||||25.0|50.0|mg|IV|||6|0.0
ZE-2026-99.19|V15.3|A|L01AB01|1||||50.0|75.0|mg|IV|||16|0.0
ZE-2026-99.20|V15.3|A|L01AB01|1||||75.0|100.0|mg|IV|||16|0.0
ZE-2026-99.21|V15.3|A|L01AB01|1||||100.0|150.0|mg|IV|||16|0.0
ZE-2026-99.22|V15.3|A|L01AB01|1||||150.0|200.0|mg|IV||||0.0
ZE-2026-99.23|V15.3|A|L01AB01|1||||200.0|250.0|mg|IV||||0.0
ZE-2026-99.24|V15.3|A|L01AB01|1||||250.0|300.0|mg|IV||||0.0
ZE-2026-99.25|V15.3|A|L01AB01|1||||300.0|350.0|mg|IV||||0.0
ZE-2026-99.26|V15.3|A|L01AB01|1||||350.0|400.0|mg|IV||||0.0
ZE-2026-99.27|V15.3|A|L01AB01|1||||400.0|450.0|mg|IV||||0.0
ZE-2026-99.28|V15.3|A|L01AB01|1||||450.0|500.0|mg|IV||||0.0
ZE-2026-99.29|V15.3|A|L01AB01|1||||500.0|600.0|mg|IV||||0.0
ZE-2026-99.30|V15.3|A|L01AB01|1||||600.0|700.0|mg|IV||||0.0
ZE-2026-99.31|V15.3|A|L01AB01|1||||700.0|800.0|mg|IV||||0.0
ZE-2026-99.32|V15.3|A|L01AB01|1||||800.0|900.0|mg|IV||||0.0
ZE-2026-99.33|V15.3|A|L01AB01|1||||900.0|1000.0|mg|IV||||0.0
ZE-2026-99.34|V15.3|A|L01AB01|1||||1000.0|1200.0|mg|IV||||0.0
ZE-2026-99.35|V15.3|A|L01AB01|1||||1200.0|1400.0|mg|IV||||0.0
ZE-2026-99.36|V15.3|A|L01AB01|1||||1400.0|1600.0|mg|IV||||0.0
ZE-2026-99.37|V15.3|A|L01AB01|1||||1600.0|1800.0|mg|IV||||0.0
ZE-2026-99.38|V15.3|A|L01AB01|1||||1800.0|2000.0|mg|IV||||0.0
ZE-2026-99.39|V15.3|A|L01AB01|1||||2000.0||mg|IV||||0.0
ZE-2026-100.01|V15.3|A|L01FD02|1||||210.0|630.0|mg|IV||||2866.08
ZE-2026-100.02|V15.3|A|L01FD02|1||||630.0|1050.0|mg|IV||||5732.17
ZE-2026-100.03|V15.3|A|L01FD02|1||||1050.0|1470.0|mg|IV||||8598.25
ZE-2026-100.04|V15.3|A|L01FD02|1||||1470.0|1890.0|mg|IV||||11464.34
ZE-2026-100.06|V15.3|A|L01FD02|1||||1890.0|2310.0|mg|IV||||14330.42
ZE-2026-100.07|V15.3|A|L01FD02|1||||2310.0|2730.0|mg|IV||||17196.51
ZE-2026-100.08|V15.3|A|L01FD02|1||||2730.0|3150.0|mg|IV||||20062.59
ZE-2026-100.09|V15.3|A|L01FD02|1||||3150.0||mg|IV||||22928.67
ZE-2026-101.32|V15.3|A|L01FD03|1||||90.0|110.0|mg|IV||||1492.36
ZE-2026-101.33|V15.3|A|L01FD03|1||||110.0|130.0|mg|IV||||1790.83
ZE-2026-101.34|V15.3|A|L01FD03|1||||130.0|150.0|mg|IV||||2089.3
ZE-2026-101.35|V15.3|A|L01FD03|1||||150.0|170.0|mg|IV||||2387.78
ZE-2026-101.36|V15.3|A|L01FD03|1||||170.0|190.0|mg|IV||||2686.25
ZE-2026-101.37|V15.3|A|L01FD03|1||||190.0|210.0|mg|IV||||2984.72
ZE-2026-101.38|V15.3|A|L01FD03|1||||210.0|230.0|mg|IV||||3283.19
ZE-2026-101.39|V15.3|A|L01FD03|1||||230.0|250.0|mg|IV||||3581.66
ZE-2026-101.40|V15.3|A|L01FD03|1||||250.0|270.0|mg|IV||||3880.14
ZE-2026-101.41|V15.3|A|L01FD03|1||||270.0|290.0|mg|IV||||4178.61
ZE-2026-101.42|V15.3|A|L01FD03|1||||290.0|330.0|mg|IV||||4626.32
ZE-2026-101.43|V15.3|A|L01FD03|1||||330.0|370.0|mg|IV||||5223.26
ZE-2026-101.44|V15.3|A|L01FD03|1||||370.0|410.0|mg|IV||||5820.2
ZE-2026-101.45|V15.3|A|L01FD03|1||||410.0|450.0|mg|IV||||6417.15
ZE-2026-101.46|V15.3|A|L01FD03|1||||450.0|490.0|mg|IV||||7014.09
ZE-2026-101.47|V15.3|A|L01FD03|1||||490.0|570.0|mg|IV||||7909.51
ZE-2026-101.48|V15.3|A|L01FD03|1||||570.0|650.0|mg|IV||||9103.4
ZE-2026-101.49|V15.3|A|L01FD03|1||||650.0|850.0|mg|IV||||11192.7
ZE-2026-101.50|V15.3|A|L01FD03|1||||850.0||mg|IV||||14177.42
ZE-2026-102.13|V15.3|A|L01ED01|1||||800.0|1300.0|mg|O||||333.64
ZE-2026-102.14|V15.3|A|L01ED01|1||||1300.0|2500.0|mg|O||||603.73
ZE-2026-102.15|V15.3|A|L01ED01|1||||2500.0|3500.0|mg|O||||953.25
ZE-2026-102.16|V15.3|A|L01ED01|1||||3500.0|4500.0|mg|O||||1271.0
ZE-2026-102.17|V15.3|A|L01ED01|1||||4500.0|6000.0|mg|O||||1668.19
ZE-2026-102.18|V15.3|A|L01ED01|1||||6000.0|8000.0|mg|O||||2224.25
ZE-2026-102.19|V15.3|A|L01ED01|1||||8000.0|10000.0|mg|O||||2859.75
ZE-2026-102.20|V15.3|A|L01ED01|1||||10000.0|12000.0|mg|O||||3495.25
ZE-2026-102.21|V15.3|A|L01ED01|1||||12000.0|14000.0|mg|O||||4130.75
ZE-2026-102.22|V15.3|A|L01ED01|1||||14000.0|16000.0|mg|O||||4766.25
ZE-2026-102.23|V15.3|A|L01ED01|1||||16000.0|18000.0|mg|O||||5401.75
ZE-2026-102.24|V15.3|A|L01ED01|1||||18000.0|20000.0|mg|O||||6037.25
ZE-2026-102.25|V15.3|A|L01ED01|1||||20000.0|24000.0|mg|O||||6990.5
ZE-2026-102.26|V15.3|A|L01ED01|1||||24000.0|28000.0|mg|O||||8261.5
ZE-2026-102.27|V15.3|A|L01ED01|1||||28000.0|32000.0|mg|O||||9532.5
ZE-2026-102.28|V15.3|A|L01ED01|1||||32000.0|36000.0|mg|O||||10803.5
ZE-2026-102.29|V15.3|A|L01ED01|1||||36000.0||mg|O||||12074.5
ZE-2026-103.21|V15.3|A|V03AF09|1||||250.0|750.0|U|IV||||0.0
ZE-2026-103.22|V15.3|A|V03AF09|1||||750.0|1250.0|U|IV||||0.0
ZE-2026-103.23|V15.3|A|V03AF09|1||||1250.0|1750.0|U|IV||||0.0
ZE-2026-103.24|V15.3|A|V03AF09|1||||1750.0|2250.0|U|IV||||0.0
ZE-2026-103.25|V15.3|A|V03AF09|1||||2250.0|2750.0|U|IV||||0.0
ZE-2026-103.26|V15.3|A|V03AF09|1||||2750.0|3250.0|U|IV||||0.0
ZE-2026-103.27|V15.3|A|V03AF09|1||||3250.0|3750.0|U|IV||||0.0
ZE-2026-103.28|V15.3|A|V03AF09|1||||3750.0|4250.0|U|IV||||0.0
ZE-2026-103.29|V15.3|A|V03AF09|1||||4250.0|4750.0|U|IV||||0.0
ZE-2026-103.30|V15.3|A|V03AF09|1||||4750.0|5250.0|U|IV||||0.0
ZE-2026-103.31|V15.3|A|V03AF09|1||||5250.0|5750.0|U|IV||||0.0
ZE-2026-103.32|V15.3|A|V03AF09|1||||5750.0|6250.0|U|IV||||0.0
ZE-2026-103.33|V15.3|A|V03AF09|1||||6250.0|6750.0|U|IV||||0.0
ZE-2026-103.34|V15.3|A|V03AF09|1||||6750.0|7250.0|U|IV||||0.0
ZE-2026-103.35|V15.3|A|V03AF09|1||||7250.0|7750.0|U|IV||||0.0
ZE-2026-103.36|V15.3|A|V03AF09|1||||7750.0|8250.0|U|IV||||0.0
ZE-2026-103.37|V15.3|A|V03AF09|1||||8250.0|8750.0|U|IV||||0.0
ZE-2026-103.38|V15.3|A|V03AF09|1||||8750.0|9250.0|U|IV||||0.0
ZE-2026-103.39|V15.3|A|V03AF09|1||||9250.0|9750.0|U|IV||||0.0
ZE-2026-103.40|V15.3|A|V03AF09|1||||9750.0||U|IV||||0.0
ZE-2026-104.01|V15.3|C|39.95.H0|0|L60,L71||||||||||1800.0
ZE-2026-104.01|V15.3|C|39.95.H1|0|L60,L71||||||||||1800.0
ZE-2026-104.01|V15.3|C|39.95.H9|0|L60,L71||||||||||1800.0
ZE-2026-105.01|V15.3|C|81.9A.3C|0|||||||||||7110.85
ZE-2026-105.01|V15.3|C|81.9A.4C|0|||||||||||7110.85
ZE-2026-106.01|V15.3|C|84.53.11|0|||||||||||13061.45
ZE-2026-107.01|V15.3|C|92.54.11|0|||||||||||1412.7
ZE-2026-107.01|V15.3|C|92.54.12|0|||||||||||1412.7
ZE-2026-107.01|V15.3|C|92.54.21|0|||||||||||1412.7
ZE-2026-107.01|V15.3|C|92.54.22|0|||||||||||1412.7
ZE-2026-108.01|V15.3|C|93.92.10|0|||92.54.11,92.54.12,92.54.21,92.54.22||||||||774.95
ZE-2026-108.01|V15.3|C|93.92.11|0|||92.54.11,92.54.12,92.54.21,92.54.22||||||||774.95
ZE-2026-108.01|V15.3|C|93.92.12|0|||92.54.11,92.54.12,92.54.21,92.54.22||||||||774.95
ZE-2026-109.01|V15.3|C|33.71.11|0|||||||||||1768.86
ZE-2026-109.01|V15.3|C|33.71.21|0|||||||||||1768.86
ZE-2026-109.02|V15.3|C|33.71.12|0|||||||||||3537.72
ZE-2026-109.02|V15.3|C|33.71.22|0|||||||||||3537.72
ZE-2026-109.03|V15.3|C|33.71.13|0|||||||||||5306.58
ZE-2026-109.03|V15.3|C|33.71.23|0|||||||||||5306.58
ZE-2026-109.04|V15.3|C|33.71.14|0|||||||||||7075.44
ZE-2026-109.04|V15.3|C|33.71.24|0|||||||||||7075.44
ZE-2026-109.05|V15.3|C|33.71.16|0|||||||||||8844.3
ZE-2026-109.05|V15.3|C|33.71.26|0|||||||||||8844.3
ZE-2026-109.06|V15.3|C|33.71.17|0|||||||||||10613.16
ZE-2026-109.06|V15.3|C|33.71.27|0|||||||||||10613.16
ZE-2026-109.07|V15.3|C|33.71.18|0|||||||||||12382.02
ZE-2026-109.07|V15.3|C|33.71.28|0|||||||||||12382.02
ZE-2026-109.08|V15.3|C|33.71.1A|0|||||||||||14150.88
ZE-2026-109.08|V15.3|C|33.71.2A|0|||||||||||14150.88
ZE-2026-109.09|V15.3|C|33.71.1B|0|||||||||||15919.74
ZE-2026-109.09|V15.3|C|33.71.2B|0|||||||||||15919.74
ZE-2026-109.10|V15.3|C|33.71.1C|0|||||||||||17688.6
ZE-2026-109.10|V15.3|C|33.71.2C|0|||||||||||17688.6
ZE-2026-110.56|V15.3|A|B02BD10|1||D65.0,D65.1,D65.2,D66,D67,D68.00,D68.01,D68.09,D68.1,D68.20,D68.21,D68.22,D68.23,D68.24,D68.25,D68.26,D68.28,D68.31,D68.32,D68.38,D68.4,D68.5,D69.1,D69.3,D69.40,D69.41,D69.52,D69.53,D69.57,D69.58,D82.0,M31.1,P53,P60,P61.0,D68.33,D68.34,D68.35,D68.8,D69.80,D69.88||900.0|1400.0|U|IV||||885.24
ZE-2026-110.57|V15.3|A|B02BD10|1||D65.0,D65.1,D65.2,D66,D67,D68.00,D68.01,D68.09,D68.1,D68.20,D68.21,D68.22,D68.23,D68.24,D68.25,D68.26,D68.28,D68.31,D68.32,D68.38,D68.4,D68.5,D69.1,D69.3,D69.40,D69.41,D69.52,D69.53,D69.57,D69.58,D82.0,M31.1,P53,P60,P61.0,D68.33,D68.34,D68.35,D68.8,D69.80,D69.88||1400.0|1900.0|U|IV||||1270.12
ZE-2026-110.58|V15.3|A|B02BD10|1||D65.0,D65.1,D65.2,D66,D67,D68.00,D68.01,D68.09,D68.1,D68.20,D68.21,D68.22,D68.23,D68.24,D68.25,D68.26,D68.28,D68.31,D68.32,D68.38,D68.4,D68.5,D69.1,D69.3,D69.40,D69.41,D69.52,D69.53,D69.57,D69.58,D82.0,M31.1,P53,P60,P61.0,D68.33,D68.34,D68.35,D68.8,D69.80,D69.88||1900.0|3050.0|U|IV||||1905.18
ZE-2026-110.59|V15.3|A|B02BD10|1||D65.0,D65.1,D65.2,D66,D67,D68.00,D68.01,D68.09,D68.1,D68.20,D68.21,D68.22,D68.23,D68.24,D68.25,D68.26,D68.28,D68.31,D68.32,D68.38,D68.4,D68.5,D69.1,D69.3,D69.40,D69.41,D69.52,D69.53,D69.57,D69.58,D82.0,M31.1,P53,P60,P61.0,D68.33,D68.34,D68.35,D68.8,D69.80,D69.88||3050.0|4200.0|U|IV||||2790.42
ZE-2026-110.60|V15.3|A|B02BD10|1||D65.0,D65.1,D65.2,D66,D67,D68.00,D68.01,D68.09,D68.1,D68.20,D68.21,D68.22,D68.23,D68.24,D68.25,D68.26,D68.28,D68.31,D68.32,D68.38,D68.4,D68.5,D69.1,D69.3,D69.40,D69.41,D69.52,D69.53,D69.57,D69.58,D82.0,M31.1,P53,P60,P61.0,D68.33,D68.34,D68.35,D68.8,D69.80,D69.88||4200.0|5350.0|U|IV||||3675.65
ZE-2026-110.61|V15.3|A|B02BD10|1||D65.0,D65.1,D65.2,D66,D67,D68.00,D68.01,D68.09,D68.1,D68.20,D68.21,D68.22,D68.23,D68.24,D68.25,D68.26,D68.28,D68.31,D68.32,D68.38,D68.4,D68.5,D69.1,D69.3,D69.40,D69.41,D69.52,D69.53,D69.57,D69.58,D82.0,M31.1,P53,P60,P61.0,D68.33,D68.34,D68.35,D68.8,D69.80,D69.88||5350.0|6500.0|U|IV||||4560.89
ZE-2026-110.62|V15.3|A|B02BD10|1||D65.0,D65.1,D65.2,D66,D67,D68.00,D68.01,D68.09,D68.1,D68.20,D68.21,D68.22,D68.23,D68.24,D68.25,D68.26,D68.28,D68.31,D68.32,D68.38,D68.4,D68.5,D69.1,D69.3,D69.40,D69.41,D69.52,D69.53,D69.57,D69.58,D82.0,M31.1,P53,P60,P61.0,D68.33,D68.34,D68.35,D68.8,D69.80,D69.88||6500.0|7650.0|U|IV||||5446.12
ZE-2026-110.63|V15.3|A|B02BD10|1||D65.0,D65.1,D65.2,D66,D67,D68.00,D68.01,D68.09,D68.1,D68.20,D68.21,D68.22,D68.23,D68.24,D68.25,D68.26,D68.28,D68.31,D68.32,D68.38,D68.4,D68.5,D69.1,D69.3,D69.40,D69.41,D69.52,D69.53,D69.57,D69.58,D82.0,M31.1,P53,P60,P61.0,D68.33,D68.34,D68.35,D68.8,D69.80,D69.88||7650.0|9950.0|U|IV||||6773.98
ZE-2026-110.64|V15.3|A|B02BD10|1||D65.0,D65.1,D65.2,D66,D67,D68.00,D68.01,D68.09,D68.1,D68.20,D68.21,D68.22,D68.23,D68.24,D68.25,D68.26,D68.28,D68.31,D68.32,D68.38,D68.4,D68.5,D69.1,D69.3,D69.40,D69.41,D69.52,D69.53,D69.57,D69.58,D82.0,M31.1,P53,P60,P61.0,D68.33,D68.34,D68.35,D68.8,D69.80,D69.88||9950.0|12250.0|U|IV||||8544.45
ZE-2026-110.65|V15.3|A|B02BD10|1||D65.0,D65.1,D65.2,D66,D67,D68.00,D68.01,D68.09,D68.1,D68.20,D68.21,D68.22,D68.23,D68.24,D68.25,D68.26,D68.28,D68.31,D68.32,D68.38,D68.4,D68.5,D69.1,D69.3,D69.40,D69.41,D69.52,D69.53,D69.57,D69.58,D82.0,M31.1,P53,P60,P61.0,D68.33,D68.34,D68.35,D68.8,D69.80,D69.88||12250.0|14550.0|U|IV||||10314.92
ZE-2026-110.66|V15.3|A|B02BD10|1||D65.0,D65.1,D65.2,D66,D67,D68.00,D68.01,D68.09,D68.1,D68.20,D68.21,D68.22,D68.23,D68.24,D68.25,D68.26,D68.28,D68.31,D68.32,D68.38,D68.4,D68.5,D69.1,D69.3,D69.40,D69.41,D69.52,D69.53,D69.57,D69.58,D82.0,M31.1,P53,P60,P61.0,D68.33,D68.34,D68.35,D68.8,D69.80,D69.88||14550.0|16850.0|U|IV||||12085.39
ZE-2026-110.67|V15.3|A|B02BD10|1||D65.0,D65.1,D65.2,D66,D67,D68.00,D68.01,D68.09,D68.1,D68.20,D68.21,D68.22,D68.23,D68.24,D68.25,D68.26,D68.28,D68.31,D68.32,D68.38,D68.4,D68.5,D69.1,D69.3,D69.40,D69.41,D69.52,D69.53,D69.57,D69.58,D82.0,M31.1,P53,P60,P61.0,D68.33,D68.34,D68.35,D68.8,D69.80,D69.88||16850.0|19150.0|U|IV||||13855.86
ZE-2026-110.68|V15.3|A|B02BD10|1||D65.0,D65.1,D65.2,D66,D67,D68.00,D68.01,D68.09,D68.1,D68.20,D68.21,D68.22,D68.23,D68.24,D68.25,D68.26,D68.28,D68.31,D68.32,D68.38,D68.4,D68.5,D69.1,D69.3,D69.40,D69.41,D69.52,D69.53,D69.57,D69.58,D82.0,M31.1,P53,P60,P61.0,D68.33,D68.34,D68.35,D68.8,D69.80,D69.88||19150.0|23750.0|U|IV||||16511.57
ZE-2026-110.69|V15.3|A|B02BD10|1||D65.0,D65.1,D65.2,D66,D67,D68.00,D68.01,D68.09,D68.1,D68.20,D68.21,D68.22,D68.23,D68.24,D68.25,D68.26,D68.28,D68.31,D68.32,D68.38,D68.4,D68.5,D69.1,D69.3,D69.40,D69.41,D69.52,D69.53,D69.57,D69.58,D82.0,M31.1,P53,P60,P61.0,D68.33,D68.34,D68.35,D68.8,D69.80,D69.88||23750.0|28350.0|U|IV||||20052.51
ZE-2026-110.70|V15.3|A|B02BD10|1||D65.0,D65.1,D65.2,D66,D67,D68.00,D68.01,D68.09,D68.1,D68.20,D68.21,D68.22,D68.23,D68.24,D68.25,D68.26,D68.28,D68.31,D68.32,D68.38,D68.4,D68.5,D69.1,D69.3,D69.40,D69.41,D69.52,D69.53,D69.57,D69.58,D82.0,M31.1,P53,P60,P61.0,D68.33,D68.34,D68.35,D68.8,D69.80,D69.88||28350.0|32950.0|U|IV||||23593.45
ZE-2026-110.71|V15.3|A|B02BD10|1||D65.0,D65.1,D65.2,D66,D67,D68.00,D68.01,D68.09,D68.1,D68.20,D68.21,D68.22,D68.23,D68.24,D68.25,D68.26,D68.28,D68.31,D68.32,D68.38,D68.4,D68.5,D69.1,D69.3,D69.40,D69.41,D69.52,D69.53,D69.57,D69.58,D82.0,M31.1,P53,P60,P61.0,D68.33,D68.34,D68.35,D68.8,D69.80,D69.88||32950.0|37550.0|U|IV||||27134.39
ZE-2026-110.72|V15.3|A|B02BD10|1||D65.0,D65.1,D65.2,D66,D67,D68.00,D68.01,D68.09,D68.1,D68.20,D68.21,D68.22,D68.23,D68.24,D68.25,D68.26,D68.28,D68.31,D68.32,D68.38,D68.4,D68.5,D69.1,D69.3,D69.40,D69.41,D69.52,D69.53,D69.57,D69.58,D82.0,M31.1,P53,P60,P61.0,D68.33,D68.34,D68.35,D68.8,D69.80,D69.88||37550.0|42150.0|U|IV||||30675.33
ZE-2026-110.73|V15.3|A|B02BD10|1||D65.0,D65.1,D65.2,D66,D67,D68.00,D68.01,D68.09,D68.1,D68.20,D68.21,D68.22,D68.23,D68.24,D68.25,D68.26,D68.28,D68.31,D68.32,D68.38,D68.4,D68.5,D69.1,D69.3,D69.40,D69.41,D69.52,D69.53,D69.57,D69.58,D82.0,M31.1,P53,P60,P61.0,D68.33,D68.34,D68.35,D68.8,D69.80,D69.88||42150.0|46750.0|U|IV||||34216.28
ZE-2026-110.74|V15.3|A|B02BD10|1||D65.0,D65.1,D65.2,D66,D67,D68.00,D68.01,D68.09,D68.1,D68.20,D68.21,D68.22,D68.23,D68.24,D68.25,D68.26,D68.28,D68.31,D68.32,D68.38,D68.4,D68.5,D69.1,D69.3,D69.40,D69.41,D69.52,D69.53,D69.57,D69.58,D82.0,M31.1,P53,P60,P61.0,D68.33,D68.34,D68.35,D68.8,D69.80,D69.88||46750.0|51350.0|U|IV||||37757.22
ZE-2026-110.75|V15.3|A|B02BD10|1||D65.0,D65.1,D65.2,D66,D67,D68.00,D68.01,D68.09,D68.1,D68.20,D68.21,D68.22,D68.23,D68.24,D68.25,D68.26,D68.28,D68.31,D68.32,D68.38,D68.4,D68.5,D69.1,D69.3,D69.40,D69.41,D69.52,D69.53,D69.57,D69.58,D82.0,M31.1,P53,P60,P61.0,D68.33,D68.34,D68.35,D68.8,D69.80,D69.88||51350.0|58250.0|U|IV||||42183.4
ZE-2026-110.76|V15.3|A|B02BD10|1||D65.0,D65.1,D65.2,D66,D67,D68.00,D68.01,D68.09,D68.1,D68.20,D68.21,D68.22,D68.23,D68.24,D68.25,D68.26,D68.28,D68.31,D68.32,D68.38,D68.4,D68.5,D69.1,D69.3,D69.40,D69.41,D69.52,D69.53,D69.57,D69.58,D82.0,M31.1,P53,P60,P61.0,D68.33,D68.34,D68.35,D68.8,D69.80,D69.88||58250.0|65150.0|U|IV||||47494.81
ZE-2026-110.77|V15.3|A|B02BD10|1||D65.0,D65.1,D65.2,D66,D67,D68.00,D68.01,D68.09,D68.1,D68.20,D68.21,D68.22,D68.23,D68.24,D68.25,D68.26,D68.28,D68.31,D68.32,D68.38,D68.4,D68.5,D69.1,D69.3,D69.40,D69.41,D69.52,D69.53,D69.57,D69.58,D82.0,M31.1,P53,P60,P61.0,D68.33,D68.34,D68.35,D68.8,D69.80,D69.88||65150.0|72050.0|U|IV||||52806.22
ZE-2026-110.78|V15.3|A|B02BD10|1||D65.0,D65.1,D65.2,D66,D67,D68.00,D68.01,D68.09,D68.1,D68.20,D68.21,D68.22,D68.23,D68.24,D68.25,D68.26,D68.28,D68.31,D68.32,D68.38,D68.4,D68.5,D69.1,D69.3,D69.40,D69.41,D69.52,D69.53,D69.57,D69.58,D82.0,M31.1,P53,P60,P61.0,D68.33,D68.34,D68.35,D68.8,D69.80,D69.88||72050.0|78950.0|U|IV||||58117.64
ZE-2026-110.79|V15.3|A|B02BD10|1||D65.0,D65.1,D65.2,D66,D67,D68.00,D68.01,D68.09,D68.1,D68.20,D68.21,D68.22,D68.23,D68.24,D68.25,D68.26,D68.28,D68.31,D68.32,D68.38,D68.4,D68.5,D69.1,D69.3,D69.40,D69.41,D69.52,D69.53,D69.57,D69.58,D82.0,M31.1,P53,P60,P61.0,D68.33,D68.34,D68.35,D68.8,D69.80,D69.88||78950.0|85850.0|U|IV||||63429.05
ZE-2026-110.80|V15.3|A|B02BD10|1||D65.0,D65.1,D65.2,D66,D67,D68.00,D68.01,D68.09,D68.1,D68.20,D68.21,D68.22,D68.23,D68.24,D68.25,D68.26,D68.28,D68.31,D68.32,D68.38,D68.4,D68.5,D69.1,D69.3,D69.40,D69.41,D69.52,D69.53,D69.57,D69.58,D82.0,M31.1,P53,P60,P61.0,D68.33,D68.34,D68.35,D68.8,D69.80,D69.88||85850.0|95050.0|U|IV||||69625.7
ZE-2026-110.81|V15.3|A|B02BD10|1||D65.0,D65.1,D65.2,D66,D67,D68.00,D68.01,D68.09,D68.1,D68.20,D68.21,D68.22,D68.23,D68.24,D68.25,D68.26,D68.28,D68.31,D68.32,D68.38,D68.4,D68.5,D69.1,D69.3,D69.40,D69.41,D69.52,D69.53,D69.57,D69.58,D82.0,M31.1,P53,P60,P61.0,D68.33,D68.34,D68.35,D68.8,D69.80,D69.88||95050.0|104250.0|U|IV||||76707.58
ZE-2026-110.82|V15.3|A|B02BD10|1||D65.0,D65.1,D65.2,D66,D67,D68.00,D68.01,D68.09,D68.1,D68.20,D68.21,D68.22,D68.23,D68.24,D68.25,D68.26,D68.28,D68.31,D68.32,D68.38,D68.4,D68.5,D69.1,D69.3,D69.40,D69.41,D69.52,D69.53,D69.57,D69.58,D82.0,M31.1,P53,P60,P61.0,D68.33,D68.34,D68.35,D68.8,D69.80,D69.88||104250.0|113450.0|U|IV||||83789.46
ZE-2026-110.83|V15.3|A|B02BD10|1||D65.0,D65.1,D65.2,D66,D67,D68.00,D68.01,D68.09,D68.1,D68.20,D68.21,D68.22,D68.23,D68.24,D68.25,D68.26,D68.28,D68.31,D68.32,D68.38,D68.4,D68.5,D69.1,D69.3,D69.40,D69.41,D69.52,D69.53,D69.57,D69.58,D82.0,M31.1,P53,P60,P61.0,D68.33,D68.34,D68.35,D68.8,D69.80,D69.88||113450.0|122650.0|U|IV||||90871.35
ZE-2026-110.84|V15.3|A|B02BD10|1||D65.0,D65.1,D65.2,D66,D67,D68.00,D68.01,D68.09,D68.1,D68.20,D68.21,D68.22,D68.23,D68.24,D68.25,D68.26,D68.28,D68.31,D68.32,D68.38,D68.4,D68.5,D69.1,D69.3,D69.40,D69.41,D69.52,D69.53,D69.57,D69.58,D82.0,M31.1,P53,P60,P61.0,D68.33,D68.34,D68.35,D68.8,D69.80,D69.88||122650.0|131850.0|U|IV||||97953.23
ZE-2026-110.85|V15.3|A|B02BD10|1||D65.0,D65.1,D65.2,D66,D67,D68.00,D68.01,D68.09,D68.1,D68.20,D68.21,D68.22,D68.23,D68.24,D68.25,D68.26,D68.28,D68.31,D68.32,D68.38,D68.4,D68.5,D69.1,D69.3,D69.40,D69.41,D69.52,D69.53,D69.57,D69.58,D82.0,M31.1,P53,P60,P61.0,D68.33,D68.34,D68.35,D68.8,D69.80,D69.88||131850.0||U|IV||||105035.12
ZE-2026-114.01|V15.3|A|J06BD01|1||||15.0|30.0|mg|IM|||6|257.01
ZE-2026-114.02|V15.3|A|J06BD01|1||||30.0|45.0|mg|IM|||6|428.35
ZE-2026-114.03|V15.3|A|J06BD01|1||||45.0|60.0|mg|IM|||6|599.7
ZE-2026-114.04|V15.3|A|J06BD01|1||||60.0|90.0|mg|IM|||6|711.43
ZE-2026-114.05|V15.3|A|J06BD01|1||||90.0|120.0|mg|IM|||6|996.0
ZE-2026-114.06|V15.3|A|J06BD01|1||||120.0|150.0|mg|IM|||6|1280.57
ZE-2026-114.07|V15.3|A|J06BD01|1||||150.0|210.0|mg|IM|||6|1707.43
ZE-2026-114.08|V15.3|A|J06BD01|1||||210.0|270.0|mg|IM|||6|2276.58
ZE-2026-114.09|V15.3|A|J06BD01|1||||270.0|330.0|mg|IM|||6|2845.72
ZE-2026-114.10|V15.3|A|J06BD01|1||||330.0|420.0|mg|IM|||6|3557.15
ZE-2026-114.11|V15.3|A|J06BD01|1||||420.0|510.0|mg|IM|||6|4410.87
ZE-2026-114.12|V15.3|A|J06BD01|1||||510.0|600.0|mg|IM|||6|5264.59
ZE-2026-114.13|V15.3|A|J06BD01|1||||600.0|720.0|mg|IM|||6|6260.59
ZE-2026-114.14|V15.3|A|J06BD01|1||||720.0|840.0|mg|IM|||6|7398.88
ZE-2026-114.15|V15.3|A|J06BD01|1||||840.0|960.0|mg|IM|||6|8537.17
ZE-2026-114.16|V15.3|A|J06BD01|1||||960.0|1080.0|mg|IM|||6|9675.45
ZE-2026-114.17|V15.3|A|J06BD01|1||||1080.0|1200.0|mg|IM|||6|10813.74
ZE-2026-114.19|V15.3|A|J06BD01|1||||1200.0|1320.0|mg|IM|||6|11952.03
ZE-2026-114.20|V15.3|A|J06BD01|1||||1320.0||mg|IM|||6|13090.32
ZE-2026-115.28|V15.3|A|L01BC08|1||||30.0|60.0|mg|IV||||477.42
ZE-2026-115.29|V15.3|A|L01BC08|1||||60.0|90.0|mg|IV||||795.71
ZE-2026-115.30|V15.3|A|L01BC08|1||||90.0|120.0|mg|IV||||1113.99
ZE-2026-115.31|V15.3|A|L01BC08|1||||120.0|150.0|mg|IV||||1432.27
ZE-2026-115.32|V15.3|A|L01BC08|1||||150.0|180.0|mg|IV||||1750.55
ZE-2026-115.33|V15.3|A|L01BC08|1||||180.0|210.0|mg|IV||||2068.83
ZE-2026-115.34|V15.3|A|L01BC08|1||||210.0|240.0|mg|IV||||2387.12
ZE-2026-115.35|V15.3|A|L01BC08|1||||240.0|270.0|mg|IV||||2705.4
ZE-2026-115.36|V15.3|A|L01BC08|1||||270.0|300.0|mg|IV||||3023.68
ZE-2026-115.37|V15.3|A|L01BC08|1||||300.0|350.0|mg|IV||||3448.06
ZE-2026-115.38|V15.3|A|L01BC08|1||||350.0|400.0|mg|IV||||3978.53
ZE-2026-115.39|V15.3|A|L01BC08|1||||400.0|450.0|mg|IV||||4509.0
ZE-2026-115.40|V15.3|A|L01BC08|1||||450.0|500.0|mg|IV||||5039.47
ZE-2026-115.41|V15.3|A|L01BC08|1||||500.0|550.0|mg|IV||||5569.94
ZE-2026-115.42|V15.3|A|L01BC08|1||||550.0|600.0|mg|IV||||6100.41
ZE-2026-115.43|V15.3|A|L01BC08|1||||600.0|700.0|mg|IV||||6896.12
ZE-2026-115.44|V15.3|A|L01BC08|1||||700.0|800.0|mg|IV||||7957.06
ZE-2026-115.45|V15.3|A|L01BC08|1||||800.0|900.0|mg|IV||||9018.0
ZE-2026-115.46|V15.3|A|L01BC08|1||||900.0|1000.0|mg|IV||||10078.94
ZE-2026-115.47|V15.3|A|L01BC08|1||||1000.0|1100.0|mg|IV||||11139.88
ZE-2026-115.48|V15.3|A|L01BC08|1||||1100.0|1200.0|mg|IV||||12200.82
ZE-2026-115.49|V15.3|A|L01BC08|1||||1200.0||mg|IV||||13261.76
ZE-2026-116.29|V15.3|A|L01EC02|1||||450.0|750.0|mg|O||||323.1
ZE-2026-116.30|V15.3|A|L01EC02|1||||750.0|1050.0|mg|O||||484.65
ZE-2026-116.31|V15.3|A|L01EC02|1||||1050.0|1350.0|mg|O||||646.2
ZE-2026-116.32|V15.3|A|L01EC02|1||||1350.0|1650.0|mg|O||||807.75
ZE-2026-116.33|V15.3|A|L01EC02|1||||1650.0|2250.0|mg|O||||1050.08
ZE-2026-116.34|V15.3|A|L01EC02|1||||2250.0|2850.0|mg|O||||1373.18
ZE-2026-116.35|V15.3|A|L01EC02|1||||2850.0|3450.0|mg|O||||1696.28
ZE-2026-116.36|V15.3|A|L01EC02|1||||3450.0|4050.0|mg|O||||2019.38
ZE-2026-116.37|V15.3|A|L01EC02|1||||4050.0|4950.0|mg|O||||2423.25
ZE-2026-116.38|V15.3|A|L01EC02|1||||4950.0|5850.0|mg|O||||2907.9
ZE-2026-116.39|V15.3|A|L01EC02|1||||5850.0|6750.0|mg|O||||3392.55
ZE-2026-116.40|V15.3|A|L01EC02|1||||6750.0|7650.0|mg|O||||3877.2
ZE-2026-116.41|V15.3|A|L01EC02|1||||7650.0|8850.0|mg|O||||4442.63
ZE-2026-116.42|V15.3|A|L01EC02|1||||8850.0|10050.0|mg|O||||5088.83
ZE-2026-116.43|V15.3|A|L01EC02|1||||10050.0|11250.0|mg|O||||5735.03
ZE-2026-116.44|V15.3|A|L01EC02|1||||11250.0|12450.0|mg|O||||6381.23
ZE-2026-116.45|V15.3|A|L01EC02|1||||12450.0|13950.0|mg|O||||7108.2
ZE-2026-116.47|V15.3|A|L01EC02|1||||13950.0|15450.0|mg|O||||7915.95
ZE-2026-116.49|V15.3|A|L01EC02|1||||15450.0|16950.0|mg|O||||8723.7
ZE-2026-116.50|V15.3|A|L01EC02|1||||16950.0|19950.0|mg|O||||9935.33
ZE-2026-116.51|V15.3|A|L01EC02|1||||19950.0|22950.0|mg|O||||11550.83
ZE-2026-116.52|V15.3|A|L01EC02|1||||22950.0|25950.0|mg|O||||13166.33
ZE-2026-116.53|V15.3|A|L01EC02|1||||25950.0||mg|O||||14781.83
ZE-2026-117.00|V15.3|A|L04AG05|1||||50.0|150.0|mg|IV|||16|744.54
ZE-2026-117.01|V15.3|A|L04AG05|1||||150.0|450.0|mg|IV||||2233.61
ZE-2026-117.02|V15.3|A|L04AG05|1||||450.0|750.0|mg|IV||||4467.22
ZE-2026-117.03|V15.3|A|L04AG05|1||||750.0|1050.0|mg|IV||||6700.83
ZE-2026-117.04|V15.3|A|L04AG05|1||||1050.0|1350.0|mg|IV||||8934.44
ZE-2026-117.06|V15.3|A|L04AG05|1||||1350.0|1650.0|mg|IV||||11168.06
ZE-2026-117.07|V15.3|A|L04AG05|1||||1650.0|1950.0|mg|IV||||13401.67
ZE-2026-117.09|V15.3|A|L04AG05|1||||1950.0|2250.0|mg|IV||||15635.28
ZE-2026-117.10|V15.3|A|L04AG05|1||||2250.0||mg|IV||||17868.89
ZE-2026-118.21|V15.3|A|L04AX06|1||||7.5|10.5|mg|O||||355.56
ZE-2026-118.22|V15.3|A|L04AX06|1||||10.5|13.5|mg|O||||474.08
ZE-2026-118.23|V15.3|A|L04AX06|1||||13.5|20.5|mg|O||||671.62
ZE-2026-118.24|V15.3|A|L04AX06|1||||20.5|27.5|mg|O||||948.16
ZE-2026-118.25|V15.3|A|L04AX06|1||||27.5|35.0|mg|O||||1234.59
ZE-2026-118.26|V15.3|A|L04AX06|1||||35.0|43.0|mg|O||||1540.77
ZE-2026-118.27|V15.3|A|L04AX06|1||||43.0|51.0|mg|O||||1856.82
ZE-2026-118.28|V15.3|A|L04AX06|1||||51.0|59.0|mg|O||||2172.88
ZE-2026-118.29|V15.3|A|L04AX06|1||||59.0|70.0|mg|O||||2548.19
ZE-2026-118.30|V15.3|A|L04AX06|1||||70.0|82.0|mg|O||||3002.52
ZE-2026-118.31|V15.3|A|L04AX06|1||||82.0|94.0|mg|O||||3476.6
ZE-2026-118.32|V15.3|A|L04AX06|1||||94.0|106.0|mg|O||||3950.69
ZE-2026-118.33|V15.3|A|L04AX06|1||||106.0|124.0|mg|O||||4543.29
ZE-2026-118.35|V15.3|A|L04AX06|1||||124.0|142.0|mg|O||||5254.41
ZE-2026-118.36|V15.3|A|L04AX06|1||||142.0|160.0|mg|O||||5965.54
ZE-2026-118.37|V15.3|A|L04AX06|1||||160.0|178.0|mg|O||||6676.66
ZE-2026-118.38|V15.3|A|L04AX06|1||||178.0|196.0|mg|O||||7387.78
ZE-2026-118.40|V15.3|A|L04AX06|1||||196.0|214.0|mg|O||||8098.91
ZE-2026-118.41|V15.3|A|L04AX06|1||||214.0|250.0|mg|O||||9165.59
ZE-2026-118.42|V15.3|A|L04AX06|1||||250.0|286.0|mg|O||||10587.84
ZE-2026-118.43|V15.3|A|L04AX06|1||||286.0||mg|O||||12010.09
ZE-2026-119.00|V15.3|A|L04AC05|1||||65.0|195.0|mg|IV||||3154.58
ZE-2026-119.01|V15.3|A|L04AC05|1||||195.0|325.0|mg|IV||||6309.16
ZE-2026-119.02|V15.3|A|L04AC05|1||||325.0|455.0|mg|IV||||9463.74
ZE-2026-119.03|V15.3|A|L04AC05|1||||455.0|585.0|mg|IV||||12618.32
ZE-2026-119.05|V15.3|A|L04AC05|1||||585.0|715.0|mg|IV||||15772.9
ZE-2026-119.07|V15.3|A|L04AC05|1||||715.0|845.0|mg|IV||||18927.48
ZE-2026-119.08|V15.3|A|L04AC05|1||||845.0|975.0|mg|IV||||22082.06
ZE-2026-119.09|V15.3|A|L04AC05|1||||975.0||mg|IV||||25236.64
ZE-2026-120.00|V15.3|A|B02BD04|1||D65.0,D65.1,D65.2,D66,D67,D68.00,D68.01,D68.09,D68.1,D68.20,D68.21,D68.22,D68.23,D68.24,D68.25,D68.26,D68.28,D68.31,D68.32,D68.38,D68.4,D68.5,D69.1,D69.3,D69.40,D69.41,D69.52,D69.53,D69.57,D69.58,D82.0,M31.1,P53,P60,P61.0,D68.33,D68.34,D68.35,D68.8,D69.80,D69.88||500.0|1500.0|U|IV|CAI||12|1303.16
ZE-2026-120.01|V15.3|A|B02BD04|1||D65.0,D65.1,D65.2,D66,D67,D68.00,D68.01,D68.09,D68.1,D68.20,D68.21,D68.22,D68.23,D68.24,D68.25,D68.26,D68.28,D68.31,D68.32,D68.38,D68.4,D68.5,D69.1,D69.3,D69.40,D69.41,D69.52,D69.53,D69.57,D69.58,D82.0,M31.1,P53,P60,P61.0,D68.33,D68.34,D68.35,D68.8,D69.80,D69.88||1500.0|5000.0|U|IV|CAI|||4235.27
ZE-2026-120.02|V15.3|A|B02BD04|1||D65.0,D65.1,D65.2,D66,D67,D68.00,D68.01,D68.09,D68.1,D68.20,D68.21,D68.22,D68.23,D68.24,D68.25,D68.26,D68.28,D68.31,D68.32,D68.38,D68.4,D68.5,D69.1,D69.3,D69.40,D69.41,D69.52,D69.53,D69.57,D69.58,D82.0,M31.1,P53,P60,P61.0,D68.33,D68.34,D68.35,D68.8,D69.80,D69.88||5000.0|10000.0|U|IV|CAI|||9773.7
ZE-2026-120.03|V15.3|A|B02BD04|1||D65.0,D65.1,D65.2,D66,D67,D68.00,D68.01,D68.09,D68.1,D68.20,D68.21,D68.22,D68.23,D68.24,D68.25,D68.26,D68.28,D68.31,D68.32,D68.38,D68.4,D68.5,D69.1,D69.3,D69.40,D69.41,D69.52,D69.53,D69.57,D69.58,D82.0,M31.1,P53,P60,P61.0,D68.33,D68.34,D68.35,D68.8,D69.80,D69.88||10000.0|15000.0|U|IV|CAI|||16289.5
ZE-2026-120.04|V15.3|A|B02BD04|1||D65.0,D65.1,D65.2,D66,D67,D68.00,D68.01,D68.09,D68.1,D68.20,D68.21,D68.22,D68.23,D68.24,D68.25,D68.26,D68.28,D68.31,D68.32,D68.38,D68.4,D68.5,D69.1,D69.3,D69.40,D69.41,D69.52,D69.53,D69.57,D69.58,D82.0,M31.1,P53,P60,P61.0,D68.33,D68.34,D68.35,D68.8,D69.80,D69.88||15000.0|20000.0|U|IV|CAI|||22805.3
ZE-2026-120.05|V15.3|A|B02BD04|1||D65.0,D65.1,D65.2,D66,D67,D68.00,D68.01,D68.09,D68.1,D68.20,D68.21,D68.22,D68.23,D68.24,D68.25,D68.26,D68.28,D68.31,D68.32,D68.38,D68.4,D68.5,D69.1,D69.3,D69.40,D69.41,D69.52,D69.53,D69.57,D69.58,D82.0,M31.1,P53,P60,P61.0,D68.33,D68.34,D68.35,D68.8,D69.80,D69.88||20000.0|25000.0|U|IV|CAI|||29321.1
ZE-2026-120.06|V15.3|A|B02BD04|1||D65.0,D65.1,D65.2,D66,D67,D68.00,D68.01,D68.09,D68.1,D68.20,D68.21,D68.22,D68.23,D68.24,D68.25,D68.26,D68.28,D68.31,D68.32,D68.38,D68.4,D68.5,D69.1,D69.3,D69.40,D69.41,D69.52,D69.53,D69.57,D69.58,D82.0,M31.1,P53,P60,P61.0,D68.33,D68.34,D68.35,D68.8,D69.80,D69.88||25000.0|30000.0|U|IV|CAI|||35836.9
ZE-2026-120.07|V15.3|A|B02BD04|1||D65.0,D65.1,D65.2,D66,D67,D68.00,D68.01,D68.09,D68.1,D68.20,D68.21,D68.22,D68.23,D68.24,D68.25,D68.26,D68.28,D68.31,D68.32,D68.38,D68.4,D68.5,D69.1,D69.3,D69.40,D69.41,D69.52,D69.53,D69.57,D69.58,D82.0,M31.1,P53,P60,P61.0,D68.33,D68.34,D68.35,D68.8,D69.80,D69.88||30000.0|35000.0|U|IV|CAI|||42352.7
ZE-2026-120.08|V15.3|A|B02BD04|1||D65.0,D65.1,D65.2,D66,D67,D68.00,D68.01,D68.09,D68.1,D68.20,D68.21,D68.22,D68.23,D68.24,D68.25,D68.26,D68.28,D68.31,D68.32,D68.38,D68.4,D68.5,D69.1,D69.3,D69.40,D69.41,D69.52,D69.53,D69.57,D69.58,D82.0,M31.1,P53,P60,P61.0,D68.33,D68.34,D68.35,D68.8,D69.80,D69.88||35000.0|40000.0|U|IV|CAI|||48868.5
ZE-2026-120.09|V15.3|A|B02BD04|1||D65.0,D65.1,D65.2,D66,D67,D68.00,D68.01,D68.09,D68.1,D68.20,D68.21,D68.22,D68.23,D68.24,D68.25,D68.26,D68.28,D68.31,D68.32,D68.38,D68.4,D68.5,D69.1,D69.3,D69.40,D69.41,D69.52,D69.53,D69.57,D69.58,D82.0,M31.1,P53,P60,P61.0,D68.33,D68.34,D68.35,D68.8,D69.80,D69.88||40000.0|45000.0|U|IV|CAI|||55384.3
ZE-2026-120.10|V15.3|A|B02BD04|1||D65.0,D65.1,D65.2,D66,D67,D68.00,D68.01,D68.09,D68.1,D68.20,D68.21,D68.22,D68.23,D68.24,D68.25,D68.26,D68.28,D68.31,D68.32,D68.38,D68.4,D68.5,D69.1,D69.3,D69.40,D69.41,D69.52,D69.53,D69.57,D69.58,D82.0,M31.1,P53,P60,P61.0,D68.33,D68.34,D68.35,D68.8,D69.80,D69.88||45000.0|50000.0|U|IV|CAI|||61900.1
ZE-2026-120.11|V15.3|A|B02BD04|1||D65.0,D65.1,D65.2,D66,D67,D68.00,D68.01,D68.09,D68.1,D68.20,D68.21,D68.22,D68.23,D68.24,D68.25,D68.26,D68.28,D68.31,D68.32,D68.38,D68.4,D68.5,D69.1,D69.3,D69.40,D69.41,D69.52,D69.53,D69.57,D69.58,D82.0,M31.1,P53,P60,P61.0,D68.33,D68.34,D68.35,D68.8,D69.80,D69.88||50000.0|55000.0|U|IV|CAI|||68415.9
ZE-2026-120.12|V15.3|A|B02BD04|1||D65.0,D65.1,D65.2,D66,D67,D68.00,D68.01,D68.09,D68.1,D68.20,D68.21,D68.22,D68.23,D68.24,D68.25,D68.26,D68.28,D68.31,D68.32,D68.38,D68.4,D68.5,D69.1,D69.3,D69.40,D69.41,D69.52,D69.53,D69.57,D69.58,D82.0,M31.1,P53,P60,P61.0,D68.33,D68.34,D68.35,D68.8,D69.80,D69.88||55000.0|60000.0|U|IV|CAI|||74931.7
ZE-2026-120.13|V15.3|A|B02BD04|1||D65.0,D65.1,D65.2,D66,D67,D68.00,D68.01,D68.09,D68.1,D68.20,D68.21,D68.22,D68.23,D68.24,D68.25,D68.26,D68.28,D68.31,D68.32,D68.38,D68.4,D68.5,D69.1,D69.3,D69.40,D69.41,D69.52,D69.53,D69.57,D69.58,D82.0,M31.1,P53,P60,P61.0,D68.33,D68.34,D68.35,D68.8,D69.80,D69.88||60000.0|65000.0|U|IV|CAI|||81447.5
ZE-2026-120.14|V15.3|A|B02BD04|1||D65.0,D65.1,D65.2,D66,D67,D68.00,D68.01,D68.09,D68.1,D68.20,D68.21,D68.22,D68.23,D68.24,D68.25,D68.26,D68.28,D68.31,D68.32,D68.38,D68.4,D68.5,D69.1,D69.3,D69.40,D69.41,D69.52,D69.53,D69.57,D69.58,D82.0,M31.1,P53,P60,P61.0,D68.33,D68.34,D68.35,D68.8,D69.80,D69.88||65000.0|70000.0|U|IV|CAI|||87963.3
ZE-2026-120.15|V15.3|A|B02BD04|1||D65.0,D65.1,D65.2,D66,D67,D68.00,D68.01,D68.09,D68.1,D68.20,D68.21,D68.22,D68.23,D68.24,D68.25,D68.26,D68.28,D68.31,D68.32,D68.38,D68.4,D68.5,D69.1,D69.3,D69.40,D69.41,D69.52,D69.53,D69.57,D69.58,D82.0,M31.1,P53,P60,P61.0,D68.33,D68.34,D68.35,D68.8,D69.80,D69.88||70000.0|75000.0|U|IV|CAI|||94479.1
ZE-2026-120.16|V15.3|A|B02BD04|1||D65.0,D65.1,D65.2,D66,D67,D68.00,D68.01,D68.09,D68.1,D68.20,D68.21,D68.22,D68.23,D68.24,D68.25,D68.26,D68.28,D68.31,D68.32,D68.38,D68.4,D68.5,D69.1,D69.3,D69.40,D69.41,D69.52,D69.53,D69.57,D69.58,D82.0,M31.1,P53,P60,P61.0,D68.33,D68.34,D68.35,D68.8,D69.80,D69.88||75000.0|80000.0|U|IV|CAI|||100994.9
ZE-2026-120.17|V15.3|A|B02BD04|1||D65.0,D65.1,D65.2,D66,D67,D68.00,D68.01,D68.09,D68.1,D68.20,D68.21,D68.22,D68.23,D68.24,D68.25,D68.26,D68.28,D68.31,D68.32,D68.38,D68.4,D68.5,D69.1,D69.3,D69.40,D69.41,D69.52,D69.53,D69.57,D69.58,D82.0,M31.1,P53,P60,P61.0,D68.33,D68.34,D68.35,D68.8,D69.80,D69.88||80000.0||U|IV|CAI|||107510.7
ZE-2026-121.02|V15.3|C|39.73.42|0|||||||||||14195.02
ZE-2026-121.09|V15.3|C|39.73.43|0|||||||||||17206.16
ZE-2026-121.10|V15.3|C|39.73.44|0|||||||||||20217.3
ZE-2026-121.11|V15.3|C|39.73.45|0|||||||||||24734.02
ZE-2026-121.12|V15.3|C|39.73.41|0|||||||||||8826.3
ZE-2026-121.12|V15.3|C|39.73.46|0|||||||||||8826.3
ZE-2026-121.12|V15.3|C|39.73.47|0|||||||||||8826.3
ZE-2026-122.01|V15.3|C|39.73.31|0|||||||||||10522.53
ZE-2026-122.01|V15.3|C|39.73.51|0|||||||||||10522.53
ZE-2026-122.02|V15.3|C|39.73.32|0|||||||||||14195.02
ZE-2026-122.02|V15.3|C|39.73.52|0|||||||||||14195.02
ZE-2026-122.08|V15.3|C|39.73.33|0|||||||||||17206.16
ZE-2026-122.08|V15.3|C|39.73.53|0|||||||||||17206.16
ZE-2026-122.09|V15.3|C|39.73.34|0|||||||||||20217.3
ZE-2026-122.09|V15.3|C|39.73.54|0|||||||||||20217.3
ZE-2026-122.10|V15.3|C|39.73.35|0|||||||||||24734.02
ZE-2026-122.11|V15.3|C|39.73.36|0|||||||||||10522.53
ZE-2026-122.11|V15.3|C|39.73.37|0|||||||||||10522.53
ZE-2026-122.11|V15.3|C|39.73.55|0|||||||||||10522.53
ZE-2026-122.11|V15.3|C|39.73.56|0|||||||||||10522.53
ZE-2026-123.08|V15.3|C|39.71.22|0|||||||||||9160.87
ZE-2026-123.09|V15.3|C|39.71.23|0|||||||||||12172.01
ZE-2026-123.10|V15.3|C|39.71.24|0|||||||||||15183.14
ZE-2026-123.11|V15.3|C|39.71.25|0|||||||||||19699.85
ZE-2026-123.12|V15.3|C|39.71.31|0|||||||||||5399.72
ZE-2026-123.13|V15.3|C|39.71.32|0|||||||||||5399.72
ZE-2026-123.14|V15.3|C|39.71.21|0|||||||||||5399.72
ZE-2026-124.01|V15.3|C|7A.A2|0|||||||||||9819.13
ZE-2026-125.00|V15.3|A|L01XG02|1||||20.0|40.0|mg|IV||||517.52
ZE-2026-125.01|V15.3|A|L01XG02|1||||40.0|80.0|mg|IV||||1035.05
ZE-2026-125.02|V15.3|A|L01XG02|1||||80.0|120.0|mg|IV||||1725.08
ZE-2026-125.03|V15.3|A|L01XG02|1||||120.0|160.0|mg|IV||||2415.11
ZE-2026-125.04|V15.3|A|L01XG02|1||||160.0|200.0|mg|IV||||3105.14
ZE-2026-125.05|V15.3|A|L01XG02|1||||200.0|280.0|mg|IV||||4140.19
ZE-2026-125.06|V15.3|A|L01XG02|1||||280.0|360.0|mg|IV||||5520.26
ZE-2026-125.07|V15.3|A|L01XG02|1||||360.0|440.0|mg|IV||||6900.32
ZE-2026-125.08|V15.3|A|L01XG02|1||||440.0|520.0|mg|IV||||8280.38
ZE-2026-125.09|V15.3|A|L01XG02|1||||520.0|600.0|mg|IV||||9660.45
ZE-2026-125.10|V15.3|A|L01XG02|1||||600.0|720.0|mg|IV||||11385.53
ZE-2026-125.11|V15.3|A|L01XG02|1||||720.0|840.0|mg|IV||||13455.62
ZE-2026-125.12|V15.3|A|L01XG02|1||||840.0|960.0|mg|IV||||15525.72
ZE-2026-125.13|V15.3|A|L01XG02|1||||960.0|1080.0|mg|IV||||17595.82
ZE-2026-125.14|V15.3|A|L01XG02|1||||1080.0|1200.0|mg|IV||||19665.91
ZE-2026-125.16|V15.3|A|L01XG02|1||||1200.0|1320.0|mg|IV||||21736.01
ZE-2026-125.17|V15.3|A|L01XG02|1||||1320.0|1440.0|mg|IV||||23806.1
ZE-2026-125.18|V15.3|A|L01XG02|1||||1440.0||mg|IV||||25876.2
ZE-2026-126.01|V15.3|C|99.05.42|0||||||||||16|2239.21
ZE-2026-126.02|V15.3|C|99.05.43|0||||||||||16|3358.81
ZE-2026-126.03|V15.3|C|99.05.44|0|||||||||||4478.42
ZE-2026-126.04|V15.3|C|99.05.45|0|||||||||||5598.03
ZE-2026-126.05|V15.3|C|99.05.46|0|||||||||||7837.24
ZE-2026-126.06|V15.3|C|99.05.47|0|||||||||||11196.05
ZE-2026-126.07|V15.3|C|99.05.48|0|||||||||||14554.87
ZE-2026-126.08|V15.3|C|99.05.4A|0|||||||||||17913.68
ZE-2026-126.09|V15.3|C|99.05.4B|0|||||||||||21272.49
ZE-2026-126.10|V15.3|C|99.05.4C|0|||||||||||24631.31
ZE-2026-126.11|V15.3|C|99.05.4D|0|||||||||||27990.12
ZE-2026-126.12|V15.3|C|99.05.4E|0|||||||||||31348.94
ZE-2026-126.13|V15.3|C|99.05.4F|0|||||||||||36387.17
ZE-2026-126.14|V15.3|C|99.05.4G|0|||||||||||43104.79
ZE-2026-126.15|V15.3|C|99.05.4H|0|||||||||||49822.42
ZE-2026-126.16|V15.3|C|99.05.4I|0|||||||||||56540.05
ZE-2026-126.17|V15.3|C|99.05.4J|0|||||||||||63257.68
ZE-2026-126.18|V15.3|C|99.05.4K|0|||||||||||69975.31
ZE-2026-126.19|V15.3|C|99.05.4L|0|||||||||||76692.94
ZE-2026-126.20|V15.3|C|99.05.4M|0|||||||||||83410.57
ZE-2026-126.21|V15.3|C|99.05.4N|0|||||||||||90128.2
ZE-2026-126.22|V15.3|C|99.05.4O|0|||||||||||96845.83
ZE-2026-126.23|V15.3|C|99.05.4P|0|||||||||||103563.46
ZE-2026-126.24|V15.3|C|99.05.4Q|0|||||||||||110281.09
ZE-2026-126.25|V15.3|C|99.05.4R|0|||||||||||116998.72
ZE-2026-126.26|V15.3|C|99.05.4S|0|||||||||||123716.35
ZE-2026-126.27|V15.3|C|99.05.4T|0|||||||||||130433.98
ZE-2026-126.28|V15.3|C|99.05.4U|0|||||||||||139390.82
ZE-2026-126.29|V15.3|C|99.05.4V|0|||||||||||150586.87
ZE-2026-126.30|V15.3|C|99.05.4W|0|||||||||||161782.92
ZE-2026-126.31|V15.3|C|99.05.51|0|||||||||||172978.98
ZE-2026-126.32|V15.3|C|99.05.52|0|||||||||||184175.02
ZE-2026-126.33|V15.3|C|99.05.53|0|||||||||||195371.07
ZE-2026-126.34|V15.3|C|99.05.54|0|||||||||||206567.12
ZE-2026-126.35|V15.3|C|99.05.55|0|||||||||||217763.17
ZE-2026-126.37|V15.3|C|99.05.57|0|||||||||||234557.24
ZE-2026-126.38|V15.3|C|99.05.58|0|||||||||||256949.35
ZE-2026-126.39|V15.3|C|99.05.5A|0|||||||||||279341.44
ZE-2026-126.40|V15.3|C|99.05.5B|0|||||||||||301733.55
ZE-2026-126.41|V15.3|C|99.05.5C|0|||||||||||324125.64
ZE-2026-126.42|V15.3|C|99.05.5D|0|||||||||||346517.75
ZE-2026-126.43|V15.3|C|99.05.5E|0|||||||||||368909.84
ZE-2026-126.44|V15.3|C|99.05.5F|0|||||||||||391301.95
ZE-2026-126.45|V15.3|C|99.05.5G|0|||||||||||413694.04
ZE-2026-126.46|V15.3|C|99.05.5H|0|||||||||||436086.15
ZE-2026-126.47|V15.3|C|99.05.5I|0|||||||||||458478.24
ZE-2026-126.48|V15.3|C|99.05.5J|0|||||||||||480870.34
ZE-2026-126.49|V15.3|C|99.05.5K|0|||||||||||503262.44
ZE-2026-126.50|V15.3|C|99.05.5L|0|||||||||||525654.54
ZE-2026-126.51|V15.3|C|99.05.5M|0|||||||||||548046.64
ZE-2026-126.52|V15.3|C|99.05.5N|0|||||||||||570438.74
ZE-2026-127.16|V15.3|A|C02KX04|1||||35.0|45.0|mg|O||||383.17
ZE-2026-127.17|V15.3|A|C02KX04|1||||45.0|55.0|mg|O||||478.97
ZE-2026-127.18|V15.3|A|C02KX04|1||||55.0|75.0|mg|O||||622.66
ZE-2026-127.19|V15.3|A|C02KX04|1||||75.0|95.0|mg|O||||814.24
ZE-2026-127.20|V15.3|A|C02KX04|1||||95.0|115.0|mg|O||||1005.83
ZE-2026-127.21|V15.3|A|C02KX04|1||||115.0|135.0|mg|O||||1197.41
ZE-2026-127.22|V15.3|A|C02KX04|1||||135.0|155.0|mg|O||||1389.0
ZE-2026-127.23|V15.3|A|C02KX04|1||||155.0|195.0|mg|O||||1676.38
ZE-2026-127.24|V15.3|A|C02KX04|1||||195.0|235.0|mg|O||||2059.55
ZE-2026-127.25|V15.3|A|C02KX04|1||||235.0|275.0|mg|O||||2442.72
ZE-2026-127.26|V15.3|A|C02KX04|1||||275.0|315.0|mg|O||||2825.9
ZE-2026-127.27|V15.3|A|C02KX04|1||||315.0|395.0|mg|O||||3400.66
ZE-2026-127.28|V15.3|A|C02KX04|1||||395.0|475.0|mg|O||||4167.0
ZE-2026-127.29|V15.3|A|C02KX04|1||||475.0|555.0|mg|O||||4933.34
ZE-2026-127.30|V15.3|A|C02KX04|1||||555.0|635.0|mg|O||||5699.69
ZE-2026-127.31|V15.3|A|C02KX04|1||||635.0|795.0|mg|O||||6849.21
ZE-2026-127.32|V15.3|A|C02KX04|1||||795.0|955.0|mg|O||||8381.9
ZE-2026-127.34|V15.3|A|C02KX04|1||||955.0|1115.0|mg|O||||9914.59
ZE-2026-127.35|V15.3|A|C02KX04|1||||1115.0|1275.0|mg|O||||11447.28
ZE-2026-127.37|V15.3|A|C02KX04|1||||1275.0|1435.0|mg|O||||12979.97
ZE-2026-127.38|V15.3|A|C02KX04|1||||1435.0|1675.0|mg|O||||14895.83
ZE-2026-127.39|V15.3|A|C02KX04|1||||1675.0|1915.0|mg|O||||17194.86
ZE-2026-127.40|V15.3|A|C02KX04|1||||1915.0|2235.0|mg|O||||19877.07
ZE-2026-127.41|V15.3|A|C02KX04|1||||2235.0|2555.0|mg|O||||22942.45
ZE-2026-127.42|V15.3|A|C02KX04|1||||2555.0||mg|O||||26007.83
ZE-2026-128.30|V15.3|A|C02KX05|1||||20.0|30.0|mg|O||||524.67
ZE-2026-128.31|V15.3|A|C02KX05|1||||30.0|40.0|mg|O||||734.54
ZE-2026-128.32|V15.3|A|C02KX05|1||||40.0|50.0|mg|O||||944.41
ZE-2026-128.33|V15.3|A|C02KX05|1||||50.0|60.0|mg|O||||1154.28
ZE-2026-128.34|V15.3|A|C02KX05|1||||60.0|70.0|mg|O||||1364.15
ZE-2026-128.35|V15.3|A|C02KX05|1||||70.0|80.0|mg|O||||1574.02
ZE-2026-128.36|V15.3|A|C02KX05|1||||80.0|90.0|mg|O||||1783.89
ZE-2026-128.37|V15.3|A|C02KX05|1||||90.0|140.0|mg|O||||1810.12
ZE-2026-128.38|V15.3|A|C02KX05|1||||140.0|190.0|mg|O||||2597.13
ZE-2026-128.39|V15.3|A|C02KX05|1||||190.0|240.0|mg|O||||3384.14
ZE-2026-128.40|V15.3|A|C02KX05|1||||240.0|290.0|mg|O||||4171.15
ZE-2026-128.41|V15.3|A|C02KX05|1||||290.0|390.0|mg|O||||4281.33
ZE-2026-128.42|V15.3|A|C02KX05|1||||390.0|490.0|mg|O||||5540.54
ZE-2026-128.43|V15.3|A|C02KX05|1||||490.0|590.0|mg|O||||6799.76
ZE-2026-128.44|V15.3|A|C02KX05|1||||590.0|690.0|mg|O||||8058.97
ZE-2026-128.45|V15.3|A|C02KX05|1||||690.0||mg|O||||9318.18
ZE-2026-130.00|V15.3|A|B01AX01|1||||100.0|500.0|mg|IV|||16|0.0
ZE-2026-130.01|V15.3|A|B01AX01|1||||500.0|1000.0|mg|IV||||0.0
ZE-2026-130.02|V15.3|A|B01AX01|1||||1000.0|1500.0|mg|IV||||0.0
ZE-2026-130.03|V15.3|A|B01AX01|1||||1500.0|2000.0|mg|IV||||0.0
ZE-2026-130.04|V15.3|A|B01AX01|1||||2000.0|3000.0|mg|IV||||0.0
ZE-2026-130.05|V15.3|A|B01AX01|1||||3000.0|4000.0|mg|IV||||0.0
ZE-2026-130.06|V15.3|A|B01AX01|1||||4000.0|5000.0|mg|IV||||0.0
ZE-2026-130.07|V15.3|A|B01AX01|1||||5000.0|6000.0|mg|IV||||0.0
ZE-2026-130.08|V15.3|A|B01AX01|1||||6000.0|8000.0|mg|IV||||0.0
ZE-2026-130.09|V15.3|A|B01AX01|1||||8000.0|10000.0|mg|IV||||0.0
ZE-2026-130.10|V15.3|A|B01AX01|1||||10000.0|12000.0|mg|IV||||0.0
ZE-2026-130.11|V15.3|A|B01AX01|1||||12000.0|14000.0|mg|IV||||0.0
ZE-2026-130.12|V15.3|A|B01AX01|1||||14000.0|16000.0|mg|IV||||0.0
ZE-2026-130.13|V15.3|A|B01AX01|1||||16000.0|20000.0|mg|IV||||0.0
ZE-2026-130.14|V15.3|A|B01AX01|1||||20000.0|24000.0|mg|IV||||0.0
ZE-2026-130.15|V15.3|A|B01AX01|1||||24000.0|28000.0|mg|IV||||0.0
ZE-2026-130.16|V15.3|A|B01AX01|1||||28000.0|32000.0|mg|IV||||0.0
ZE-2026-130.17|V15.3|A|B01AX01|1||||32000.0|36000.0|mg|IV||||0.0
ZE-2026-130.18|V15.3|A|B01AX01|1||||36000.0|40000.0|mg|IV||||0.0
ZE-2026-130.19|V15.3|A|B01AX01|1||||40000.0|46000.0|mg|IV||||0.0
ZE-2026-130.20|V15.3|A|B01AX01|1||||46000.0|52000.0|mg|IV||||0.0
ZE-2026-130.21|V15.3|A|B01AX01|1||||52000.0|58000.0|mg|IV||||0.0
ZE-2026-130.22|V15.3|A|B01AX01|1||||58000.0|64000.0|mg|IV||||0.0
ZE-2026-130.24|V15.3|A|B01AX01|1||||64000.0|70000.0|mg|IV||||0.0
ZE-2026-130.26|V15.3|A|B01AX01|1||||70000.0|76000.0|mg|IV||||0.0
ZE-2026-130.27|V15.3|A|B01AX01|1||||76000.0|82000.0|mg|IV||||0.0
ZE-2026-130.28|V15.3|A|B01AX01|1||||82000.0||mg|IV||||0.0
ZE-2026-131.42|V15.3|A|B02BX04|1||||125.0|375.0|mcg|SC||||517.66
ZE-2026-131.43|V15.3|A|B02BX04|1||||375.0|625.0|mcg|SC||||1035.32
ZE-2026-131.44|V15.3|A|B02BX04|1||||625.0|875.0|mcg|SC||||1552.97
ZE-2026-131.45|V15.3|A|B02BX04|1||||875.0|1125.0|mcg|SC||||2070.63
ZE-2026-131.46|V15.3|A|B02BX04|1||||1125.0|1375.0|mcg|SC||||2588.29
ZE-2026-131.47|V15.3|A|B02BX04|1||||1375.0|1625.0|mcg|SC||||3105.95
ZE-2026-131.48|V15.3|A|B02BX04|1||||1625.0|1875.0|mcg|SC||||3623.6
ZE-2026-131.49|V15.3|A|B02BX04|1||||1875.0|2125.0|mcg|SC||||4141.26
ZE-2026-131.50|V15.3|A|B02BX04|1||||2125.0|2750.0|mcg|SC||||5047.16
ZE-2026-131.51|V15.3|A|B02BX04|1||||2750.0|3500.0|mcg|SC||||6470.72
ZE-2026-131.52|V15.3|A|B02BX04|1||||3500.0|4500.0|mcg|SC||||8282.52
ZE-2026-131.53|V15.3|A|B02BX04|1||||4500.0|5500.0|mcg|SC||||10353.15
ZE-2026-131.54|V15.3|A|B02BX04|1||||5500.0|7000.0|mcg|SC||||12941.44
ZE-2026-131.55|V15.3|A|B02BX04|1||||7000.0|8500.0|mcg|SC||||16047.38
ZE-2026-131.56|V15.3|A|B02BX04|1||||8500.0|10000.0|mcg|SC||||19153.33
ZE-2026-131.57|V15.3|A|B02BX04|1||||10000.0|12500.0|mcg|SC||||23294.59
ZE-2026-131.59|V15.3|A|B02BX04|1||||12500.0|15000.0|mcg|SC||||28471.16
ZE-2026-131.60|V15.3|A|B02BX04|1||||15000.0|17500.0|mcg|SC||||33647.74
ZE-2026-131.61|V15.3|A|B02BX04|1||||17500.0||mcg|SC||||38824.31
ZE-2026-132.00|V15.3|A|J02AC05|1||||100.0|300.0|mg|IV||||582.19
ZE-2026-132.01|V15.3|A|J02AC05|1||||300.0|500.0|mg|IV||||1164.38
ZE-2026-132.02|V15.3|A|J02AC05|1||||500.0|700.0|mg|IV||||1746.57
ZE-2026-132.03|V15.3|A|J02AC05|1||||700.0|900.0|mg|IV||||2328.76
ZE-2026-132.04|V15.3|A|J02AC05|1||||900.0|1100.0|mg|IV||||2910.95
ZE-2026-132.05|V15.3|A|J02AC05|1||||1100.0|1500.0|mg|IV||||3784.24
ZE-2026-132.06|V15.3|A|J02AC05|1||||1500.0|1900.0|mg|IV||||4948.62
ZE-2026-132.07|V15.3|A|J02AC05|1||||1900.0|2300.0|mg|IV||||6113.0
ZE-2026-132.08|V15.3|A|J02AC05|1||||2300.0|2700.0|mg|IV||||7277.38
ZE-2026-132.09|V15.3|A|J02AC05|1||||2700.0|3500.0|mg|IV||||9023.95
ZE-2026-132.10|V15.3|A|J02AC05|1||||3500.0|4300.0|mg|IV||||11352.71
ZE-2026-132.11|V15.3|A|J02AC05|1||||4300.0|5100.0|mg|IV||||13681.47
ZE-2026-132.12|V15.3|A|J02AC05|1||||5100.0|5900.0|mg|IV||||16010.23
ZE-2026-132.13|V15.3|A|J02AC05|1||||5900.0|7500.0|mg|IV||||19503.37
ZE-2026-132.14|V15.3|A|J02AC05|1||||7500.0|9100.0|mg|IV||||24160.89
ZE-2026-132.15|V15.3|A|J02AC05|1||||9100.0|10700.0|mg|IV||||28818.41
ZE-2026-132.16|V15.3|A|J02AC05|1||||10700.0|12300.0|mg|IV||||33475.93
ZE-2026-132.17|V15.3|A|J02AC05|1||||12300.0|15500.0|mg|IV||||40462.21
ZE-2026-132.18|V15.3|A|J02AC05|1||||15500.0|18700.0|mg|IV||||49777.25
ZE-2026-132.19|V15.3|A|J02AC05|1||||18700.0|21900.0|mg|IV||||59092.29
ZE-2026-132.20|V15.3|A|J02AC05|1||||21900.0|25100.0|mg|IV||||68407.33
ZE-2026-132.22|V15.3|A|J02AC05|1||||25100.0|28300.0|mg|IV||||77722.37
ZE-2026-132.23|V15.3|A|J02AC05|1||||28300.0||mg|IV||||87037.41
ZE-2026-133.35|V15.3|A|J02AC05|1||||300.0|500.0|mg|O||||220.48
ZE-2026-133.36|V15.3|A|J02AC05|1||||500.0|1000.0|mg|O||||413.4
ZE-2026-133.37|V15.3|A|J02AC05|1||||1000.0|2000.0|mg|O||||826.8
ZE-2026-133.38|V15.3|A|J02AC05|1||||2000.0|3000.0|mg|O||||1378.0
ZE-2026-133.39|V15.3|A|J02AC05|1||||3000.0|4000.0|mg|O||||1929.2
ZE-2026-133.40|V15.3|A|J02AC05|1||||4000.0|5000.0|mg|O||||2480.4
ZE-2026-133.41|V15.3|A|J02AC05|1||||5000.0|6000.0|mg|O||||3031.6
ZE-2026-133.42|V15.3|A|J02AC05|1||||6000.0|8000.0|mg|O||||3858.4
ZE-2026-133.43|V15.3|A|J02AC05|1||||8000.0|10000.0|mg|O||||4960.8
ZE-2026-133.44|V15.3|A|J02AC05|1||||10000.0|12000.0|mg|O||||6063.2
ZE-2026-133.45|V15.3|A|J02AC05|1||||12000.0|14000.0|mg|O||||7165.6
ZE-2026-133.46|V15.3|A|J02AC05|1||||14000.0|16000.0|mg|O||||8268.0
ZE-2026-133.47|V15.3|A|J02AC05|1||||16000.0|20000.0|mg|O||||9921.6
ZE-2026-133.48|V15.3|A|J02AC05|1||||20000.0|24000.0|mg|O||||12126.4
ZE-2026-133.49|V15.3|A|J02AC05|1||||24000.0|28000.0|mg|O||||14331.2
ZE-2026-133.50|V15.3|A|J02AC05|1||||28000.0|36000.0|mg|O||||17638.4
ZE-2026-133.51|V15.3|A|J02AC05|1||||36000.0|44000.0|mg|O||||22048.0
ZE-2026-133.52|V15.3|A|J02AC05|1||||44000.0|52000.0|mg|O||||26457.6
ZE-2026-133.53|V15.3|A|J02AC05|1||||52000.0|60000.0|mg|O||||30867.2
ZE-2026-133.54|V15.3|A|J02AC05|1||||60000.0||mg|O||||35276.8
ZE-2026-134.01|V15.3|A|L01FX04|1||||15.0|25.0|mg|IV||||1500.91
ZE-2026-134.02|V15.3|A|L01FX04|1||||25.0|35.0|mg|IV||||2251.37
ZE-2026-134.03|V15.3|A|L01FX04|1||||35.0|45.0|mg|IV||||3001.82
ZE-2026-134.04|V15.3|A|L01FX04|1||||45.0|55.0|mg|IV||||3752.28
ZE-2026-134.05|V15.3|A|L01FX04|1||||55.0|75.0|mg|IV||||4877.96
ZE-2026-134.06|V15.3|A|L01FX04|1||||75.0|95.0|mg|IV||||6378.87
ZE-2026-134.07|V15.3|A|L01FX04|1||||95.0|115.0|mg|IV||||7879.78
ZE-2026-134.08|V15.3|A|L01FX04|1||||115.0|135.0|mg|IV||||9380.7
ZE-2026-134.09|V15.3|A|L01FX04|1||||135.0|175.0|mg|IV||||11632.06
ZE-2026-134.10|V15.3|A|L01FX04|1||||175.0|215.0|mg|IV||||14633.88
ZE-2026-134.11|V15.3|A|L01FX04|1||||215.0|255.0|mg|IV||||17635.71
ZE-2026-134.12|V15.3|A|L01FX04|1||||255.0|295.0|mg|IV||||20637.53
ZE-2026-134.13|V15.3|A|L01FX04|1||||295.0|375.0|mg|IV||||25140.26
ZE-2026-134.14|V15.3|A|L01FX04|1||||375.0|455.0|mg|IV||||31143.91
ZE-2026-134.16|V15.3|A|L01FX04|1||||455.0|535.0|mg|IV||||37147.55
ZE-2026-134.17|V15.3|A|L01FX04|1||||535.0|615.0|mg|IV||||43151.2
ZE-2026-134.18|V15.3|A|L01FX04|1||||615.0|695.0|mg|IV||||49154.84
ZE-2026-134.19|V15.3|A|L01FX04|1||||695.0||mg|IV||||55158.49
ZE-2026-135.00|V15.3|A|L01FA03|1||||100.0|500.0|mg|IV||||2499.34
ZE-2026-135.01|V15.3|A|L01FA03|1||||500.0|1500.0|mg|IV||||3124.18
ZE-2026-135.02|V15.3|A|L01FA03|1||||1500.0|2500.0|mg|IV||||6248.36
ZE-2026-135.03|V15.3|A|L01FA03|1||||2500.0|3500.0|mg|IV||||9372.54
ZE-2026-135.04|V15.3|A|L01FA03|1||||3500.0|4500.0|mg|IV||||12496.72
ZE-2026-135.06|V15.3|A|L01FA03|1||||4500.0|5500.0|mg|IV||||15620.9
ZE-2026-135.07|V15.3|A|L01FA03|1||||5500.0||mg|IV||||18745.08
ZE-2026-136.36|V15.3|A|L01FF01|1||||40.0|50.0|mg|IV||||555.7
ZE-2026-136.37|V15.3|A|L01FF01|1||||50.0|70.0|mg|IV||||740.93
ZE-2026-136.38|V15.3|A|L01FF01|1||||70.0|90.0|mg|IV||||987.91
ZE-2026-136.39|V15.3|A|L01FF01|1||||90.0|110.0|mg|IV||||1234.88
ZE-2026-136.40|V15.3|A|L01FF01|1||||110.0|130.0|mg|IV||||1481.86
ZE-2026-136.41|V15.3|A|L01FF01|1||||130.0|170.0|mg|IV||||1852.33
ZE-2026-136.42|V15.3|A|L01FF01|1||||170.0|210.0|mg|IV||||2346.28
ZE-2026-136.43|V15.3|A|L01FF01|1||||210.0|260.0|mg|IV||||2901.98
ZE-2026-136.44|V15.3|A|L01FF01|1||||260.0|310.0|mg|IV||||3519.42
ZE-2026-136.45|V15.3|A|L01FF01|1||||310.0|370.0|mg|IV||||4198.61
ZE-2026-136.46|V15.3|A|L01FF01|1||||370.0|430.0|mg|IV||||4939.54
ZE-2026-136.47|V15.3|A|L01FF01|1||||430.0|510.0|mg|IV||||5803.95
ZE-2026-136.48|V15.3|A|L01FF01|1||||510.0|590.0|mg|IV||||6791.86
ZE-2026-136.49|V15.3|A|L01FF01|1||||590.0|670.0|mg|IV||||7779.77
ZE-2026-136.50|V15.3|A|L01FF01|1||||670.0|770.0|mg|IV||||8891.16
ZE-2026-136.51|V15.3|A|L01FF01|1||||770.0|870.0|mg|IV||||10126.05
ZE-2026-136.52|V15.3|A|L01FF01|1||||870.0|970.0|mg|IV||||11360.93
ZE-2026-136.53|V15.3|A|L01FF01|1||||970.0|1090.0|mg|IV||||12719.31
ZE-2026-136.54|V15.3|A|L01FF01|1||||1090.0|1210.0|mg|IV||||14201.17
ZE-2026-136.55|V15.3|A|L01FF01|1||||1210.0|1330.0|mg|IV||||15683.03
ZE-2026-136.56|V15.3|A|L01FF01|1||||1330.0|1470.0|mg|IV||||17288.38
ZE-2026-136.57|V15.3|A|L01FF01|1||||1470.0||mg|IV||||19017.21
ZE-2026-137.01|V15.3|A|L01FF02|1||||50.0|150.0|mg|IV||||2129.14
ZE-2026-137.02|V15.3|A|L01FF02|1||||150.0|250.0|mg|IV||||4258.28
ZE-2026-137.03|V15.3|A|L01FF02|1||||250.0|350.0|mg|IV||||6387.41
ZE-2026-137.04|V15.3|A|L01FF02|1||||350.0|450.0|mg|IV||||8516.55
ZE-2026-137.05|V15.3|A|L01FF02|1||||450.0|650.0|mg|IV||||11710.26
ZE-2026-137.06|V15.3|A|L01FF02|1||||650.0|850.0|mg|IV||||15968.54
ZE-2026-137.07|V15.3|A|L01FF02|1||||850.0|1050.0|mg|IV||||20226.81
ZE-2026-137.08|V15.3|A|L01FF02|1||||1050.0|1250.0|mg|IV||||24485.09
ZE-2026-137.09|V15.3|A|L01FF02|1||||1250.0|1550.0|mg|IV||||29807.93
ZE-2026-137.10|V15.3|A|L01FF02|1||||1550.0||mg|IV||||36195.35
ZE-2026-138.00|V15.3|A|L01FX07|1||||5.0|13.5|mcg|IV|||16|1093.91
ZE-2026-138.01|V15.3|A|L01FX07|1||||13.5|31.5|mcg|IV||||1367.39
ZE-2026-138.02|V15.3|A|L01FX07|1||||31.5|49.5|mcg|IV||||2461.31
ZE-2026-138.03|V15.3|A|L01FX07|1||||49.5|67.5|mcg|IV||||3555.22
ZE-2026-138.04|V15.3|A|L01FX07|1||||67.5|85.5|mcg|IV||||4649.13
ZE-2026-138.05|V15.3|A|L01FX07|1||||85.5|105.0|mcg|IV||||5788.63
ZE-2026-138.06|V15.3|A|L01FX07|1||||105.0|161.0|mcg|IV||||8082.81
ZE-2026-138.07|V15.3|A|L01FX07|1||||161.0|217.0|mcg|IV||||11486.1
ZE-2026-138.08|V15.3|A|L01FX07|1||||217.0|273.0|mcg|IV||||14889.39
ZE-2026-138.09|V15.3|A|L01FX07|1||||273.0|329.0|mcg|IV||||18292.67
ZE-2026-138.10|V15.3|A|L01FX07|1||||329.0|441.0|mcg|IV||||23397.61
ZE-2026-138.11|V15.3|A|L01FX07|1||||441.0|553.0|mcg|IV||||30204.18
ZE-2026-138.12|V15.3|A|L01FX07|1||||553.0|665.0|mcg|IV||||37010.76
ZE-2026-138.13|V15.3|A|L01FX07|1||||665.0|777.0|mcg|IV||||43817.33
ZE-2026-138.14|V15.3|A|L01FX07|1||||777.0|889.0|mcg|IV||||50623.91
ZE-2026-138.16|V15.3|A|L01FX07|1||||889.0|1001.0|mcg|IV||||57430.49
ZE-2026-138.17|V15.3|A|L01FX07|1||||1001.0|1113.0|mcg|IV||||64237.06
ZE-2026-138.19|V15.3|A|L01FX07|1||||1113.0|1225.0|mcg|IV||||71043.64
ZE-2026-138.21|V15.3|A|L01FX07|1||||1225.0|1337.0|mcg|IV||||77850.21
ZE-2026-138.22|V15.3|A|L01FX07|1||||1337.0||mcg|IV||||84656.79
ZE-2026-139.01|V15.3|A|L01FC01|1||||100.0|300.0|mg|IV||||825.76
ZE-2026-139.02|V15.3|A|L01FC01|1||||300.0|500.0|mg|IV||||1651.53
ZE-2026-139.03|V15.3|A|L01FC01|1||||500.0|700.0|mg|IV||||2477.29
ZE-2026-139.04|V15.3|A|L01FC01|1||||700.0|900.0|mg|IV||||3303.06
ZE-2026-139.05|V15.3|A|L01FC01|1||||900.0|1300.0|mg|IV||||4541.7
ZE-2026-139.06|V15.3|A|L01FC01|1||||1300.0|1700.0|mg|IV||||6193.23
ZE-2026-139.07|V15.3|A|L01FC01|1||||1700.0|2100.0|mg|IV||||7844.76
ZE-2026-139.08|V15.3|A|L01FC01|1||||2100.0|2500.0|mg|IV||||9496.29
ZE-2026-139.09|V15.3|A|L01FC01|1||||2500.0|3100.0|mg|IV||||11560.7
ZE-2026-139.10|V15.3|A|L01FC01|1||||3100.0|3700.0|mg|IV||||14037.99
ZE-2026-139.11|V15.3|A|L01FC01|1||||3700.0|4300.0|mg|IV||||16515.28
ZE-2026-139.12|V15.3|A|L01FC01|1||||4300.0|4900.0|mg|IV||||18992.57
ZE-2026-139.13|V15.3|A|L01FC01|1||||4900.0|5700.0|mg|IV||||21882.75
ZE-2026-139.14|V15.3|A|L01FC01|1||||5700.0|6500.0|mg|IV||||25185.8
ZE-2026-139.16|V15.3|A|L01FC01|1||||6500.0|7300.0|mg|IV||||28488.86
ZE-2026-139.17|V15.3|A|L01FC01|1||||7300.0|8300.0|mg|IV||||32204.8
ZE-2026-139.18|V15.3|A|L01FC01|1||||8300.0|9300.0|mg|IV||||36333.62
ZE-2026-139.19|V15.3|A|L01FC01|1||||9300.0||mg|IV||||40462.44
ZE-2026-140.12|V15.3|A|L01EX03|1||||2800.0|3600.0|mg|O||||435.78
ZE-2026-140.13|V15.3|A|L01EX03|1||||3600.0|4400.0|mg|O||||544.72
ZE-2026-140.14|V15.3|A|L01EX03|1||||4400.0|5200.0|mg|O||||653.66
ZE-2026-140.15|V15.3|A|L01EX03|1||||5200.0|6800.0|mg|O||||817.08
ZE-2026-140.16|V15.3|A|L01EX03|1||||6800.0|8400.0|mg|O||||1034.97
ZE-2026-140.17|V15.3|A|L01EX03|1||||8400.0|10000.0|mg|O||||1252.86
ZE-2026-140.18|V15.3|A|L01EX03|1||||10000.0|11600.0|mg|O||||1470.74
ZE-2026-140.19|V15.3|A|L01EX03|1||||11600.0|14800.0|mg|O||||1797.58
ZE-2026-140.20|V15.3|A|L01EX03|1||||14800.0|18000.0|mg|O||||2233.35
ZE-2026-140.21|V15.3|A|L01EX03|1||||18000.0|21200.0|mg|O||||2669.13
ZE-2026-140.22|V15.3|A|L01EX03|1||||21200.0|24400.0|mg|O||||3104.9
ZE-2026-140.23|V15.3|A|L01EX03|1||||24400.0|30800.0|mg|O||||3758.57
ZE-2026-140.24|V15.3|A|L01EX03|1||||30800.0|37200.0|mg|O||||4630.12
ZE-2026-140.25|V15.3|A|L01EX03|1||||37200.0||mg|O||||5501.67
ZE-2026-141.01|V15.3|A|L01XX02|1||||7500.0|12500.0|U|IV,IM|ACY|||0.0
ZE-2026-141.02|V15.3|A|L01XX02|1||||12500.0|17500.0|U|IV,IM|ACY|||0.0
ZE-2026-141.03|V15.3|A|L01XX02|1||||17500.0|22500.0|U|IV,IM|ACY|||0.0
ZE-2026-141.04|V15.3|A|L01XX02|1||||22500.0|27500.0|U|IV,IM|ACY|||0.0
ZE-2026-141.05|V15.3|A|L01XX02|1||||27500.0|35000.0|U|IV,IM|ACY|||0.0
ZE-2026-141.06|V15.3|A|L01XX02|1||||35000.0|42500.0|U|IV,IM|ACY|||0.0
ZE-2026-141.07|V15.3|A|L01XX02|1||||42500.0|50000.0|U|IV,IM|ACY|||0.0
ZE-2026-141.08|V15.3|A|L01XX02|1||||50000.0|57500.0|U|IV,IM|ACY|||0.0
ZE-2026-141.09|V15.3|A|L01XX02|1||||57500.0|65000.0|U|IV,IM|ACY|||0.0
ZE-2026-141.10|V15.3|A|L01XX02|1||||65000.0|85000.0|U|IV,IM|ACY|||0.0
ZE-2026-141.11|V15.3|A|L01XX02|1||||85000.0|105000.0|U|IV,IM|ACY|||0.0
ZE-2026-141.12|V15.3|A|L01XX02|1||||105000.0|125000.0|U|IV,IM|ACY|||0.0
ZE-2026-141.13|V15.3|A|L01XX02|1||||125000.0|145000.0|U|IV,IM|ACY|||0.0
ZE-2026-141.14|V15.3|A|L01XX02|1||||145000.0|175000.0|U|IV,IM|ACY|||0.0
ZE-2026-141.15|V15.3|A|L01XX02|1||||175000.0|205000.0|U|IV,IM|ACY|||0.0
ZE-2026-141.16|V15.3|A|L01XX02|1||||205000.0|235000.0|U|IV,IM|ACY|||0.0
ZE-2026-141.17|V15.3|A|L01XX02|1||||235000.0|265000.0|U|IV,IM|ACY|||0.0
ZE-2026-141.18|V15.3|A|L01XX02|1||||265000.0|305000.0|U|IV,IM|ACY|||0.0
ZE-2026-141.19|V15.3|A|L01XX02|1||||305000.0|345000.0|U|IV,IM|ACY|||0.0
ZE-2026-141.20|V15.3|A|L01XX02|1||||345000.0|385000.0|U|IV,IM|ACY|||0.0
ZE-2026-141.22|V15.3|A|L01XX02|1||||385000.0|425000.0|U|IV,IM|ACY|||0.0
ZE-2026-141.24|V15.3|A|L01XX02|1||||425000.0|485000.0|U|IV,IM|ACY|||0.0
ZE-2026-141.25|V15.3|A|L01XX02|1||||485000.0|545000.0|U|IV,IM|ACY|||0.0
ZE-2026-141.26|V15.3|A|L01XX02|1||||545000.0||U|IV,IM|ACY|||0.0
ZE-2026-142.14|V15.3|A|L01EC01|1||||1000.0|3000.0|mg|O|||6|223.8
ZE-2026-142.15|V15.3|A|L01EC01|1||||3000.0|5000.0|mg|O|||16|447.6
ZE-2026-142.16|V15.3|A|L01EC01|1||||5000.0|7000.0|mg|O||||671.4
ZE-2026-142.17|V15.3|A|L01EC01|1||||7000.0|11000.0|mg|O||||1007.1
ZE-2026-142.18|V15.3|A|L01EC01|1||||11000.0|15000.0|mg|O||||1454.7
ZE-2026-142.19|V15.3|A|L01EC01|1||||15000.0|19000.0|mg|O||||1902.3
ZE-2026-142.20|V15.3|A|L01EC01|1||||19000.0|25000.0|mg|O||||2461.8
ZE-2026-142.21|V15.3|A|L01EC01|1||||25000.0|31000.0|mg|O||||3133.2
ZE-2026-142.22|V15.3|A|L01EC01|1||||31000.0|37000.0|mg|O||||3804.6
ZE-2026-142.23|V15.3|A|L01EC01|1||||37000.0|45000.0|mg|O||||4587.9
ZE-2026-142.24|V15.3|A|L01EC01|1||||45000.0|53000.0|mg|O||||5483.1
ZE-2026-142.25|V15.3|A|L01EC01|1||||53000.0|61000.0|mg|O||||6378.3
ZE-2026-142.27|V15.3|A|L01EC01|1||||61000.0|69000.0|mg|O||||7273.5
ZE-2026-142.28|V15.3|A|L01EC01|1||||69000.0|81000.0|mg|O||||8392.5
ZE-2026-142.29|V15.3|A|L01EC01|1||||81000.0|93000.0|mg|O||||9735.3
ZE-2026-142.30|V15.3|A|L01EC01|1||||93000.0|105000.0|mg|O||||11078.1
ZE-2026-142.31|V15.3|A|L01EC01|1||||105000.0||mg|O||||12420.9
ZE-2026-143.00|V15.3|A|L01EE01|1||||5.0|7.0|mg|O||||497.55
ZE-2026-143.01|V15.3|A|L01EE01|1||||7.0|9.0|mg|O||||663.4
ZE-2026-143.02|V15.3|A|L01EE01|1||||9.0|11.0|mg|O||||829.25
ZE-2026-143.03|V15.3|A|L01EE01|1||||11.0|13.0|mg|O||||995.1
ZE-2026-143.04|V15.3|A|L01EE01|1||||13.0|15.0|mg|O||||1160.95
ZE-2026-143.05|V15.3|A|L01EE01|1||||15.0|19.0|mg|O||||1409.73
ZE-2026-143.06|V15.3|A|L01EE01|1||||19.0|23.0|mg|O||||1741.43
ZE-2026-143.07|V15.3|A|L01EE01|1||||23.0|27.0|mg|O||||2073.13
ZE-2026-143.08|V15.3|A|L01EE01|1||||27.0|31.0|mg|O||||2404.83
ZE-2026-143.09|V15.3|A|L01EE01|1||||31.0|39.0|mg|O||||2902.38
ZE-2026-143.10|V15.3|A|L01EE01|1||||39.0|47.0|mg|O||||3565.78
ZE-2026-143.11|V15.3|A|L01EE01|1||||47.0|55.0|mg|O||||4229.18
ZE-2026-143.12|V15.3|A|L01EE01|1||||55.0|63.0|mg|O||||4892.58
ZE-2026-143.13|V15.3|A|L01EE01|1||||63.0|76.0|mg|O||||5763.29
ZE-2026-143.14|V15.3|A|L01EE01|1||||76.0|89.0|mg|O||||6841.32
ZE-2026-143.16|V15.3|A|L01EE01|1||||89.0|102.0|mg|O||||7919.34
ZE-2026-143.17|V15.3|A|L01EE01|1||||102.0|115.0|mg|O||||8997.37
ZE-2026-143.18|V15.3|A|L01EE01|1||||115.0|128.0|mg|O||||10075.4
ZE-2026-143.19|V15.3|A|L01EE01|1||||128.0|141.0|mg|O||||11153.42
ZE-2026-143.21|V15.3|A|L01EE01|1||||141.0|154.0|mg|O||||12231.45
ZE-2026-143.22|V15.3|A|L01EE01|1||||154.0|170.0|mg|O||||13433.86
ZE-2026-143.23|V15.3|A|L01EE01|1||||170.0|190.0|mg|O||||14926.51
ZE-2026-143.24|V15.3|A|L01EE01|1||||190.0||mg|O||||16585.01
ZE-2026-144.22|V15.3|A|L01EL01|1||||1000.0|1400.0|mg|O||||442.37
ZE-2026-144.23|V15.3|A|L01EL01|1||||1400.0|2000.0|mg|O||||626.69
ZE-2026-144.24|V15.3|A|L01EL01|1||||2000.0|2800.0|mg|O||||884.74
ZE-2026-144.25|V15.3|A|L01EL01|1||||2800.0|3600.0|mg|O||||1179.65
ZE-2026-144.26|V15.3|A|L01EL01|1||||3600.0|4400.0|mg|O||||1474.56
ZE-2026-144.27|V15.3|A|L01EL01|1||||4400.0|5200.0|mg|O||||1769.47
ZE-2026-144.28|V15.3|A|L01EL01|1||||5200.0|6800.0|mg|O||||2211.84
ZE-2026-144.29|V15.3|A|L01EL01|1||||6800.0|8400.0|mg|O||||2801.66
ZE-2026-144.30|V15.3|A|L01EL01|1||||8400.0|10000.0|mg|O||||3391.49
ZE-2026-144.31|V15.3|A|L01EL01|1||||10000.0|11600.0|mg|O||||3981.31
ZE-2026-144.32|V15.3|A|L01EL01|1||||11600.0|14800.0|mg|O||||4866.05
ZE-2026-144.33|V15.3|A|L01EL01|1||||14800.0|18000.0|mg|O||||6045.7
ZE-2026-144.34|V15.3|A|L01EL01|1||||18000.0|21600.0|mg|O||||7299.07
ZE-2026-144.35|V15.3|A|L01EL01|1||||21600.0|25200.0|mg|O||||8626.18
ZE-2026-144.36|V15.3|A|L01EL01|1||||25200.0|30600.0|mg|O||||10285.06
ZE-2026-144.37|V15.3|A|L01EL01|1||||30600.0|36000.0|mg|O||||12275.71
ZE-2026-144.38|V15.3|A|L01EL01|1||||36000.0|41400.0|mg|O||||14266.37
ZE-2026-144.39|V15.3|A|L01EL01|1||||41400.0|46800.0|mg|O||||16257.02
ZE-2026-144.40|V15.3|A|L01EL01|1||||46800.0|53800.0|mg|O||||18542.59
ZE-2026-144.41|V15.3|A|L01EL01|1||||53800.0|60800.0|mg|O||||21123.07
ZE-2026-144.42|V15.3|A|L01EL01|1||||60800.0|67800.0|mg|O||||23703.55
ZE-2026-144.43|V15.3|A|L01EL01|1||||67800.0||mg|O||||26284.03
ZE-2026-145.00|V15.3|A|L01EE02|1||||150.0|210.0|mg|O||||717.02
ZE-2026-145.01|V15.3|A|L01EE02|1||||210.0|330.0|mg|O||||1075.54
ZE-2026-145.02|V15.3|A|L01EE02|1||||330.0|450.0|mg|O||||1553.55
ZE-2026-145.03|V15.3|A|L01EE02|1||||450.0|570.0|mg|O||||2031.57
ZE-2026-145.04|V15.3|A|L01EE02|1||||570.0|690.0|mg|O||||2509.59
ZE-2026-145.05|V15.3|A|L01EE02|1||||690.0|870.0|mg|O||||3107.11
ZE-2026-145.06|V15.3|A|L01EE02|1||||870.0|1050.0|mg|O||||3824.13
ZE-2026-145.07|V15.3|A|L01EE02|1||||1050.0|1230.0|mg|O||||4541.16
ZE-2026-145.08|V15.3|A|L01EE02|1||||1230.0|1410.0|mg|O||||5258.18
ZE-2026-145.10|V15.3|A|L01EE02|1||||1410.0|1590.0|mg|O||||5975.21
ZE-2026-145.11|V15.3|A|L01EE02|1||||1590.0||mg|O||||6692.23
ZE-2026-146.00|V15.3|A|L02BB04|1||||560.0|880.0|mg|O||||473.23
ZE-2026-146.01|V15.3|A|L02BB04|1||||880.0|1200.0|mg|O||||683.55
ZE-2026-146.02|V15.3|A|L02BB04|1||||1200.0|1520.0|mg|O||||893.87
ZE-2026-146.03|V15.3|A|L02BB04|1||||1520.0|1840.0|mg|O||||1104.2
ZE-2026-146.04|V15.3|A|L02BB04|1||||1840.0|2160.0|mg|O||||1314.52
ZE-2026-146.05|V15.3|A|L02BB04|1||||2160.0|2640.0|mg|O||||1577.42
ZE-2026-146.06|V15.3|A|L02BB04|1||||2640.0|3120.0|mg|O||||1892.91
ZE-2026-146.07|V15.3|A|L02BB04|1||||3120.0|3600.0|mg|O||||2208.39
ZE-2026-146.08|V15.3|A|L02BB04|1||||3600.0|4080.0|mg|O||||2523.88
ZE-2026-146.09|V15.3|A|L02BB04|1||||4080.0|4720.0|mg|O||||2891.94
ZE-2026-146.10|V15.3|A|L02BB04|1||||4720.0|5360.0|mg|O||||3312.59
ZE-2026-146.11|V15.3|A|L02BB04|1||||5360.0|6000.0|mg|O||||3733.24
ZE-2026-146.12|V15.3|A|L02BB04|1||||6000.0|6640.0|mg|O||||4153.88
ZE-2026-146.13|V15.3|A|L02BB04|1||||6640.0|7440.0|mg|O||||4627.11
ZE-2026-146.15|V15.3|A|L02BB04|1||||7440.0|8240.0|mg|O||||5152.92
ZE-2026-146.16|V15.3|A|L02BB04|1||||8240.0|9040.0|mg|O||||5678.73
ZE-2026-146.17|V15.3|A|L02BB04|1||||9040.0|9840.0|mg|O||||6204.53
ZE-2026-146.19|V15.3|A|L02BB04|1||||9840.0|11000.0|mg|O||||6848.65
ZE-2026-146.20|V15.3|A|L02BB04|1||||11000.0|12500.0|mg|O||||7722.81
ZE-2026-146.21|V15.3|A|L02BB04|1||||12500.0|14000.0|mg|O||||8708.7
ZE-2026-146.22|V15.3|A|L02BB04|1||||14000.0|15500.0|mg|O||||9694.59
ZE-2026-146.23|V15.3|A|L02BB04|1||||15500.0||mg|O||||10680.48
ZE-2026-147.05|V15.3|A|L02BX03|1||||13500.0|17500.0|mg|O||||246.61
ZE-2026-147.06|V15.3|A|L02BX03|1||||17500.0|21500.0|mg|O||||310.25
ZE-2026-147.07|V15.3|A|L02BX03|1||||21500.0|25500.0|mg|O||||373.89
ZE-2026-147.08|V15.3|A|L02BX03|1||||25500.0|29500.0|mg|O||||437.53
ZE-2026-147.09|V15.3|A|L02BX03|1||||29500.0|37500.0|mg|O||||532.99
ZE-2026-147.10|V15.3|A|L02BX03|1||||37500.0|45500.0|mg|O||||660.27
ZE-2026-147.11|V15.3|A|L02BX03|1||||45500.0|53500.0|mg|O||||787.55
ZE-2026-147.12|V15.3|A|L02BX03|1||||53500.0|61500.0|mg|O||||914.83
ZE-2026-147.13|V15.3|A|L02BX03|1||||61500.0|77500.0|mg|O||||1105.75
ZE-2026-147.14|V15.3|A|L02BX03|1||||77500.0|93500.0|mg|O||||1360.31
ZE-2026-147.16|V15.3|A|L02BX03|1||||93500.0|109500.0|mg|O||||1614.87
ZE-2026-147.17|V15.3|A|L02BX03|1||||109500.0||mg|O||||1869.43
ZE-2026-148.01|V15.3|A|B06AC01|1||||250.0|750.0|U|IV||||613.22
ZE-2026-148.02|V15.3|A|B06AC01|1||||750.0|1250.0|U|IV||||1226.44
ZE-2026-148.03|V15.3|A|B06AC01|1||||1250.0|1750.0|U|IV||||1839.66
ZE-2026-148.04|V15.3|A|B06AC01|1||||1750.0|2250.0|U|IV||||2452.88
ZE-2026-148.05|V15.3|A|B06AC01|1||||2250.0|2750.0|U|IV||||3066.1
ZE-2026-148.06|V15.3|A|B06AC01|1||||2750.0|3750.0|U|IV||||3985.93
ZE-2026-148.07|V15.3|A|B06AC01|1||||3750.0|4750.0|U|IV||||5212.37
ZE-2026-148.08|V15.3|A|B06AC01|1||||4750.0|5750.0|U|IV||||6438.81
ZE-2026-148.09|V15.3|A|B06AC01|1||||5750.0|6750.0|U|IV||||7665.25
ZE-2026-148.10|V15.3|A|B06AC01|1||||6750.0|7750.0|U|IV||||8891.69
ZE-2026-148.12|V15.3|A|B06AC01|1||||7750.0|8750.0|U|IV||||10118.13
ZE-2026-148.13|V15.3|A|B06AC01|1||||8750.0|10250.0|U|IV||||11651.18
ZE-2026-148.14|V15.3|A|B06AC01|1||||10250.0|11750.0|U|IV||||13490.84
ZE-2026-148.15|V15.3|A|B06AC01|1||||11750.0|13250.0|U|IV||||15330.5
ZE-2026-148.17|V15.3|A|B06AC01|1||||13250.0|14750.0|U|IV||||17170.16
ZE-2026-148.18|V15.3|A|B06AC01|1||||14750.0|16250.0|U|IV||||19009.82
ZE-2026-148.19|V15.3|A|B06AC01|1||||16250.0||U|IV||||20849.48
ZE-2026-149.01|V15.3|C|93.95|0|||||||||||353.92
ZE-2026-150.01|V15.3|C|93.97|0|||||||||||864.22
ZE-2026-152.03|V15.3|C|39.7B.11|0|||||||||||3575.88
ZE-2026-152.03|V15.3|C|39.7B.13|0|||||||||||3575.88
ZE-2026-152.03|V15.3|C|39.B8.C6|0|||||||||||3575.88
ZE-2026-152.04|V15.3|C|39.7B.12|0|||||||||||5605.56
ZE-2026-153.01|V15.3|A|M09AX07|1||||6.0|18.0|mg|IT||||80428.32
ZE-2026-153.02|V15.3|A|M09AX07|1||||18.0|30.0|mg|IT||||160856.65
ZE-2026-153.03|V15.3|A|M09AX07|1||||30.0|42.0|mg|IT||||241284.97
ZE-2026-153.04|V15.3|A|M09AX07|1||||42.0|54.0|mg|IT||||321713.3
ZE-2026-153.05|V15.3|A|M09AX07|1||||54.0|66.0|mg|IT||||402141.62
ZE-2026-153.06|V15.3|A|M09AX07|1||||66.0||mg|IT||||482569.95
ZE-2026-154.01|V15.3|C|37.69.10|0|||||||||||619.85
ZE-2026-154.02|V15.3|C|37.69.11|0|||||||||||904.94
ZE-2026-154.03|V15.3|C|37.69.12|0|||||||||||1190.03
ZE-2026-154.04|V15.3|C|37.69.13|0|||||||||||1475.12
ZE-2026-154.05|V15.3|C|37.69.14|0|||||||||||1760.21
ZE-2026-154.06|V15.3|C|37.69.15|0|||||||||||2045.29
ZE-2026-154.07|V15.3|C|37.69.16|0|||||||||||2330.38
ZE-2026-154.09|V15.3|C|37.69.18|0|||||||||||2615.47
ZE-2026-154.10|V15.3|C|37.69.1A|0|||||||||||2900.56
ZE-2026-154.11|V15.3|C|37.69.1B|0|||||||||||3185.65
ZE-2026-154.12|V15.3|C|37.69.1C|0|||||||||||3470.74
ZE-2026-154.13|V15.3|C|37.69.1D|0|||||||||||3755.82
ZE-2026-154.14|V15.3|C|37.69.1E|0|||||||||||4183.46
ZE-2026-154.15|V15.3|C|37.69.1F|0|||||||||||4753.63
ZE-2026-154.16|V15.3|C|37.69.1G|0|||||||||||5323.81
ZE-2026-154.17|V15.3|C|37.69.1H|0|||||||||||5893.99
ZE-2026-154.18|V15.3|C|37.69.1I|0|||||||||||6464.16
ZE-2026-154.19|V15.3|C|37.69.1J|0|||||||||||7176.88
ZE-2026-154.20|V15.3|C|37.69.1K|0|||||||||||8032.15
ZE-2026-154.21|V15.3|C|37.69.1L|0|||||||||||8887.41
ZE-2026-154.22|V15.3|C|37.69.1M|0|||||||||||9742.68
ZE-2026-154.23|V15.3|C|37.69.1N|0|||||||||||10597.94
ZE-2026-154.24|V15.3|C|37.69.1O|0|||||||||||11453.21
ZE-2026-154.25|V15.3|C|37.69.1P|0|||||||||||12308.47
ZE-2026-154.26|V15.3|C|37.69.1Q|0|||||||||||12949.92
ZE-2026-155.01|V15.3|T|||||||||||||3810.0
ZE-2026-155.02|V15.3|T|||||||||||||1180.0
ZE-2026-158.00|V15.3|A|L04AC07|1||||263.0|385.0|mg|SC||||494.0
ZE-2026-158.01|V15.3|A|L04AC07|1||||385.0|547.0|mg|SC||||710.5
ZE-2026-158.02|V15.3|A|L04AC07|1||||547.0|709.0|mg|SC||||957.5
ZE-2026-158.03|V15.3|A|L04AC07|1||||709.0|871.0|mg|SC||||1204.5
ZE-2026-158.04|V15.3|A|L04AC07|1||||871.0|1033.0|mg|SC||||1451.5
ZE-2026-158.06|V15.3|A|L04AC07|1||||1033.0|1195.0|mg|SC||||1698.49
ZE-2026-158.07|V15.3|A|L04AC07|1||||1195.0|1357.0|mg|SC||||1945.49
ZE-2026-158.08|V15.3|A|L04AC07|1||||1357.0|1519.0|mg|SC||||2192.49
ZE-2026-158.10|V15.3|A|L04AC07|1||||1519.0|1721.0|mg|SC||||2469.98
ZE-2026-158.11|V15.3|A|L04AC07|1||||1721.0|2045.0|mg|SC||||2870.97
ZE-2026-158.12|V15.3|A|L04AC07|1||||2045.0|2369.0|mg|SC||||3364.97
ZE-2026-158.13|V15.3|A|L04AC07|1||||2369.0|2693.0|mg|SC||||3858.97
ZE-2026-158.14|V15.3|A|L04AC07|1||||2693.0|3017.0|mg|SC||||4352.96
ZE-2026-158.15|V15.3|A|L04AC07|1||||3017.0||mg|SC||||4846.96
ZE-2026-159.01|V15.3|A|J05AP55|1||||2.5|3.5|UD|O|CEP|||1076.56
ZE-2026-159.02|V15.3|A|J05AP55|1||||3.5|4.5|UD|O|CEP|||1435.41
ZE-2026-159.03|V15.3|A|J05AP55|1||||4.5|6.5|UD|O|CEP|||1973.69
ZE-2026-159.04|V15.3|A|J05AP55|1||||6.5|8.5|UD|O|CEP|||2691.4
ZE-2026-159.05|V15.3|A|J05AP55|1||||8.5|10.5|UD|O|CEP|||3409.1
ZE-2026-159.06|V15.3|A|J05AP55|1||||10.5|13.5|UD|O|CEP|||4306.24
ZE-2026-159.07|V15.3|A|J05AP55|1||||13.5|16.5|UD|O|CEP|||5382.8
ZE-2026-159.08|V15.3|A|J05AP55|1||||16.5|19.5|UD|O|CEP|||6459.35
ZE-2026-159.09|V15.3|A|J05AP55|1||||19.5|22.5|UD|O|CEP|||7535.91
ZE-2026-159.10|V15.3|A|J05AP55|1||||22.5|26.5|UD|O|CEP|||8791.9
ZE-2026-159.11|V15.3|A|J05AP55|1||||26.5|30.5|UD|O|CEP|||10227.31
ZE-2026-159.12|V15.3|A|J05AP55|1||||30.5|34.5|UD|O|CEP|||11662.72
ZE-2026-159.13|V15.3|A|J05AP55|1||||34.5|38.5|UD|O|CEP|||13098.14
ZE-2026-159.15|V15.3|A|J05AP55|1||||38.5|44.5|UD|O|CEP|||14892.4
ZE-2026-159.16|V15.3|A|J05AP55|1||||44.5|50.5|UD|O|CEP|||17045.52
ZE-2026-159.17|V15.3|A|J05AP55|1||||50.5|56.5|UD|O|CEP|||19198.64
ZE-2026-159.18|V15.3|A|J05AP55|1||||56.5|62.5|UD|O|CEP|||21351.76
ZE-2026-159.20|V15.3|A|J05AP55|1||||62.5|70.5|UD|O|CEP|||23863.73
ZE-2026-159.21|V15.3|A|J05AP55|1||||70.5|78.5|UD|O|CEP|||26734.55
ZE-2026-159.22|V15.3|A|J05AP55|1||||78.5|86.5|UD|O|CEP|||29605.37
ZE-2026-159.23|V15.3|A|J05AP55|1||||86.5|94.5|UD|O|CEP|||32476.2
ZE-2026-159.25|V15.3|A|J05AP55|1||||94.5|102.5|UD|O|CEP|||35347.02
ZE-2026-159.26|V15.3|A|J05AP55|1||||102.5||UD|O|CEP|||38217.85
ZE-2026-160.00|V15.3|A|L01EX10|1||||125.0|175.0|mg|O||||0.0
ZE-2026-160.01|V15.3|A|L01EX10|1||||175.0|275.0|mg|O||||0.0
ZE-2026-160.02|V15.3|A|L01EX10|1||||275.0|375.0|mg|O||||0.0
ZE-2026-160.03|V15.3|A|L01EX10|1||||375.0|475.0|mg|O||||0.0
ZE-2026-160.04|V15.3|A|L01EX10|1||||475.0|575.0|mg|O||||0.0
ZE-2026-160.05|V15.3|A|L01EX10|1||||575.0|725.0|mg|O||||0.0
ZE-2026-160.06|V15.3|A|L01EX10|1||||725.0|875.0|mg|O||||0.0
ZE-2026-160.07|V15.3|A|L01EX10|1||||875.0|1025.0|mg|O||||0.0
ZE-2026-160.08|V15.3|A|L01EX10|1||||1025.0|1175.0|mg|O||||0.0
ZE-2026-160.09|V15.3|A|L01EX10|1||||1175.0|1375.0|mg|O||||0.0
ZE-2026-160.10|V15.3|A|L01EX10|1||||1375.0|1575.0|mg|O||||0.0
ZE-2026-160.11|V15.3|A|L01EX10|1||||1575.0|1775.0|mg|O||||0.0
ZE-2026-160.12|V15.3|A|L01EX10|1||||1775.0|1975.0|mg|O||||0.0
ZE-2026-160.13|V15.3|A|L01EX10|1||||1975.0|2275.0|mg|O||||0.0
ZE-2026-160.14|V15.3|A|L01EX10|1||||2275.0|2575.0|mg|O||||0.0
ZE-2026-160.15|V15.3|A|L01EX10|1||||2575.0|2875.0|mg|O||||0.0
ZE-2026-160.16|V15.3|A|L01EX10|1||||2875.0|3175.0|mg|O||||0.0
ZE-2026-160.17|V15.3|A|L01EX10|1||||3175.0|3575.0|mg|O||||0.0
ZE-2026-160.18|V15.3|A|L01EX10|1||||3575.0|3975.0|mg|O||||0.0
ZE-2026-160.20|V15.3|A|L01EX10|1||||3975.0|4375.0|mg|O||||0.0
ZE-2026-160.21|V15.3|A|L01EX10|1||||4375.0|4775.0|mg|O||||0.0
ZE-2026-160.22|V15.3|A|L01EX10|1||||4775.0|5375.0|mg|O||||0.0
ZE-2026-160.23|V15.3|A|L01EX10|1||||5375.0|5975.0|mg|O||||0.0
ZE-2026-160.25|V15.3|A|L01EX10|1||||5975.0|6575.0|mg|O||||0.0
ZE-2026-160.26|V15.3|A|L01EX10|1||||6575.0|7425.0|mg|O||||0.0
ZE-2026-160.27|V15.3|A|L01EX10|1||||7425.0|8275.0|mg|O||||0.0
ZE-2026-160.28|V15.3|A|L01EX10|1||||8275.0|9500.0|mg|O||||0.0
ZE-2026-160.29|V15.3|A|L01EX10|1||||9500.0|11000.0|mg|O||||0.0
ZE-2026-160.30|V15.3|A|L01EX10|1||||11000.0|12500.0|mg|O||||0.0
ZE-2026-160.31|V15.3|A|L01EX10|1||||12500.0|14000.0|mg|O||||0.0
ZE-2026-160.32|V15.3|A|L01EX10|1||||14000.0|15500.0|mg|O||||0.0
ZE-2026-160.33|V15.3|A|L01EX10|1||||15500.0||mg|O||||0.0
ZE-2026-163.00|V15.3|A|B01AC11|1||||200.0|300.0|mcg|IV,Inhal||||343.48
ZE-2026-163.01|V15.3|A|B01AC11|1||||300.0|400.0|mcg|IV,Inhal||||480.88
ZE-2026-163.02|V15.3|A|B01AC11|1||||400.0|500.0|mcg|IV,Inhal||||618.27
ZE-2026-163.03|V15.3|A|B01AC11|1||||500.0|600.0|mcg|IV,Inhal||||755.66
ZE-2026-163.04|V15.3|A|B01AC11|1||||600.0|700.0|mcg|IV,Inhal||||893.05
ZE-2026-163.05|V15.3|A|B01AC11|1||||700.0|900.0|mcg|IV,Inhal||||1099.14
ZE-2026-163.06|V15.3|A|B01AC11|1||||900.0|1100.0|mcg|IV,Inhal||||1373.93
ZE-2026-163.07|V15.3|A|B01AC11|1||||1100.0|1300.0|mcg|IV,Inhal||||1648.72
ZE-2026-163.08|V15.3|A|B01AC11|1||||1300.0|1500.0|mcg|IV,Inhal||||1923.5
ZE-2026-163.09|V15.3|A|B01AC11|1||||1500.0|1900.0|mcg|IV,Inhal||||2335.68
ZE-2026-163.10|V15.3|A|B01AC11|1||||1900.0|2300.0|mcg|IV,Inhal||||2885.25
ZE-2026-163.11|V15.3|A|B01AC11|1||||2300.0|2700.0|mcg|IV,Inhal||||3434.83
ZE-2026-163.13|V15.3|A|B01AC11|1||||2700.0|3100.0|mcg|IV,Inhal||||3984.4
ZE-2026-163.15|V15.3|A|B01AC11|1||||3100.0|3500.0|mcg|IV,Inhal||||4533.97
ZE-2026-163.16|V15.3|A|B01AC11|1||||3500.0|4500.0|mcg|IV,Inhal||||5495.72
ZE-2026-163.17|V15.3|A|B01AC11|1||||4500.0|5500.0|mcg|IV,Inhal||||6869.65
ZE-2026-163.18|V15.3|A|B01AC11|1||||5500.0|7000.0|mcg|IV,Inhal||||8587.06
ZE-2026-163.19|V15.3|A|B01AC11|1||||7000.0|8500.0|mcg|IV,Inhal||||10647.96
ZE-2026-163.20|V15.3|A|B01AC11|1||||8500.0|10000.0|mcg|IV,Inhal||||12708.85
ZE-2026-163.21|V15.3|A|B01AC11|1||||10000.0|12500.0|mcg|IV,Inhal||||15456.71
ZE-2026-163.22|V15.3|A|B01AC11|1||||12500.0||mcg|IV,Inhal||||18891.54
ZE-2026-164.00|V15.3|A|B01AC21|1||||3.0|5.0|mg|IV,SC||||365.35
ZE-2026-164.01|V15.3|A|B01AC21|1||||5.0|7.0|mg|IV,SC||||548.02
ZE-2026-164.02|V15.3|A|B01AC21|1||||7.0|9.0|mg|IV,SC||||730.7
ZE-2026-164.03|V15.3|A|B01AC21|1||||9.0|11.0|mg|IV,SC||||913.37
ZE-2026-164.04|V15.3|A|B01AC21|1||||11.0|13.0|mg|IV,SC||||1096.04
ZE-2026-164.05|V15.3|A|B01AC21|1||||13.0|17.0|mg|IV,SC||||1370.05
ZE-2026-164.06|V15.3|A|B01AC21|1||||17.0|21.0|mg|IV,SC||||1735.4
ZE-2026-164.07|V15.3|A|B01AC21|1||||21.0|25.0|mg|IV,SC||||2100.75
ZE-2026-164.08|V15.3|A|B01AC21|1||||25.0|29.0|mg|IV,SC||||2466.1
ZE-2026-164.09|V15.3|A|B01AC21|1||||29.0|37.0|mg|IV,SC||||3014.12
ZE-2026-164.10|V15.3|A|B01AC21|1||||37.0|45.0|mg|IV,SC||||3744.82
ZE-2026-164.11|V15.3|A|B01AC21|1||||45.0|53.0|mg|IV,SC||||4475.51
ZE-2026-164.12|V15.3|A|B01AC21|1||||53.0|61.0|mg|IV,SC||||5206.21
ZE-2026-164.13|V15.3|A|B01AC21|1||||61.0|77.0|mg|IV,SC||||6302.25
ZE-2026-164.14|V15.3|A|B01AC21|1||||77.0|93.0|mg|IV,SC||||7763.64
ZE-2026-164.15|V15.3|A|B01AC21|1||||93.0|109.0|mg|IV,SC||||9225.03
ZE-2026-164.16|V15.3|A|B01AC21|1||||109.0|125.0|mg|IV,SC||||10686.43
ZE-2026-164.18|V15.3|A|B01AC21|1||||125.0|149.0|mg|IV,SC||||12513.17
ZE-2026-164.19|V15.3|A|B01AC21|1||||149.0|173.0|mg|IV,SC||||14705.25
ZE-2026-164.20|V15.3|A|B01AC21|1||||173.0|197.0|mg|IV,SC||||16897.34
ZE-2026-164.21|V15.3|A|B01AC21|1||||197.0|221.0|mg|IV,SC||||19089.43
ZE-2026-164.22|V15.3|A|B01AC21|1||||221.0|253.0|mg|IV,SC||||21646.86
ZE-2026-164.23|V15.3|A|B01AC21|1||||253.0|285.0|mg|IV,SC||||24569.65
ZE-2026-164.24|V15.3|A|B01AC21|1||||285.0|317.0|mg|IV,SC||||27492.43
ZE-2026-164.25|V15.3|A|B01AC21|1||||317.0|349.0|mg|IV,SC||||30415.21
ZE-2026-164.26|V15.3|A|B01AC21|1||||349.0|389.0|mg|IV,SC||||33703.35
ZE-2026-164.27|V15.3|A|B01AC21|1||||389.0|429.0|mg|IV,SC||||37356.82
ZE-2026-164.29|V15.3|A|B01AC21|1||||429.0|469.0|mg|IV,SC||||41010.3
ZE-2026-164.30|V15.3|A|B01AC21|1||||469.0|520.0|mg|IV,SC||||45166.14
ZE-2026-164.31|V15.3|A|B01AC21|1||||520.0|580.0|mg|IV,SC||||50235.34
ZE-2026-164.32|V15.3|A|B01AC21|1||||580.0|650.0|mg|IV,SC||||56172.24
ZE-2026-164.33|V15.3|A|B01AC21|1||||650.0|720.0|mg|IV,SC||||62565.83
ZE-2026-164.34|V15.3|A|B01AC21|1||||720.0|800.0|mg|IV,SC||||69416.1
ZE-2026-164.35|V15.3|A|B01AC21|1||||800.0|880.0|mg|IV,SC||||76723.06
ZE-2026-164.36|V15.3|A|B01AC21|1||||880.0|980.0|mg|IV,SC||||84943.39
ZE-2026-164.37|V15.3|A|B01AC21|1||||980.0|1080.0|mg|IV,SC||||94077.09
ZE-2026-164.38|V15.3|A|B01AC21|1||||1080.0||mg|IV,SC||||103210.79
ZE-2026-165.00|V15.3|A|J05AD01|1||||15000.0|20000.0|mg|IV||||0.0
ZE-2026-165.01|V15.3|A|J05AD01|1||||20000.0|30000.0|mg|IV||||0.0
ZE-2026-165.02|V15.3|A|J05AD01|1||||30000.0|40000.0|mg|IV||||0.0
ZE-2026-165.03|V15.3|A|J05AD01|1||||40000.0|50000.0|mg|IV||||0.0
ZE-2026-165.04|V15.3|A|J05AD01|1||||50000.0|60000.0|mg|IV||||0.0
ZE-2026-165.05|V15.3|A|J05AD01|1||||60000.0|80000.0|mg|IV||||0.0
ZE-2026-165.06|V15.3|A|J05AD01|1||||80000.0|100000.0|mg|IV||||0.0
ZE-2026-165.07|V15.3|A|J05AD01|1||||100000.0|120000.0|mg|IV||||0.0
ZE-2026-165.08|V15.3|A|J05AD01|1||||120000.0|140000.0|mg|IV||||0.0
ZE-2026-165.09|V15.3|A|J05AD01|1||||140000.0|180000.0|mg|IV||||0.0
ZE-2026-165.10|V15.3|A|J05AD01|1||||180000.0|220000.0|mg|IV||||0.0
ZE-2026-165.11|V15.3|A|J05AD01|1||||220000.0|260000.0|mg|IV||||0.0
ZE-2026-165.12|V15.3|A|J05AD01|1||||260000.0|300000.0|mg|IV||||0.0
ZE-2026-165.13|V15.3|A|J05AD01|1||||300000.0|380000.0|mg|IV||||0.0
ZE-2026-165.14|V15.3|A|J05AD01|1||||380000.0|460000.0|mg|IV||||0.0
ZE-2026-165.15|V15.3|A|J05AD01|1||||460000.0|540000.0|mg|IV||||0.0
ZE-2026-165.16|V15.3|A|J05AD01|1||||540000.0|620000.0|mg|IV||||0.0
ZE-2026-165.18|V15.3|A|J05AD01|1||||620000.0|740000.0|mg|IV||||0.0
ZE-2026-165.19|V15.3|A|J05AD01|1||||740000.0|860000.0|mg|IV||||0.0
ZE-2026-165.20|V15.3|A|J05AD01|1||||860000.0|980000.0|mg|IV||||0.0
ZE-2026-165.21|V15.3|A|J05AD01|1||||980000.0|1100000.0|mg|IV||||0.0
ZE-2026-165.22|V15.3|A|J05AD01|1||||1100000.0||mg|IV||||0.0
ZE-2026-166.01|V15.3|A|L01FB01|1||||0.2|0.3|mg|IV|||16|2842.04
ZE-2026-166.02|V15.3|A|L01FB01|1||||0.3|0.4|mg|IV|||16|3978.86
ZE-2026-166.03|V15.3|A|L01FB01|1||||0.4|0.5|mg|IV|||16|5115.68
ZE-2026-166.04|V15.3|A|L01FB01|1||||0.5|0.6|mg|IV|||16|6252.5
ZE-2026-166.05|V15.3|A|L01FB01|1||||0.6|0.7|mg|IV||||7389.32
ZE-2026-166.06|V15.3|A|L01FB01|1||||0.7|0.8|mg|IV||||8526.13
ZE-2026-166.07|V15.3|A|L01FB01|1||||0.8|0.9|mg|IV||||9662.95
ZE-2026-166.08|V15.3|A|L01FB01|1||||0.9|1.1|mg|IV||||11368.18
ZE-2026-166.09|V15.3|A|L01FB01|1||||1.1|1.3|mg|IV||||13641.81
ZE-2026-166.10|V15.3|A|L01FB01|1||||1.3|1.5|mg|IV||||15915.45
ZE-2026-166.11|V15.3|A|L01FB01|1||||1.5|1.7|mg|IV||||18189.08
ZE-2026-166.12|V15.3|A|L01FB01|1||||1.7|2.1|mg|IV||||21599.54
ZE-2026-166.13|V15.3|A|L01FB01|1||||2.1|2.5|mg|IV||||26146.81
ZE-2026-166.14|V15.3|A|L01FB01|1||||2.5|3.5|mg|IV||||34104.53
ZE-2026-166.15|V15.3|A|L01FB01|1||||3.5|4.5|mg|IV||||45472.71
ZE-2026-166.16|V15.3|A|L01FB01|1||||4.5|5.5|mg|IV||||56840.89
ZE-2026-166.17|V15.3|A|L01FB01|1||||5.5|6.5|mg|IV||||68209.07
ZE-2026-166.18|V15.3|A|L01FB01|1||||6.5||mg|IV||||79577.24
ZE-2026-167.01|V15.3|A|L01FF05|1||||680.0|1000.0|mg|IV||||2817.41
ZE-2026-167.02|V15.3|A|L01FF05|1||||1000.0|1400.0|mg|IV||||4024.87
ZE-2026-167.03|V15.3|A|L01FF05|1||||1400.0|1960.0|mg|IV||||5634.82
ZE-2026-167.04|V15.3|A|L01FF05|1||||1960.0|2840.0|mg|IV||||8049.74
ZE-2026-167.05|V15.3|A|L01FF05|1||||2840.0|3720.0|mg|IV||||11001.32
ZE-2026-167.06|V15.3|A|L01FF05|1||||3720.0|4600.0|mg|IV||||13952.89
ZE-2026-167.08|V15.3|A|L01FF05|1||||4600.0|5480.0|mg|IV||||16904.46
ZE-2026-167.09|V15.3|A|L01FF05|1||||5480.0|6680.0|mg|IV||||20392.68
ZE-2026-167.10|V15.3|A|L01FF05|1||||6680.0||mg|IV||||24417.56
ZE-2026-168.17|V15.3|A|L01EJ01|1||||60.0|95.0|mg|O|||16|297.56
ZE-2026-168.18|V15.3|A|L01EJ01|1||||95.0|135.0|mg|O||||441.54
ZE-2026-168.19|V15.3|A|L01EJ01|1||||135.0|175.0|mg|O||||595.12
ZE-2026-168.20|V15.3|A|L01EJ01|1||||175.0|215.0|mg|O||||748.69
ZE-2026-168.21|V15.3|A|L01EJ01|1||||215.0|315.0|mg|O||||763.09
ZE-2026-168.22|V15.3|A|L01EJ01|1||||315.0|415.0|mg|O||||1051.05
ZE-2026-168.23|V15.3|A|L01EJ01|1||||415.0|520.0|mg|O||||1346.21
ZE-2026-168.24|V15.3|A|L01EJ01|1||||520.0|680.0|mg|O||||1727.75
ZE-2026-168.25|V15.3|A|L01EJ01|1||||680.0|840.0|mg|O||||2188.49
ZE-2026-168.26|V15.3|A|L01EJ01|1||||840.0|1000.0|mg|O||||2649.22
ZE-2026-168.27|V15.3|A|L01EJ01|1||||1000.0|1300.0|mg|O||||3311.53
ZE-2026-168.28|V15.3|A|L01EJ01|1||||1300.0|1600.0|mg|O||||4175.41
ZE-2026-168.29|V15.3|A|L01EJ01|1||||1600.0|1900.0|mg|O||||5039.28
ZE-2026-168.30|V15.3|A|L01EJ01|1||||1900.0|2500.0|mg|O||||6335.1
ZE-2026-168.31|V15.3|A|L01EJ01|1||||2500.0|3100.0|mg|O||||8062.85
ZE-2026-168.32|V15.3|A|L01EJ01|1||||3100.0|3700.0|mg|O||||9790.61
ZE-2026-168.33|V15.3|A|L01EJ01|1||||3700.0||mg|O||||11518.36
ZE-2026-169.01|V15.3|A|M09AX09|1||||1.0|1.0|AN|IV||||0.0
ZE-2026-170.01|V15.3|C|37.69.20|0|||||||||||762.4
ZE-2026-170.02|V15.3|C|37.69.21|0|||||||||||1332.57
ZE-2026-170.03|V15.3|C|37.69.22|0|||||||||||1760.21
ZE-2026-170.05|V15.3|C|37.69.24|0|||||||||||2045.29
ZE-2026-170.06|V15.3|C|37.69.25|0|||||||||||2330.38
ZE-2026-170.07|V15.3|C|37.69.26|0|||||||||||2615.47
ZE-2026-170.08|V15.3|C|37.69.27|0|||||||||||2900.56
ZE-2026-170.09|V15.3|C|37.69.28|0|||||||||||3185.65
ZE-2026-170.10|V15.3|C|37.69.2A|0|||||||||||3613.28
ZE-2026-170.11|V15.3|C|37.69.2B|0|||||||||||4183.46
ZE-2026-170.12|V15.3|C|37.69.2C|0|||||||||||4753.63
ZE-2026-170.13|V15.3|C|37.69.2D|0|||||||||||5323.81
ZE-2026-170.14|V15.3|C|37.69.2E|0|||||||||||5893.99
ZE-2026-170.15|V15.3|C|37.69.2F|0|||||||||||6464.16
ZE-2026-170.16|V15.3|C|37.69.2G|0|||||||||||7176.88
ZE-2026-170.17|V15.3|C|37.69.2H|0|||||||||||8032.15
ZE-2026-170.18|V15.3|C|37.69.2I|0|||||||||||8887.41
ZE-2026-170.19|V15.3|C|37.69.2J|0|||||||||||9742.68
ZE-2026-170.20|V15.3|C|37.69.2K|0|||||||||||10597.94
ZE-2026-170.21|V15.3|C|37.69.2L|0|||||||||||11453.21
ZE-2026-170.22|V15.3|C|37.69.2M|0|||||||||||12308.47
ZE-2026-170.23|V15.3|C|37.69.2N|0|||||||||||12949.92
ZE-2026-171.01|V15.3|C|37.69.40|0|||||||||||762.4
ZE-2026-171.02|V15.3|C|37.69.41|0|||||||||||1332.57
ZE-2026-171.03|V15.3|C|37.69.42|0|||||||||||1760.21
ZE-2026-171.05|V15.3|C|37.69.44|0|||||||||||2045.29
ZE-2026-171.06|V15.3|C|37.69.45|0|||||||||||2330.38
ZE-2026-171.07|V15.3|C|37.69.46|0|||||||||||2615.47
ZE-2026-171.08|V15.3|C|37.69.47|0|||||||||||2900.56
ZE-2026-171.09|V15.3|C|37.69.48|0|||||||||||3185.65
ZE-2026-171.10|V15.3|C|37.69.4A|0|||||||||||3613.28
ZE-2026-171.11|V15.3|C|37.69.4B|0|||||||||||4183.46
ZE-2026-171.12|V15.3|C|37.69.4C|0|||||||||||4753.63
ZE-2026-171.13|V15.3|C|37.69.4D|0|||||||||||5323.81
ZE-2026-171.14|V15.3|C|37.69.4E|0|||||||||||5893.99
ZE-2026-171.15|V15.3|C|37.69.4F|0|||||||||||6464.16
ZE-2026-171.16|V15.3|C|37.69.4G|0|||||||||||7176.88
ZE-2026-171.17|V15.3|C|37.69.4H|0|||||||||||8032.15
ZE-2026-171.18|V15.3|C|37.69.4I|0|||||||||||8887.41
ZE-2026-171.19|V15.3|C|37.69.4J|0|||||||||||9742.68
ZE-2026-171.20|V15.3|C|37.69.4K|0|||||||||||10597.94
ZE-2026-171.21|V15.3|C|37.69.4L|0|||||||||||11453.21
ZE-2026-171.22|V15.3|C|37.69.4M|0|||||||||||12308.47
ZE-2026-171.23|V15.3|C|37.69.4N|0|||||||||||12949.92
ZE-2026-172.01|V15.3|C|37.69.50|0|||||||||||762.4
ZE-2026-172.02|V15.3|C|37.69.51|0|||||||||||1332.57
ZE-2026-172.03|V15.3|C|37.69.52|0|||||||||||1760.21
ZE-2026-172.05|V15.3|C|37.69.54|0|||||||||||2045.29
ZE-2026-172.06|V15.3|C|37.69.55|0|||||||||||2330.38
ZE-2026-172.07|V15.3|C|37.69.56|0|||||||||||2615.47
ZE-2026-172.08|V15.3|C|37.69.57|0|||||||||||2900.56
ZE-2026-172.09|V15.3|C|37.69.58|0|||||||||||3185.65
ZE-2026-172.10|V15.3|C|37.69.5A|0|||||||||||3613.28
ZE-2026-172.11|V15.3|C|37.69.5B|0|||||||||||4183.46
ZE-2026-172.12|V15.3|C|37.69.5C|0|||||||||||4753.63
ZE-2026-172.13|V15.3|C|37.69.5D|0|||||||||||5323.81
ZE-2026-172.14|V15.3|C|37.69.5E|0|||||||||||5893.99
ZE-2026-172.15|V15.3|C|37.69.5F|0|||||||||||6464.16
ZE-2026-172.16|V15.3|C|37.69.5G|0|||||||||||7176.88
ZE-2026-172.17|V15.3|C|37.69.5H|0|||||||||||8032.15
ZE-2026-172.18|V15.3|C|37.69.5I|0|||||||||||8887.41
ZE-2026-172.19|V15.3|C|37.69.5J|0|||||||||||9742.68
ZE-2026-172.20|V15.3|C|37.69.5K|0|||||||||||10597.94
ZE-2026-172.21|V15.3|C|37.69.5L|0|||||||||||11453.21
ZE-2026-172.22|V15.3|C|37.69.5M|0|||||||||||12308.47
ZE-2026-172.23|V15.3|C|37.69.5N|0|||||||||||12949.92
ZE-2026-173.01|V15.3|C|37.69.60|0|||||||||||762.4
ZE-2026-173.02|V15.3|C|37.69.61|0|||||||||||1332.57
ZE-2026-173.03|V15.3|C|37.69.62|0|||||||||||1760.21
ZE-2026-173.05|V15.3|C|37.69.64|0|||||||||||2045.29
ZE-2026-173.06|V15.3|C|37.69.65|0|||||||||||2330.38
ZE-2026-173.07|V15.3|C|37.69.66|0|||||||||||2615.47
ZE-2026-173.08|V15.3|C|37.69.67|0|||||||||||2900.56
ZE-2026-173.09|V15.3|C|37.69.68|0|||||||||||3185.65
ZE-2026-173.10|V15.3|C|37.69.6A|0|||||||||||3613.28
ZE-2026-173.11|V15.3|C|37.69.6B|0|||||||||||4183.46
ZE-2026-173.12|V15.3|C|37.69.6C|0|||||||||||4753.63
ZE-2026-173.13|V15.3|C|37.69.6D|0|||||||||||5323.81
ZE-2026-173.14|V15.3|C|37.69.6E|0|||||||||||5893.99
ZE-2026-173.15|V15.3|C|37.69.6F|0|||||||||||6464.16
ZE-2026-173.16|V15.3|C|37.69.6G|0|||||||||||7176.88
ZE-2026-173.17|V15.3|C|37.69.6H|0|||||||||||8032.15
ZE-2026-173.18|V15.3|C|37.69.6I|0|||||||||||8887.41
ZE-2026-173.19|V15.3|C|37.69.6J|0|||||||||||9742.68
ZE-2026-173.20|V15.3|C|37.69.6K|0|||||||||||10597.94
ZE-2026-173.21|V15.3|C|37.69.6L|0|||||||||||11453.21
ZE-2026-173.22|V15.3|C|37.69.6M|0|||||||||||12308.47
ZE-2026-173.23|V15.3|C|37.69.6N|0|||||||||||12949.92
ZE-2026-175.01|V15.3|C|00.4A.81|0|||39.72.16||||||||654.72
ZE-2026-175.02|V15.3|C|00.4A.A1|0|||39.72.26||||||||654.72
ZE-2026-175.03|V15.3|C|00.4A.61|0|||39.79.28||||||||654.72
ZE-2026-175.04|V15.3|C|00.4A.82|0|||39.72.16||||||||1309.45
ZE-2026-175.05|V15.3|C|00.4A.A2|0|||39.72.26||||||||1309.45
ZE-2026-175.06|V15.3|C|00.4A.62|0|||39.79.28||||||||1309.45
ZE-2026-175.07|V15.3|C|00.4A.83|0|||39.72.16||||||||1964.17
ZE-2026-175.08|V15.3|C|00.4A.A3|0|||39.72.26||||||||1964.17
ZE-2026-175.09|V15.3|C|00.4A.63|0|||39.79.28||||||||1964.17
ZE-2026-175.10|V15.3|C|00.4A.84|0|||39.72.16||||||||2618.89
ZE-2026-175.11|V15.3|C|00.4A.A4|0|||39.72.26||||||||2618.89
ZE-2026-175.12|V15.3|C|00.4A.64|0|||39.79.28||||||||2618.89
ZE-2026-175.13|V15.3|C|00.4A.85|0|||39.72.16||||||||3273.61
ZE-2026-175.14|V15.3|C|00.4A.A5|0|||39.72.26||||||||3273.61
ZE-2026-175.15|V15.3|C|00.4A.65|0|||39.79.28||||||||3273.61
ZE-2026-175.16|V15.3|C|00.4A.86|0|||39.72.16||||||||3928.34
ZE-2026-175.17|V15.3|C|00.4A.A6|0|||39.72.26||||||||3928.34
ZE-2026-175.18|V15.3|C|00.4A.66|0|||39.79.28||||||||3928.34
ZE-2026-175.19|V15.3|C|00.4A.87|0|||39.72.16||||||||4583.06
ZE-2026-175.20|V15.3|C|00.4A.A7|0|||39.72.26||||||||4583.06
ZE-2026-175.21|V15.3|C|00.4A.67|0|||39.79.28||||||||4583.06
ZE-2026-175.22|V15.3|C|00.4A.88|0|||39.72.16||||||||5237.78
ZE-2026-175.23|V15.3|C|00.4A.A8|0|||39.72.26||||||||5237.78
ZE-2026-175.24|V15.3|C|00.4A.68|0|||39.79.28||||||||5237.78
ZE-2026-175.25|V15.3|C|00.4A.8A|0|||39.72.16||||||||5892.5
ZE-2026-175.26|V15.3|C|00.4A.AA|0|||39.72.26||||||||5892.5
ZE-2026-175.27|V15.3|C|00.4A.6A|0|||39.79.28||||||||5892.5
ZE-2026-175.28|V15.3|C|00.4A.8B|0|||39.72.16||||||||6874.57
ZE-2026-175.29|V15.3|C|00.4A.AB|0|||39.72.26||||||||6874.57
ZE-2026-175.30|V15.3|C|00.4A.6B|0|||39.79.28||||||||6874.57
ZE-2026-176.01|V15.3|C|00.4A.41|0|||39.79.28,39.72.16,39.72.26||||||||654.72
ZE-2026-176.02|V15.3|C|00.4A.42|0|||39.79.28,39.72.16,39.72.26||||||||1309.45
ZE-2026-176.03|V15.3|C|00.4A.43|0|||39.79.28,39.72.16,39.72.26||||||||1964.17
ZE-2026-176.04|V15.3|C|00.4A.44|0|||39.79.28,39.72.16,39.72.26||||||||2618.89
ZE-2026-176.05|V15.3|C|00.4A.45|0|||39.79.28,39.72.16,39.72.26||||||||3273.61
ZE-2026-176.07|V15.3|C|00.4A.47|0|||39.79.28,39.72.16,39.72.26||||||||3928.33
ZE-2026-176.08|V15.3|C|00.4A.48|0|||39.79.28,39.72.16,39.72.26||||||||4583.05
ZE-2026-176.09|V15.3|C|00.4A.4A|0|||39.79.28,39.72.16,39.72.26||||||||5237.77
ZE-2026-176.10|V15.3|C|00.4A.4B|0|||39.79.28,39.72.16,39.72.26||||||||5892.49
ZE-2026-176.11|V15.3|C|00.4A.4C|0|||39.79.28,39.72.16,39.72.26||||||||6547.21
ZE-2026-176.12|V15.3|C|00.4A.4D|0|||39.79.28,39.72.16,39.72.26||||||||7201.93
ZE-2026-176.13|V15.3|C|00.4A.4E|0|||39.79.28,39.72.16,39.72.26||||||||7856.65
ZE-2026-176.14|V15.3|C|00.4A.4F|0|||39.79.28,39.72.16,39.72.26||||||||8511.37
ZE-2026-176.15|V15.3|C|00.4A.4G|0|||39.79.28,39.72.16,39.72.26||||||||9166.09
ZE-2026-176.16|V15.3|C|00.4A.4H|0|||39.79.28,39.72.16,39.72.26||||||||9820.81
ZE-2026-176.17|V15.3|C|00.4A.4I|0|||39.79.28,39.72.16,39.72.26||||||||10475.53
ZE-2026-176.18|V15.3|C|00.4A.4J|0|||39.79.28,39.72.16,39.72.26||||||||11130.25
ZE-2026-176.19|V15.3|C|00.4A.4K|0|||39.79.28,39.72.16,39.72.26||||||||11784.97
ZE-2026-176.20|V15.3|C|00.4A.4L|0|||39.79.28,39.72.16,39.72.26||||||||12439.69
ZE-2026-176.21|V15.3|C|00.4A.4M|0|||39.79.28,39.72.16,39.72.26||||||||13094.41
ZE-2026-176.22|V15.3|C|00.4A.4N|0|||39.79.28,39.72.16,39.72.26||||||||13749.13
ZE-2026-176.23|V15.3|C|00.4A.4O|0|||39.79.28,39.72.16,39.72.26||||||||14403.85
ZE-2026-176.24|V15.3|C|00.4A.4P|0|||39.79.28,39.72.16,39.72.26||||||||15058.57
ZE-2026-176.25|V15.3|C|00.4A.4Q|0|||39.79.28,39.72.16,39.72.26||||||||15713.29
ZE-2026-176.26|V15.3|C|00.4A.4R|0|||39.79.28,39.72.16,39.72.26||||||||16368.01
ZE-2026-176.27|V15.3|C|00.4A.4S|0|||39.79.28,39.72.16,39.72.26||||||||17022.73
ZE-2026-176.28|V15.3|C|00.4A.4T|0|||39.79.28,39.72.16,39.72.26||||||||17677.45
ZE-2026-176.29|V15.3|C|00.4A.4U|0|||39.79.28,39.72.16,39.72.26||||||||18659.53
ZE-2026-177.01|V15.3|C|00.4G.D1|0|||39.72.25||||||||654.72
ZE-2026-177.02|V15.3|C|00.4G.C1|0|||39.72.15||||||||654.72
ZE-2026-177.03|V15.3|C|00.4G.A1|0|||39.79.A8||||||||654.72
ZE-2026-177.04|V15.3|C|00.4G.D2|0|||39.72.25||||||||1309.45
ZE-2026-177.05|V15.3|C|00.4G.C2|0|||39.72.15||||||||1309.45
ZE-2026-177.06|V15.3|C|00.4G.A2|0|||39.79.A8||||||||1309.45
ZE-2026-177.07|V15.3|C|00.4G.D3|0|||39.72.25||||||||1964.17
ZE-2026-177.08|V15.3|C|00.4G.C3|0|||39.72.15||||||||1964.17
ZE-2026-177.09|V15.3|C|00.4G.A3|0|||39.79.A8||||||||1964.17
ZE-2026-177.10|V15.3|C|00.4G.D4|0|||39.72.25||||||||2618.89
ZE-2026-177.11|V15.3|C|00.4G.C4|0|||39.72.15||||||||2618.89
ZE-2026-177.12|V15.3|C|00.4G.A4|0|||39.79.A8||||||||2618.89
ZE-2026-177.13|V15.3|C|00.4G.D5|0|||39.72.25||||||||3600.97
ZE-2026-177.14|V15.3|C|00.4G.C5|0|||39.72.15||||||||3600.97
ZE-2026-177.15|V15.3|C|00.4G.A5|0|||39.79.A8||||||||3600.97
ZE-2026-178.01|V15.3|C|00.4G.61|0|||39.72.2B||||||||654.72
ZE-2026-178.02|V15.3|C|00.4G.51|0|||39.72.1B||||||||654.72
ZE-2026-178.03|V15.3|C|00.4G.31|0|||39.79.58||||||||654.72
ZE-2026-178.04|V15.3|C|00.4G.62|0|||39.72.2B||||||||1309.45
ZE-2026-178.05|V15.3|C|00.4G.52|0|||39.72.1B||||||||1309.45
ZE-2026-178.06|V15.3|C|00.4G.32|0|||39.79.58||||||||1309.45
ZE-2026-178.07|V15.3|C|00.4G.63|0|||39.72.2B||||||||1964.17
ZE-2026-178.08|V15.3|C|00.4G.53|0|||39.72.1B||||||||1964.17
ZE-2026-178.09|V15.3|C|00.4G.33|0|||39.79.58||||||||1964.17
ZE-2026-178.10|V15.3|C|00.4G.64|0|||39.72.2B||||||||2618.89
ZE-2026-178.11|V15.3|C|00.4G.54|0|||39.72.1B||||||||2618.89
ZE-2026-178.12|V15.3|C|00.4G.34|0|||39.79.58||||||||2618.89
ZE-2026-178.13|V15.3|C|00.4G.65|0|||39.72.2B||||||||3600.97
ZE-2026-178.14|V15.3|C|00.4G.55|0|||39.72.1B||||||||3600.97
ZE-2026-178.15|V15.3|C|00.4G.35|0|||39.79.58||||||||3600.97
ZE-2026-179.01|V15.3|C|00.4A.51|0|||39.79.21,39.79.22,39.79.24,39.79.25,39.79.26,39.79.27,39.79.29,00.66.41||||||||162.85
ZE-2026-179.01|V15.3|C|00.4A.71|0|||39.79.21,39.79.22,39.79.24,39.79.25,39.79.26,39.79.27,39.79.29,00.66.41||||||||162.85
ZE-2026-179.02|V15.3|C|00.4A.52|0|||39.79.21,39.79.22,39.79.24,39.79.25,39.79.26,39.79.27,39.79.29,00.66.41||||||||325.71
ZE-2026-179.02|V15.3|C|00.4A.72|0|||39.79.21,39.79.22,39.79.24,39.79.25,39.79.26,39.79.27,39.79.29,00.66.41||||||||325.71
ZE-2026-179.03|V15.3|C|00.4A.53|0|||39.79.21,39.79.22,39.79.24,39.79.25,39.79.26,39.79.27,39.79.29,00.66.41||||||||488.56
ZE-2026-179.03|V15.3|C|00.4A.73|0|||39.79.21,39.79.22,39.79.24,39.79.25,39.79.26,39.79.27,39.79.29,00.66.41||||||||488.56
ZE-2026-179.04|V15.3|C|00.4A.54|0|||39.79.21,39.79.22,39.79.24,39.79.25,39.79.26,39.79.27,39.79.29,00.66.41||||||||651.41
ZE-2026-179.04|V15.3|C|00.4A.74|0|||39.79.21,39.79.22,39.79.24,39.79.25,39.79.26,39.79.27,39.79.29,00.66.41||||||||651.41
ZE-2026-179.05|V15.3|C|00.4A.55|0|||39.79.21,39.79.22,39.79.24,39.79.25,39.79.26,39.79.27,39.79.29,00.66.41||||||||814.26
ZE-2026-179.05|V15.3|C|00.4A.75|0|||39.79.21,39.79.22,39.79.24,39.79.25,39.79.26,39.79.27,39.79.29,00.66.41||||||||814.26
ZE-2026-179.06|V15.3|C|00.4A.56|0|||39.79.21,39.79.22,39.79.24,39.79.25,39.79.26,39.79.27,39.79.29,00.66.41||||||||977.12
ZE-2026-179.07|V15.3|C|00.4A.57|0|||39.79.21,39.79.22,39.79.24,39.79.25,39.79.26,39.79.27,39.79.29,00.66.41||||||||1139.97
ZE-2026-179.08|V15.3|C|00.4A.58|0|||39.79.21,39.79.22,39.79.24,39.79.25,39.79.26,39.79.27,39.79.29,00.66.41||||||||1302.82
ZE-2026-179.09|V15.3|C|00.4A.5A|0|||39.79.21,39.79.22,39.79.24,39.79.25,39.79.26,39.79.27,39.79.29,00.66.41||||||||1465.67
ZE-2026-179.10|V15.3|C|00.4A.5B|0|||39.79.21,39.79.22,39.79.24,39.79.25,39.79.26,39.79.27,39.79.29,00.66.41||||||||1628.53
ZE-2026-179.11|V15.3|C|00.4A.5C|0|||39.79.21,39.79.22,39.79.24,39.79.25,39.79.26,39.79.27,39.79.29,00.66.41||||||||1791.38
ZE-2026-179.12|V15.3|C|00.4A.5D|0|||39.79.21,39.79.22,39.79.24,39.79.25,39.79.26,39.79.27,39.79.29,00.66.41||||||||1954.23
ZE-2026-179.13|V15.3|C|00.4A.5E|0|||39.79.21,39.79.22,39.79.24,39.79.25,39.79.26,39.79.27,39.79.29,00.66.41||||||||2117.08
ZE-2026-179.14|V15.3|C|00.4A.5F|0|||39.79.21,39.79.22,39.79.24,39.79.25,39.79.26,39.79.27,39.79.29,00.66.41||||||||2279.94
ZE-2026-179.15|V15.3|C|00.4A.5G|0|||39.79.21,39.79.22,39.79.24,39.79.25,39.79.26,39.79.27,39.79.29,00.66.41||||||||2442.79
ZE-2026-179.16|V15.3|C|00.4A.5H|0|||39.79.21,39.79.22,39.79.24,39.79.25,39.79.26,39.79.27,39.79.29,00.66.41||||||||2605.64
ZE-2026-179.17|V15.3|C|00.4A.5I|0|||39.79.21,39.79.22,39.79.24,39.79.25,39.79.26,39.79.27,39.79.29,00.66.41||||||||2768.49
ZE-2026-179.18|V15.3|C|00.4A.5J|0|||39.79.21,39.79.22,39.79.24,39.79.25,39.79.26,39.79.27,39.79.29,00.66.41||||||||2931.35
ZE-2026-179.19|V15.3|C|00.4A.5K|0|||39.79.21,39.79.22,39.79.24,39.79.25,39.79.26,39.79.27,39.79.29,00.66.41||||||||3094.2
ZE-2026-179.20|V15.3|C|00.4A.5L|0|||39.79.21,39.79.22,39.79.24,39.79.25,39.79.26,39.79.27,39.79.29,00.66.41||||||||3257.05
ZE-2026-179.21|V15.3|C|00.4A.5M|0|||39.79.21,39.79.22,39.79.24,39.79.25,39.79.26,39.79.27,39.79.29,00.66.41||||||||3419.9
ZE-2026-179.22|V15.3|C|00.4A.5N|0|||39.79.21,39.79.22,39.79.24,39.79.25,39.79.26,39.79.27,39.79.29,00.66.41||||||||3582.76
ZE-2026-179.23|V15.3|C|00.4A.5O|0|||39.79.21,39.79.22,39.79.24,39.79.25,39.79.26,39.79.27,39.79.29,00.66.41||||||||3745.61
ZE-2026-179.24|V15.3|C|00.4A.5P|0|||39.79.21,39.79.22,39.79.24,39.79.25,39.79.26,39.79.27,39.79.29,00.66.41||||||||3908.46
ZE-2026-179.25|V15.3|C|00.4A.5Q|0|||39.79.21,39.79.22,39.79.24,39.79.25,39.79.26,39.79.27,39.79.29,00.66.41||||||||4071.31
ZE-2026-179.26|V15.3|C|00.4A.5R|0|||39.79.21,39.79.22,39.79.24,39.79.25,39.79.26,39.79.27,39.79.29,00.66.41||||||||4234.17
ZE-2026-179.27|V15.3|C|00.4A.5S|0|||39.79.21,39.79.22,39.79.24,39.79.25,39.79.26,39.79.27,39.79.29,00.66.41||||||||4397.02
ZE-2026-179.28|V15.3|C|00.4A.5T|0|||39.79.21,39.79.22,39.79.24,39.79.25,39.79.26,39.79.27,39.79.29,00.66.41||||||||4641.3
ZE-2026-180.01|V15.3|C|00.4A.41|0|||39.79.21,39.79.22,39.79.24,39.79.25,39.79.26,39.79.27,39.79.29,00.66.41||||||||162.85
ZE-2026-180.02|V15.3|C|00.4A.42|0|||39.79.21,39.79.22,39.79.24,39.79.25,39.79.26,39.79.27,39.79.29,00.66.41||||||||325.71
ZE-2026-180.03|V15.3|C|00.4A.43|0|||39.79.21,39.79.22,39.79.24,39.79.25,39.79.26,39.79.27,39.79.29,00.66.41||||||||488.56
ZE-2026-180.04|V15.3|C|00.4A.44|0|||39.79.21,39.79.22,39.79.24,39.79.25,39.79.26,39.79.27,39.79.29,00.66.41||||||||651.41
ZE-2026-180.05|V15.3|C|00.4A.45|0|||39.79.21,39.79.22,39.79.24,39.79.25,39.79.26,39.79.27,39.79.29,00.66.41||||||||814.26
ZE-2026-180.07|V15.3|C|00.4A.47|0|||39.79.21,39.79.22,39.79.24,39.79.25,39.79.26,39.79.27,39.79.29,00.66.41||||||||977.11
ZE-2026-180.08|V15.3|C|00.4A.48|0|||39.79.21,39.79.22,39.79.24,39.79.25,39.79.26,39.79.27,39.79.29,00.66.41||||||||1139.96
ZE-2026-180.09|V15.3|C|00.4A.4A|0|||39.79.21,39.79.22,39.79.24,39.79.25,39.79.26,39.79.27,39.79.29,00.66.41||||||||1302.81
ZE-2026-180.10|V15.3|C|00.4A.4B|0|||39.79.21,39.79.22,39.79.24,39.79.25,39.79.26,39.79.27,39.79.29,00.66.41||||||||1465.66
ZE-2026-180.11|V15.3|C|00.4A.4C|0|||39.79.21,39.79.22,39.79.24,39.79.25,39.79.26,39.79.27,39.79.29,00.66.41||||||||1628.51
ZE-2026-180.12|V15.3|C|00.4A.4D|0|||39.79.21,39.79.22,39.79.24,39.79.25,39.79.26,39.79.27,39.79.29,00.66.41||||||||1791.36
ZE-2026-180.13|V15.3|C|00.4A.4E|0|||39.79.21,39.79.22,39.79.24,39.79.25,39.79.26,39.79.27,39.79.29,00.66.41||||||||1954.21
ZE-2026-180.14|V15.3|C|00.4A.4F|0|||39.79.21,39.79.22,39.79.24,39.79.25,39.79.26,39.79.27,39.79.29,00.66.41||||||||2117.06
ZE-2026-180.15|V15.3|C|00.4A.4G|0|||39.79.21,39.79.22,39.79.24,39.79.25,39.79.26,39.79.27,39.79.29,00.66.41||||||||2279.91
ZE-2026-180.16|V15.3|C|00.4A.4H|0|||39.79.21,39.79.22,39.79.24,39.79.25,39.79.26,39.79.27,39.79.29,00.66.41||||||||2442.76
ZE-2026-180.17|V15.3|C|00.4A.4I|0|||39.79.21,39.79.22,39.79.24,39.79.25,39.79.26,39.79.27,39.79.29,00.66.41||||||||2605.61
ZE-2026-180.18|V15.3|C|00.4A.4J|0|||39.79.21,39.79.22,39.79.24,39.79.25,39.79.26,39.79.27,39.79.29,00.66.41||||||||2768.46
ZE-2026-180.19|V15.3|C|00.4A.4K|0|||39.79.21,39.79.22,39.79.24,39.79.25,39.79.26,39.79.27,39.79.29,00.66.41||||||||2931.31
ZE-2026-180.20|V15.3|C|00.4A.4L|0|||39.79.21,39.79.22,39.79.24,39.79.25,39.79.26,39.79.27,39.79.29,00.66.41||||||||3094.16
ZE-2026-180.21|V15.3|C|00.4A.4M|0|||39.79.21,39.79.22,39.79.24,39.79.25,39.79.26,39.79.27,39.79.29,00.66.41||||||||3257.01
ZE-2026-180.22|V15.3|C|00.4A.4N|0|||39.79.21,39.79.22,39.79.24,39.79.25,39.79.26,39.79.27,39.79.29,00.66.41||||||||3419.86
ZE-2026-180.23|V15.3|C|00.4A.4O|0|||39.79.21,39.79.22,39.79.24,39.79.25,39.79.26,39.79.27,39.79.29,00.66.41||||||||3582.71
ZE-2026-180.24|V15.3|C|00.4A.4P|0|||39.79.21,39.79.22,39.79.24,39.79.25,39.79.26,39.79.27,39.79.29,00.66.41||||||||3745.56
ZE-2026-180.25|V15.3|C|00.4A.4Q|0|||39.79.21,39.79.22,39.79.24,39.79.25,39.79.26,39.79.27,39.79.29,00.66.41||||||||3908.41
ZE-2026-180.26|V15.3|C|00.4A.4R|0|||39.79.21,39.79.22,39.79.24,39.79.25,39.79.26,39.79.27,39.79.29,00.66.41||||||||4071.26
ZE-2026-180.27|V15.3|C|00.4A.4S|0|||39.79.21,39.79.22,39.79.24,39.79.25,39.79.26,39.79.27,39.79.29,00.66.41||||||||4234.11
ZE-2026-180.28|V15.3|C|00.4A.4T|0|||39.79.21,39.79.22,39.79.24,39.79.25,39.79.26,39.79.27,39.79.29,00.66.41||||||||4396.96
ZE-2026-180.29|V15.3|C|00.4A.4U|0|||39.79.21,39.79.22,39.79.24,39.79.25,39.79.26,39.79.27,39.79.29,00.66.41||||||||4641.24
ZE-2026-181.01|V15.3|C|00.4G.81|0|||39.79.A1,39.79.A2,39.79.A4,39.79.A5,39.79.A6,39.79.A7,39.79.A9,00.66.44||||||||162.85
ZE-2026-181.01|V15.3|C|00.4G.B1|0|||39.79.A1,39.79.A2,39.79.A4,39.79.A5,39.79.A6,39.79.A7,39.79.A9,00.66.44||||||||162.85
ZE-2026-181.02|V15.3|C|00.4G.82|0|||39.79.A1,39.79.A2,39.79.A4,39.79.A5,39.79.A6,39.79.A7,39.79.A9,00.66.44||||||||325.71
ZE-2026-181.02|V15.3|C|00.4G.B2|0|||39.79.A1,39.79.A2,39.79.A4,39.79.A5,39.79.A6,39.79.A7,39.79.A9,00.66.44||||||||325.71
ZE-2026-181.03|V15.3|C|00.4G.83|0|||39.79.A1,39.79.A2,39.79.A4,39.79.A5,39.79.A6,39.79.A7,39.79.A9,00.66.44||||||||488.56
ZE-2026-181.03|V15.3|C|00.4G.B3|0|||39.79.A1,39.79.A2,39.79.A4,39.79.A5,39.79.A6,39.79.A7,39.79.A9,00.66.44||||||||488.56
ZE-2026-181.04|V15.3|C|00.4G.84|0|||39.79.A1,39.79.A2,39.79.A4,39.79.A5,39.79.A6,39.79.A7,39.79.A9,00.66.44||||||||651.41
ZE-2026-181.04|V15.3|C|00.4G.B4|0|||39.79.A1,39.79.A2,39.79.A4,39.79.A5,39.79.A6,39.79.A7,39.79.A9,00.66.44||||||||651.41
ZE-2026-181.05|V15.3|C|00.4G.85|0|||39.79.A1,39.79.A2,39.79.A4,39.79.A5,39.79.A6,39.79.A7,39.79.A9,00.66.44||||||||814.26
ZE-2026-181.05|V15.3|C|00.4G.B5|0|||39.79.A1,39.79.A2,39.79.A4,39.79.A5,39.79.A6,39.79.A7,39.79.A9,00.66.44||||||||814.26
ZE-2026-181.06|V15.3|C|00.4G.86|0|||39.79.A1,39.79.A2,39.79.A4,39.79.A5,39.79.A6,39.79.A7,39.79.A9,00.66.44||||||||977.12
ZE-2026-181.07|V15.3|C|00.4G.87|0|||39.79.A1,39.79.A2,39.79.A4,39.79.A5,39.79.A6,39.79.A7,39.79.A9,00.66.44||||||||1139.97
ZE-2026-181.08|V15.3|C|00.4G.88|0|||39.79.A1,39.79.A2,39.79.A4,39.79.A5,39.79.A6,39.79.A7,39.79.A9,00.66.44||||||||1302.82
ZE-2026-181.09|V15.3|C|00.4G.8A|0|||39.79.A1,39.79.A2,39.79.A4,39.79.A5,39.79.A6,39.79.A7,39.79.A9,00.66.44||||||||1465.67
ZE-2026-181.10|V15.3|C|00.4G.8B|0|||39.79.A1,39.79.A2,39.79.A4,39.79.A5,39.79.A6,39.79.A7,39.79.A9,00.66.44||||||||1709.94
ZE-2026-182.01|V15.3|C|00.4G.21|0|||39.79.51,39.79.52,39.79.54,39.79.55,39.79.56,39.79.57,39.79.59,00.66.43||||||||162.85
ZE-2026-182.01|V15.3|C|00.4G.41|0|||39.79.51,39.79.52,39.79.54,39.79.55,39.79.56,39.79.57,39.79.59,00.66.43||||||||162.85
ZE-2026-182.02|V15.3|C|00.4G.22|0|||39.79.51,39.79.52,39.79.54,39.79.55,39.79.56,39.79.57,39.79.59,00.66.43||||||||325.71
ZE-2026-182.02|V15.3|C|00.4G.42|0|||39.79.51,39.79.52,39.79.54,39.79.55,39.79.56,39.79.57,39.79.59,00.66.43||||||||325.71
ZE-2026-182.03|V15.3|C|00.4G.23|0|||39.79.51,39.79.52,39.79.54,39.79.55,39.79.56,39.79.57,39.79.59,00.66.43||||||||488.56
ZE-2026-182.03|V15.3|C|00.4G.43|0|||39.79.51,39.79.52,39.79.54,39.79.55,39.79.56,39.79.57,39.79.59,00.66.43||||||||488.56
ZE-2026-182.04|V15.3|C|00.4G.24|0|||39.79.51,39.79.52,39.79.54,39.79.55,39.79.56,39.79.57,39.79.59,00.66.43||||||||651.41
ZE-2026-182.04|V15.3|C|00.4G.44|0|||39.79.51,39.79.52,39.79.54,39.79.55,39.79.56,39.79.57,39.79.59,00.66.43||||||||651.41
ZE-2026-182.05|V15.3|C|00.4G.25|0|||39.79.51,39.79.52,39.79.54,39.79.55,39.79.56,39.79.57,39.79.59,00.66.43||||||||814.26
ZE-2026-182.05|V15.3|C|00.4G.45|0|||39.79.51,39.79.52,39.79.54,39.79.55,39.79.56,39.79.57,39.79.59,00.66.43||||||||814.26
ZE-2026-182.06|V15.3|C|00.4G.26|0|||39.79.51,39.79.52,39.79.54,39.79.55,39.79.56,39.79.57,39.79.59,00.66.43||||||||977.12
ZE-2026-182.07|V15.3|C|00.4G.27|0|||39.79.51,39.79.52,39.79.54,39.79.55,39.79.56,39.79.57,39.79.59,00.66.43||||||||1139.97
ZE-2026-182.08|V15.3|C|00.4G.28|0|||39.79.51,39.79.52,39.79.54,39.79.55,39.79.56,39.79.57,39.79.59,00.66.43||||||||1302.82
ZE-2026-182.09|V15.3|C|00.4G.2A|0|||39.79.51,39.79.52,39.79.54,39.79.55,39.79.56,39.79.57,39.79.59,00.66.43||||||||1465.67
ZE-2026-182.10|V15.3|C|00.4G.2B|0|||39.79.51,39.79.52,39.79.54,39.79.55,39.79.56,39.79.57,39.79.59,00.66.43||||||||1709.94
ZE-2026-183.00|V15.3|A|L01AC01|1||||45.0|75.0|mg|IV||||0.0
ZE-2026-183.01|V15.3|A|L01AC01|1||||75.0|125.0|mg|IV||||0.0
ZE-2026-183.02|V15.3|A|L01AC01|1||||125.0|175.0|mg|IV||||0.0
ZE-2026-183.03|V15.3|A|L01AC01|1||||175.0|225.0|mg|IV||||0.0
ZE-2026-183.04|V15.3|A|L01AC01|1||||225.0|275.0|mg|IV||||0.0
ZE-2026-183.05|V15.3|A|L01AC01|1||||275.0|375.0|mg|IV||||0.0
ZE-2026-183.06|V15.3|A|L01AC01|1||||375.0|475.0|mg|IV||||0.0
ZE-2026-183.07|V15.3|A|L01AC01|1||||475.0|575.0|mg|IV||||0.0
ZE-2026-183.08|V15.3|A|L01AC01|1||||575.0|675.0|mg|IV||||0.0
ZE-2026-183.09|V15.3|A|L01AC01|1||||675.0|875.0|mg|IV||||0.0
ZE-2026-183.10|V15.3|A|L01AC01|1||||875.0|1075.0|mg|IV||||0.0
ZE-2026-183.11|V15.3|A|L01AC01|1||||1075.0|1275.0|mg|IV||||0.0
ZE-2026-183.12|V15.3|A|L01AC01|1||||1275.0|1475.0|mg|IV||||0.0
ZE-2026-183.13|V15.3|A|L01AC01|1||||1475.0|1875.0|mg|IV||||0.0
ZE-2026-183.14|V15.3|A|L01AC01|1||||1875.0|2275.0|mg|IV||||0.0
ZE-2026-183.15|V15.3|A|L01AC01|1||||2275.0|2675.0|mg|IV||||0.0
ZE-2026-183.16|V15.3|A|L01AC01|1||||2675.0|3075.0|mg|IV||||0.0
ZE-2026-183.17|V15.3|A|L01AC01|1||||3075.0|3475.0|mg|IV||||0.0
ZE-2026-183.18|V15.3|A|L01AC01|1||||3475.0|3875.0|mg|IV||||0.0
ZE-2026-183.19|V15.3|A|L01AC01|1||||3875.0|4275.0|mg|IV||||0.0
ZE-2026-183.20|V15.3|A|L01AC01|1||||4275.0|4675.0|mg|IV||||0.0
ZE-2026-183.21|V15.3|A|L01AC01|1||||4675.0||mg|IV||||0.0
ZE-2026-185.01|V15.3|A|J05AP57|1||||4.5|6.5|UD|O|CMA|||967.84
ZE-2026-185.02|V15.3|A|J05AP57|1||||6.5|8.5|UD|O|CMA|||1319.79
ZE-2026-185.03|V15.3|A|J05AP57|1||||8.5|10.5|UD|O|CMA|||1671.73
ZE-2026-185.04|V15.3|A|J05AP57|1||||10.5|12.5|UD|O|CMA|||2023.67
ZE-2026-185.05|V15.3|A|J05AP57|1||||12.5|16.5|UD|O|CMA|||2551.59
ZE-2026-185.06|V15.3|A|J05AP57|1||||16.5|20.5|UD|O|CMA|||3255.47
ZE-2026-185.07|V15.3|A|J05AP57|1||||20.5|24.5|UD|O|CMA|||3959.36
ZE-2026-185.08|V15.3|A|J05AP57|1||||24.5|28.5|UD|O|CMA|||4663.25
ZE-2026-185.09|V15.3|A|J05AP57|1||||28.5|36.5|UD|O|CMA|||5719.08
ZE-2026-185.10|V15.3|A|J05AP57|1||||36.5|44.5|UD|O|CMA|||7126.85
ZE-2026-185.11|V15.3|A|J05AP57|1||||44.5|52.5|UD|O|CMA|||8534.62
ZE-2026-185.12|V15.3|A|J05AP57|1||||52.5|60.5|UD|O|CMA|||9942.39
ZE-2026-185.14|V15.3|A|J05AP57|1||||60.5|68.5|UD|O|CMA|||11350.17
ZE-2026-185.15|V15.3|A|J05AP57|1||||68.5|78.5|UD|O|CMA|||12933.91
ZE-2026-185.16|V15.3|A|J05AP57|1||||78.5|88.5|UD|O|CMA|||14693.63
ZE-2026-185.17|V15.3|A|J05AP57|1||||88.5|98.5|UD|O|CMA|||16453.34
ZE-2026-185.18|V15.3|A|J05AP57|1||||98.5||UD|O|CMA|||18213.06
ZE-2026-186.01|V15.3|A|L04AG08|1||||150.0|450.0|mg|IV||||5316.34
ZE-2026-186.02|V15.3|A|L04AG08|1||||450.0|750.0|mg|IV||||10632.68
ZE-2026-186.03|V15.3|A|L04AG08|1||||750.0|1050.0|mg|IV||||15949.02
ZE-2026-186.04|V15.3|A|L04AG08|1||||1050.0|1350.0|mg|IV||||21265.36
ZE-2026-186.05|V15.3|A|L04AG08|1||||1350.0|1650.0|mg|IV||||26581.7
ZE-2026-186.06|V15.3|A|L04AG08|1||||1650.0|1950.0|mg|IV||||31898.03
ZE-2026-186.07|V15.3|A|L04AG08|1||||1950.0||mg|IV||||37214.37
ZE-2026-187.16|V15.3|A|L01EF01|1||||375.0|575.0|mg|O||||366.4
ZE-2026-187.17|V15.3|A|L01EF01|1||||575.0|775.0|mg|O||||520.67
ZE-2026-187.18|V15.3|A|L01EF01|1||||775.0|1050.0|mg|O||||703.88
ZE-2026-187.19|V15.3|A|L01EF01|1||||1050.0|1325.0|mg|O||||916.0
ZE-2026-187.20|V15.3|A|L01EF01|1||||1325.0|1675.0|mg|O||||1157.06
ZE-2026-187.21|V15.3|A|L01EF01|1||||1675.0|2025.0|mg|O||||1427.03
ZE-2026-187.22|V15.3|A|L01EF01|1||||2025.0|2375.0|mg|O||||1697.01
ZE-2026-187.23|V15.3|A|L01EF01|1||||2375.0|2875.0|mg|O||||2024.85
ZE-2026-187.24|V15.3|A|L01EF01|1||||2875.0|3375.0|mg|O||||2410.53
ZE-2026-187.25|V15.3|A|L01EF01|1||||3375.0|4000.0|mg|O||||2844.43
ZE-2026-187.26|V15.3|A|L01EF01|1||||4000.0|4750.0|mg|O||||3374.74
ZE-2026-187.27|V15.3|A|L01EF01|1||||4750.0|5500.0|mg|O||||3953.27
ZE-2026-187.28|V15.3|A|L01EF01|1||||5500.0|6250.0|mg|O||||4531.8
ZE-2026-187.29|V15.3|A|L01EF01|1||||6250.0|7000.0|mg|O||||5110.33
ZE-2026-187.30|V15.3|A|L01EF01|1||||7000.0|8000.0|mg|O||||5785.28
ZE-2026-187.31|V15.3|A|L01EF01|1||||8000.0||mg|O||||6556.65
ZE-2026-188.21|V15.3|A|L01XX52|1||||400.0|700.0|mg|O|||18|289.86
ZE-2026-188.22|V15.3|A|L01XX52|1||||700.0|1000.0|mg|O|||18|447.97
ZE-2026-188.23|V15.3|A|L01XX52|1||||1000.0|1400.0|mg|O||||632.42
ZE-2026-188.24|V15.3|A|L01XX52|1||||1400.0|1800.0|mg|O||||843.23
ZE-2026-188.25|V15.3|A|L01XX52|1||||1800.0|2200.0|mg|O||||1054.04
ZE-2026-188.26|V15.3|A|L01XX52|1||||2200.0|2600.0|mg|O||||1264.85
ZE-2026-188.27|V15.3|A|L01XX52|1||||2600.0|3000.0|mg|O||||1475.66
ZE-2026-188.28|V15.3|A|L01XX52|1||||3000.0|3400.0|mg|O||||1686.46
ZE-2026-188.29|V15.3|A|L01XX52|1||||3400.0|4200.0|mg|O||||2002.68
ZE-2026-188.30|V15.3|A|L01XX52|1||||4200.0|5000.0|mg|O||||2424.29
ZE-2026-188.31|V15.3|A|L01XX52|1||||5000.0|5800.0|mg|O||||2845.91
ZE-2026-188.32|V15.3|A|L01XX52|1||||5800.0|6600.0|mg|O||||3267.52
ZE-2026-188.33|V15.3|A|L01XX52|1||||6600.0|8200.0|mg|O||||3899.95
ZE-2026-188.34|V15.3|A|L01XX52|1||||8200.0|9800.0|mg|O||||4743.18
ZE-2026-188.35|V15.3|A|L01XX52|1||||9800.0|11400.0|mg|O||||5586.41
ZE-2026-188.36|V15.3|A|L01XX52|1||||11400.0|13000.0|mg|O||||6429.64
ZE-2026-188.37|V15.3|A|L01XX52|1||||13000.0|14600.0|mg|O||||7272.88
ZE-2026-188.38|V15.3|A|L01XX52|1||||14600.0|16200.0|mg|O||||8116.11
ZE-2026-188.39|V15.3|A|L01XX52|1||||16200.0|17800.0|mg|O||||8959.34
ZE-2026-188.41|V15.3|A|L01XX52|1||||17800.0|19400.0|mg|O||||9802.57
ZE-2026-188.42|V15.3|A|L01XX52|1||||19400.0|21200.0|mg|O||||10698.51
ZE-2026-188.43|V15.3|A|L01XX52|1||||21200.0|23200.0|mg|O||||11699.84
ZE-2026-188.44|V15.3|A|L01XX52|1||||23200.0||mg|O||||12753.88
ZE-2026-189.01|V15.3|A|L01FX08|1||||250.0|350.0|mg|IV||||1230.72
ZE-2026-189.02|V15.3|A|L01FX08|1||||350.0|450.0|mg|IV||||1640.96
ZE-2026-189.03|V15.3|A|L01FX08|1||||450.0|550.0|mg|IV||||2051.2
ZE-2026-189.04|V15.3|A|L01FX08|1||||550.0|650.0|mg|IV||||2461.43
ZE-2026-189.05|V15.3|A|L01FX08|1||||650.0|850.0|mg|IV||||3076.79
ZE-2026-189.06|V15.3|A|L01FX08|1||||850.0|1050.0|mg|IV||||3897.27
ZE-2026-189.07|V15.3|A|L01FX08|1||||1050.0|1250.0|mg|IV||||4717.75
ZE-2026-189.08|V15.3|A|L01FX08|1||||1250.0|1450.0|mg|IV||||5538.23
ZE-2026-189.09|V15.3|A|L01FX08|1||||1450.0|1850.0|mg|IV||||6768.94
ZE-2026-189.10|V15.3|A|L01FX08|1||||1850.0|2250.0|mg|IV||||8409.9
ZE-2026-189.11|V15.3|A|L01FX08|1||||2250.0|2650.0|mg|IV||||10050.86
ZE-2026-189.12|V15.3|A|L01FX08|1||||2650.0|3050.0|mg|IV||||11691.81
ZE-2026-189.13|V15.3|A|L01FX08|1||||3050.0|3850.0|mg|IV||||14153.25
ZE-2026-189.14|V15.3|A|L01FX08|1||||3850.0|4650.0|mg|IV||||17435.16
ZE-2026-189.15|V15.3|A|L01FX08|1||||4650.0|5450.0|mg|IV||||20717.07
ZE-2026-189.16|V15.3|A|L01FX08|1||||5450.0||mg|IV||||23998.98
ZE-2026-190.01|V15.3|A|L01AD01|1||||50.0|150.0|mg|IV||||0.0
ZE-2026-190.02|V15.3|A|L01AD01|1||||150.0|250.0|mg|IV||||0.0
ZE-2026-190.03|V15.3|A|L01AD01|1||||250.0|350.0|mg|IV||||0.0
ZE-2026-190.04|V15.3|A|L01AD01|1||||350.0|450.0|mg|IV||||0.0
ZE-2026-190.05|V15.3|A|L01AD01|1||||450.0|550.0|mg|IV||||0.0
ZE-2026-190.06|V15.3|A|L01AD01|1||||550.0|650.0|mg|IV||||0.0
ZE-2026-190.07|V15.3|A|L01AD01|1||||650.0|850.0|mg|IV||||0.0
ZE-2026-190.08|V15.3|A|L01AD01|1||||850.0|1050.0|mg|IV||||0.0
ZE-2026-190.09|V15.3|A|L01AD01|1||||1050.0|1250.0|mg|IV||||0.0
ZE-2026-190.10|V15.3|A|L01AD01|1||||1250.0|1450.0|mg|IV||||0.0
ZE-2026-190.11|V15.3|A|L01AD01|1||||1450.0|1650.0|mg|IV||||0.0
ZE-2026-190.12|V15.3|A|L01AD01|1||||1650.0|1850.0|mg|IV||||0.0
ZE-2026-190.13|V15.3|A|L01AD01|1||||1850.0|2150.0|mg|IV||||0.0
ZE-2026-190.14|V15.3|A|L01AD01|1||||2150.0|2450.0|mg|IV||||0.0
ZE-2026-190.15|V15.3|A|L01AD01|1||||2450.0|2750.0|mg|IV||||0.0
ZE-2026-190.16|V15.3|A|L01AD01|1||||2750.0|3050.0|mg|IV||||0.0
ZE-2026-190.17|V15.3|A|L01AD01|1||||3050.0|3350.0|mg|IV||||0.0
ZE-2026-190.18|V15.3|A|L01AD01|1||||3350.0|3650.0|mg|IV||||0.0
ZE-2026-190.19|V15.3|A|L01AD01|1||||3650.0|3950.0|mg|IV||||0.0
ZE-2026-190.20|V15.3|A|L01AD01|1||||3950.0||mg|IV||||0.0
ZE-2026-191.01|V15.3|A|S01XA27|1||||1.0|1.0|AN|SR||||0.0
ZE-2026-191.02|V15.3|A|S01XA27|1||||2.0|2.0|AN|SR||||0.0
ZE-2026-197.01|V15.3|C|00.4G.71|0|||39.99.31,39.99.32||||||||162.85
ZE-2026-197.02|V15.3|C|00.4G.72|0|||39.99.31,39.99.32||||||||325.71
ZE-2026-197.03|V15.3|C|00.4G.73|0|||39.99.31,39.99.32||||||||488.56
ZE-2026-197.04|V15.3|C|00.4G.74|0|||39.99.31,39.99.32||||||||651.41
ZE-2026-198.01|V15.3|A|L01FC01|1||||900.0|2700.0|mg|SC||||4912.97
ZE-2026-198.02|V15.3|A|L01FC01|1||||2700.0|4500.0|mg|SC||||9825.95
ZE-2026-198.03|V15.3|A|L01FC01|1||||4500.0|6300.0|mg|SC||||14738.92
ZE-2026-198.04|V15.3|A|L01FC01|1||||6300.0|8100.0|mg|SC||||19651.9
ZE-2026-198.05|V15.3|A|L01FC01|1||||8100.0|9900.0|mg|SC||||24564.87
ZE-2026-198.07|V15.3|A|L01FC01|1||||9900.0|11700.0|mg|SC||||29477.84
ZE-2026-198.08|V15.3|A|L01FC01|1||||11700.0|13500.0|mg|SC||||34390.82
ZE-2026-198.10|V15.3|A|L01FC01|1||||13500.0|15300.0|mg|SC||||39303.79
ZE-2026-198.11|V15.3|A|L01FC01|1||||15300.0|17100.0|mg|SC||||44216.77
ZE-2026-198.12|V15.3|A|L01FC01|1||||17100.0||mg|SC||||49129.74
ZE-2026-199.01|V15.3|A|L01FY01|1||||300.0|900.0|mg|SC||||3286.12
ZE-2026-199.02|V15.3|A|L01FY01|1||||900.0|1500.0|mg|SC||||6572.24
ZE-2026-199.03|V15.3|A|L01FY01|1||||1500.0|2100.0|mg|SC||||9858.37
ZE-2026-199.04|V15.3|A|L01FY01|1||||2100.0|2700.0|mg|SC||||13144.49
ZE-2026-199.05|V15.3|A|L01FY01|1||||2700.0||mg|SC||||16430.61
ZE-2026-200.01|V15.3|A|M09AX10|1||||2.0|30.0|mg|O||||6530.83
ZE-2026-200.02|V15.3|A|M09AX10|1||||30.0|90.0|mg|O||||8163.54
ZE-2026-200.03|V15.3|A|M09AX10|1||||90.0|150.0|mg|O||||16327.09
ZE-2026-200.04|V15.3|A|M09AX10|1||||150.0|210.0|mg|O||||24490.63
ZE-2026-200.05|V15.3|A|M09AX10|1||||210.0|270.0|mg|O||||32654.17
ZE-2026-200.06|V15.3|A|M09AX10|1||||270.0|330.0|mg|O||||40817.72
ZE-2026-200.07|V15.3|A|M09AX10|1||||330.0|390.0|mg|O||||48981.26
ZE-2026-200.08|V15.3|A|M09AX10|1||||390.0|450.0|mg|O||||57144.8
ZE-2026-200.09|V15.3|A|M09AX10|1||||450.0|510.0|mg|O||||65308.34
ZE-2026-200.10|V15.3|A|M09AX10|1||||510.0|570.0|mg|O||||73471.89
ZE-2026-200.11|V15.3|A|M09AX10|1||||570.0|630.0|mg|O||||81635.43
ZE-2026-200.12|V15.3|A|M09AX10|1||||630.0|690.0|mg|O||||89798.97
ZE-2026-200.13|V15.3|A|M09AX10|1||||690.0|750.0|mg|O||||97962.52
ZE-2026-200.14|V15.3|A|M09AX10|1||||750.0|810.0|mg|O||||106126.06
ZE-2026-200.15|V15.3|A|M09AX10|1||||810.0|870.0|mg|O||||114289.6
ZE-2026-200.16|V15.3|A|M09AX10|1||||870.0|930.0|mg|O||||122453.15
ZE-2026-200.17|V15.3|A|M09AX10|1||||930.0|990.0|mg|O||||130616.69
ZE-2026-200.18|V15.3|A|M09AX10|1||||990.0|1050.0|mg|O||||138780.23
ZE-2026-200.19|V15.3|A|M09AX10|1||||1050.0|1110.0|mg|O||||146943.77
ZE-2026-200.20|V15.3|A|M09AX10|1||||1110.0|1170.0|mg|O||||155107.32
ZE-2026-200.21|V15.3|A|M09AX10|1||||1170.0|1230.0|mg|O||||163270.86
ZE-2026-200.22|V15.3|A|M09AX10|1||||1230.0|1290.0|mg|O||||171434.4
ZE-2026-200.23|V15.3|A|M09AX10|1||||1290.0|1350.0|mg|O||||179597.95
ZE-2026-200.24|V15.3|A|M09AX10|1||||1350.0|1410.0|mg|O||||187761.49
ZE-2026-200.25|V15.3|A|M09AX10|1||||1410.0|1470.0|mg|O||||195925.03
ZE-2026-200.26|V15.3|A|M09AX10|1||||1470.0|1530.0|mg|O||||204088.58
ZE-2026-200.27|V15.3|A|M09AX10|1||||1530.0|1590.0|mg|O||||212252.12
ZE-2026-200.28|V15.3|A|M09AX10|1||||1590.0|1650.0|mg|O||||220415.66
ZE-2026-200.29|V15.3|A|M09AX10|1||||1650.0|1710.0|mg|O||||228579.2
ZE-2026-200.30|V15.3|A|M09AX10|1||||1710.0|1770.0|mg|O||||236742.75
ZE-2026-200.31|V15.3|A|M09AX10|1||||1770.0|1830.0|mg|O||||244906.29
ZE-2026-200.32|V15.3|A|M09AX10|1||||1830.0|1890.0|mg|O||||253069.83
ZE-2026-200.33|V15.3|A|M09AX10|1||||1890.0|1950.0|mg|O||||261233.38
ZE-2026-200.34|V15.3|A|M09AX10|1||||1950.0||mg|O||||269396.92
ZE-2026-203.01|V15.3|A|B02BX05|1||||200.0|300.0|mg|O||||365.67
ZE-2026-203.02|V15.3|A|B02BX05|1||||300.0|400.0|mg|O||||511.94
ZE-2026-203.03|V15.3|A|B02BX05|1||||400.0|500.0|mg|O||||658.21
ZE-2026-203.04|V15.3|A|B02BX05|1||||500.0|600.0|mg|O||||804.47
ZE-2026-203.05|V15.3|A|B02BX05|1||||600.0|800.0|mg|O||||1023.88
ZE-2026-203.06|V15.3|A|B02BX05|1||||800.0|1000.0|mg|O||||1316.41
ZE-2026-203.07|V15.3|A|B02BX05|1||||1000.0|1200.0|mg|O||||1608.95
ZE-2026-203.08|V15.3|A|B02BX05|1||||1200.0|1400.0|mg|O||||1901.48
ZE-2026-203.09|V15.3|A|B02BX05|1||||1400.0|1800.0|mg|O||||2340.29
ZE-2026-203.10|V15.3|A|B02BX05|1||||1800.0|2200.0|mg|O||||2925.36
ZE-2026-203.11|V15.3|A|B02BX05|1||||2200.0|2600.0|mg|O||||3510.43
ZE-2026-203.12|V15.3|A|B02BX05|1||||2600.0|3000.0|mg|O||||4095.5
ZE-2026-203.13|V15.3|A|B02BX05|1||||3000.0|3800.0|mg|O||||4973.11
ZE-2026-203.14|V15.3|A|B02BX05|1||||3800.0|4600.0|mg|O||||6143.26
ZE-2026-203.15|V15.3|A|B02BX05|1||||4600.0|5400.0|mg|O||||7313.4
ZE-2026-203.16|V15.3|A|B02BX05|1||||5400.0|6200.0|mg|O||||8483.54
ZE-2026-203.17|V15.3|A|B02BX05|1||||6200.0|7000.0|mg|O||||9653.69
ZE-2026-203.18|V15.3|A|B02BX05|1||||7000.0|8500.0|mg|O||||11335.77
ZE-2026-203.19|V15.3|A|B02BX05|1||||8500.0|10000.0|mg|O||||13529.79
ZE-2026-203.20|V15.3|A|B02BX05|1||||10000.0|11500.0|mg|O||||15723.81
ZE-2026-203.21|V15.3|A|B02BX05|1||||11500.0|13000.0|mg|O||||17917.83
ZE-2026-203.22|V15.3|A|B02BX05|1||||13000.0||mg|O||||20111.85
ZE-2026-204.29|V15.3|A|J05AX18|1||||480.0|780.0|mg|IV,O|||18|420.58
ZE-2026-204.30|V15.3|A|J05AX18|1||||780.0|1180.0|mg|IV,O||||654.24
ZE-2026-204.31|V15.3|A|J05AX18|1||||1180.0|1320.0|mg|IV,O||||834.49
ZE-2026-204.32|V15.3|A|J05AX18|1||||1320.0|1560.0|mg|IV,O||||961.33
ZE-2026-204.33|V15.3|A|J05AX18|1||||1560.0|1700.0|mg|IV,O||||1088.17
ZE-2026-204.34|V15.3|A|J05AX18|1||||1700.0|2160.0|mg|IV,O||||1288.45
ZE-2026-204.35|V15.3|A|J05AX18|1||||2160.0|2640.0|mg|IV,O||||1602.22
ZE-2026-204.36|V15.3|A|J05AX18|1||||2640.0|3120.0|mg|IV,O||||1922.66
ZE-2026-204.37|V15.3|A|J05AX18|1||||3120.0|4080.0|mg|IV,O||||2403.32
ZE-2026-204.38|V15.3|A|J05AX18|1||||4080.0|5040.0|mg|IV,O||||3044.21
ZE-2026-204.39|V15.3|A|J05AX18|1||||5040.0|6000.0|mg|IV,O||||3685.1
ZE-2026-204.40|V15.3|A|J05AX18|1||||6000.0|6960.0|mg|IV,O||||4325.98
ZE-2026-204.41|V15.3|A|J05AX18|1||||6960.0|8880.0|mg|IV,O||||5287.31
ZE-2026-204.42|V15.3|A|J05AX18|1||||8880.0|10800.0|mg|IV,O||||6569.09
ZE-2026-204.43|V15.3|A|J05AX18|1||||10800.0|12720.0|mg|IV,O||||7850.86
ZE-2026-204.44|V15.3|A|J05AX18|1||||12720.0|14640.0|mg|IV,O||||9132.63
ZE-2026-204.45|V15.3|A|J05AX18|1||||14640.0|18480.0|mg|IV,O||||11055.29
ZE-2026-204.46|V15.3|A|J05AX18|1||||18480.0|22320.0|mg|IV,O||||13618.84
ZE-2026-204.47|V15.3|A|J05AX18|1||||22320.0|26160.0|mg|IV,O||||16182.38
ZE-2026-204.48|V15.3|A|J05AX18|1||||26160.0|30000.0|mg|IV,O||||18745.93
ZE-2026-204.49|V15.3|A|J05AX18|1||||30000.0|37680.0|mg|IV,O||||22591.25
ZE-2026-204.50|V15.3|A|J05AX18|1||||37680.0|45360.0|mg|IV,O||||27718.34
ZE-2026-204.51|V15.3|A|J05AX18|1||||45360.0|53040.0|mg|IV,O||||32845.43
ZE-2026-204.52|V15.3|A|J05AX18|1||||53040.0|60720.0|mg|IV,O||||37972.52
ZE-2026-204.53|V15.3|A|J05AX18|1||||60720.0|70800.0|mg|IV,O||||43900.72
ZE-2026-204.54|V15.3|A|J05AX18|1||||70800.0|80880.0|mg|IV,O||||50630.03
ZE-2026-204.55|V15.3|A|J05AX18|1||||80880.0|90960.0|mg|IV,O||||57359.33
ZE-2026-204.56|V15.3|A|J05AX18|1||||90960.0||mg|IV,O||||64088.64
ZE-2026-205.00|V15.3|A|L01EB04|1||||200.0|280.0|mg|O||||514.28
ZE-2026-205.01|V15.3|A|L01EB04|1||||280.0|360.0|mg|O||||685.71
ZE-2026-205.02|V15.3|A|L01EB04|1||||360.0|440.0|mg|O||||857.14
ZE-2026-205.03|V15.3|A|L01EB04|1||||440.0|520.0|mg|O||||1028.56
ZE-2026-205.04|V15.3|A|L01EB04|1||||520.0|600.0|mg|O||||1199.99
ZE-2026-205.05|V15.3|A|L01EB04|1||||600.0|760.0|mg|O||||1457.13
ZE-2026-205.06|V15.3|A|L01EB04|1||||760.0|920.0|mg|O||||1799.99
ZE-2026-205.07|V15.3|A|L01EB04|1||||920.0|1080.0|mg|O||||2142.84
ZE-2026-205.08|V15.3|A|L01EB04|1||||1080.0|1240.0|mg|O||||2485.69
ZE-2026-205.09|V15.3|A|L01EB04|1||||1240.0|1480.0|mg|O||||2914.26
ZE-2026-205.10|V15.3|A|L01EB04|1||||1480.0|1720.0|mg|O||||3428.54
ZE-2026-205.11|V15.3|A|L01EB04|1||||1720.0|1960.0|mg|O||||3942.83
ZE-2026-205.12|V15.3|A|L01EB04|1||||1960.0|2200.0|mg|O||||4457.11
ZE-2026-205.13|V15.3|A|L01EB04|1||||2200.0|2520.0|mg|O||||5057.1
ZE-2026-205.14|V15.3|A|L01EB04|1||||2520.0|2840.0|mg|O||||5742.81
ZE-2026-205.15|V15.3|A|L01EB04|1||||2840.0|3160.0|mg|O||||6428.52
ZE-2026-205.16|V15.3|A|L01EB04|1||||3160.0|3800.0|mg|O||||7457.08
ZE-2026-205.17|V15.3|A|L01EB04|1||||3800.0|4440.0|mg|O||||8828.5
ZE-2026-205.18|V15.3|A|L01EB04|1||||4440.0|5080.0|mg|O||||10199.92
ZE-2026-205.19|V15.3|A|L01EB04|1||||5080.0|5720.0|mg|O||||11571.34
ZE-2026-205.20|V15.3|A|L01EB04|1||||5720.0|6360.0|mg|O||||12942.75
ZE-2026-205.21|V15.3|A|L01EB04|1||||6360.0||mg|O||||14314.17
ZE-2026-206.01|V15.3|A|L04AJ02|1||||150.0|450.0|mg|IV|||6|4140.53
ZE-2026-206.02|V15.3|A|L04AJ02|1||||450.0|750.0|mg|IV|||12|8281.07
ZE-2026-206.03|V15.3|A|L04AJ02|1||||750.0|1050.0|mg|IV|||16|12421.6
ZE-2026-206.04|V15.3|A|L04AJ02|1||||1050.0|1350.0|mg|IV||||16562.14
ZE-2026-206.05|V15.3|A|L04AJ02|1||||1350.0|1650.0|mg|IV||||20702.67
ZE-2026-206.06|V15.3|A|L04AJ02|1||||1650.0|1950.0|mg|IV||||24843.2
ZE-2026-206.07|V15.3|A|L04AJ02|1||||1950.0|2250.0|mg|IV||||28983.74
ZE-2026-206.08|V15.3|A|L04AJ02|1||||2250.0|2550.0|mg|IV||||33124.27
ZE-2026-206.09|V15.3|A|L04AJ02|1||||2550.0|2850.0|mg|IV||||37264.81
ZE-2026-206.10|V15.3|A|L04AJ02|1||||2850.0|3150.0|mg|IV||||41405.34
ZE-2026-206.11|V15.3|A|L04AJ02|1||||3150.0|3450.0|mg|IV||||45545.87
ZE-2026-206.12|V15.3|A|L04AJ02|1||||3450.0|3750.0|mg|IV||||49686.41
ZE-2026-206.13|V15.3|A|L04AJ02|1||||3750.0|4050.0|mg|IV||||53826.94
ZE-2026-206.14|V15.3|A|L04AJ02|1||||4050.0|4550.0|mg|IV||||59347.65
ZE-2026-206.15|V15.3|A|L04AJ02|1||||4550.0|5100.0|mg|IV||||66593.59
ZE-2026-206.16|V15.3|A|L04AJ02|1||||5100.0|5700.0|mg|IV||||74529.61
ZE-2026-206.17|V15.3|A|L04AJ02|1||||5700.0|6300.0|mg|IV||||82810.68
ZE-2026-206.18|V15.3|A|L04AJ02|1||||6300.0|6900.0|mg|IV||||91091.75
ZE-2026-206.19|V15.3|A|L04AJ02|1||||6900.0|7500.0|mg|IV||||99372.82
ZE-2026-206.20|V15.3|A|L04AJ02|1||||7500.0|8100.0|mg|IV||||107653.88
ZE-2026-206.21|V15.3|A|L04AJ02|1||||8100.0|8700.0|mg|IV||||115934.95
ZE-2026-206.22|V15.3|A|L04AJ02|1||||8700.0|9600.0|mg|IV||||126286.29
ZE-2026-206.23|V15.3|A|L04AJ02|1||||9600.0|10500.0|mg|IV||||138707.89
ZE-2026-206.24|V15.3|A|L04AJ02|1||||10500.0|14000.0|mg|IV||||169071.81
ZE-2026-206.25|V15.3|A|L04AJ02|1||||14000.0||mg|IV||||217378.04
ZE-2026-207.01|V15.3|A|B01AX07|1||||5.0|15.0|mg|IV,SC||||3777.35
ZE-2026-207.02|V15.3|A|B01AX07|1||||15.0|25.0|mg|IV,SC||||7554.7
ZE-2026-207.03|V15.3|A|B01AX07|1||||25.0|35.0|mg|IV,SC||||11332.06
ZE-2026-207.04|V15.3|A|B01AX07|1||||35.0|45.0|mg|IV,SC||||15109.41
ZE-2026-207.05|V15.3|A|B01AX07|1||||45.0|55.0|mg|IV,SC||||18886.76
ZE-2026-207.06|V15.3|A|B01AX07|1||||55.0|65.0|mg|IV,SC||||22664.11
ZE-2026-207.07|V15.3|A|B01AX07|1||||65.0|75.0|mg|IV,SC||||26441.47
ZE-2026-207.08|V15.3|A|B01AX07|1||||75.0|85.0|mg|IV,SC||||30218.82
ZE-2026-207.09|V15.3|A|B01AX07|1||||85.0|95.0|mg|IV,SC||||33996.17
ZE-2026-207.10|V15.3|A|B01AX07|1||||95.0|105.0|mg|IV,SC||||37773.52
ZE-2026-207.11|V15.3|A|B01AX07|1||||105.0|125.0|mg|IV,SC||||43439.55
ZE-2026-207.12|V15.3|A|B01AX07|1||||125.0|145.0|mg|IV,SC||||50994.26
ZE-2026-207.13|V15.3|A|B01AX07|1||||145.0|165.0|mg|IV,SC||||58548.96
ZE-2026-207.15|V15.3|A|B01AX07|1||||165.0|185.0|mg|IV,SC||||66103.67
ZE-2026-207.16|V15.3|A|B01AX07|1||||185.0|205.0|mg|IV,SC||||73658.37
ZE-2026-207.17|V15.3|A|B01AX07|1||||205.0|235.0|mg|IV,SC||||83101.75
ZE-2026-207.18|V15.3|A|B01AX07|1||||235.0|265.0|mg|IV,SC||||94433.81
ZE-2026-207.19|V15.3|A|B01AX07|1||||265.0||mg|IV,SC||||105765.86
ZE-2026-208.01|V15.3|A|B06AB01|1||||100.0|140.0|mg|IV||||0.0
ZE-2026-208.02|V15.3|A|B06AB01|1||||140.0|180.0|mg|IV||||0.0
ZE-2026-208.03|V15.3|A|B06AB01|1||||180.0|225.0|mg|IV||||0.0
ZE-2026-208.04|V15.3|A|B06AB01|1||||225.0|275.0|mg|IV||||0.0
ZE-2026-208.05|V15.3|A|B06AB01|1||||275.0|350.0|mg|IV||||0.0
ZE-2026-208.06|V15.3|A|B06AB01|1||||350.0|450.0|mg|IV||||0.0
ZE-2026-208.07|V15.3|A|B06AB01|1||||450.0|550.0|mg|IV||||0.0
ZE-2026-208.08|V15.3|A|B06AB01|1||||550.0|675.0|mg|IV||||0.0
ZE-2026-208.09|V15.3|A|B06AB01|1||||675.0|825.0|mg|IV||||0.0
ZE-2026-208.10|V15.3|A|B06AB01|1||||825.0|975.0|mg|IV||||0.0
ZE-2026-208.11|V15.3|A|B06AB01|1||||975.0|1125.0|mg|IV||||0.0
ZE-2026-208.12|V15.3|A|B06AB01|1||||1125.0|1325.0|mg|IV||||0.0
ZE-2026-208.13|V15.3|A|B06AB01|1||||1325.0|1525.0|mg|IV||||0.0
ZE-2026-208.14|V15.3|A|B06AB01|1||||1525.0|1725.0|mg|IV||||0.0
ZE-2026-208.16|V15.3|A|B06AB01|1||||1725.0|1925.0|mg|IV||||0.0
ZE-2026-208.17|V15.3|A|B06AB01|1||||1925.0|2200.0|mg|IV||||0.0
ZE-2026-208.18|V15.3|A|B06AB01|1||||2200.0|2500.0|mg|IV||||0.0
ZE-2026-208.19|V15.3|A|B06AB01|1||||2500.0||mg|IV||||0.0
ZE-2026-209.00|V15.3|A|L01AB02|1||||5000.0|7500.0|mg|IV|||2|689.38
ZE-2026-209.01|V15.3|A|L01AB02|1||||7500.0|12500.0|mg|IV||||1103.0
ZE-2026-209.02|V15.3|A|L01AB02|1||||12500.0|17500.0|mg|IV||||1654.5
ZE-2026-209.03|V15.3|A|L01AB02|1||||17500.0|22500.0|mg|IV||||2206.0
ZE-2026-209.04|V15.3|A|L01AB02|1||||22500.0|30000.0|mg|IV||||2895.38
ZE-2026-209.05|V15.3|A|L01AB02|1||||30000.0|37500.0|mg|IV||||3722.63
ZE-2026-209.06|V15.3|A|L01AB02|1||||37500.0|45000.0|mg|IV||||4549.88
ZE-2026-209.07|V15.3|A|L01AB02|1||||45000.0|55000.0|mg|IV||||5515.0
ZE-2026-209.08|V15.3|A|L01AB02|1||||55000.0|65000.0|mg|IV||||6618.0
ZE-2026-209.09|V15.3|A|L01AB02|1||||65000.0|75000.0|mg|IV||||7721.0
ZE-2026-209.10|V15.3|A|L01AB02|1||||75000.0|85000.0|mg|IV||||8824.0
ZE-2026-209.11|V15.3|A|L01AB02|1||||85000.0|95000.0|mg|IV||||9927.0
ZE-2026-209.12|V15.3|A|L01AB02|1||||95000.0|105000.0|mg|IV||||11030.0
ZE-2026-209.13|V15.3|A|L01AB02|1||||105000.0|125000.0|mg|IV||||12684.5
ZE-2026-209.14|V15.3|A|L01AB02|1||||125000.0|145000.0|mg|IV||||14890.5
ZE-2026-209.15|V15.3|A|L01AB02|1||||145000.0||mg|IV||||17096.5
ZE-2026-210.22|V15.3|A|L01FX06|1||||5.0|15.0|mg|IV|CQZ|||0.0
ZE-2026-210.23|V15.3|A|L01FX06|1||||15.0|20.0|mg|IV|CQZ|||0.0
ZE-2026-210.24|V15.3|A|L01FX06|1||||20.0|25.0|mg|IV|CQZ|||0.0
ZE-2026-210.25|V15.3|A|L01FX06|1||||25.0|35.0|mg|IV|CQZ|||0.0
ZE-2026-210.26|V15.3|A|L01FX06|1||||35.0|45.0|mg|IV|CQZ|||0.0
ZE-2026-210.27|V15.3|A|L01FX06|1||||45.0|55.0|mg|IV|CQZ|||0.0
ZE-2026-210.28|V15.3|A|L01FX06|1||||55.0|65.0|mg|IV|CQZ|||0.0
ZE-2026-210.29|V15.3|A|L01FX06|1||||65.0|75.0|mg|IV|CQZ|||0.0
ZE-2026-210.30|V15.3|A|L01FX06|1||||75.0|85.0|mg|IV|CQZ|||0.0
ZE-2026-210.31|V15.3|A|L01FX06|1||||85.0|95.0|mg|IV|CQZ|||0.0
ZE-2026-210.32|V15.3|A|L01FX06|1||||95.0|105.0|mg|IV|CQZ|||0.0
ZE-2026-210.33|V15.3|A|L01FX06|1||||105.0||mg|IV|CQZ|||0.0
ZE-2026-211.01|V15.3|A|L04AC08|1||||20.0|30.0|mg|SC|||6|1774.52
ZE-2026-211.02|V15.3|A|L04AC08|1||||30.0|40.0|mg|SC|||12|2484.33
ZE-2026-211.03|V15.3|A|L04AC08|1||||40.0|60.0|mg|SC||||3549.05
ZE-2026-211.04|V15.3|A|L04AC08|1||||60.0|90.0|mg|SC||||5323.57
ZE-2026-211.05|V15.3|A|L04AC08|1||||90.0|120.0|mg|SC||||7453.0
ZE-2026-211.06|V15.3|A|L04AC08|1||||120.0|180.0|mg|SC||||10647.14
ZE-2026-211.07|V15.3|A|L04AC08|1||||180.0|260.0|mg|SC||||15615.8
ZE-2026-211.08|V15.3|A|L04AC08|1||||260.0|340.0|mg|SC||||21294.28
ZE-2026-211.09|V15.3|A|L04AC08|1||||340.0|400.0|mg|SC||||26262.94
ZE-2026-211.10|V15.3|A|L04AC08|1||||400.0|500.0|mg|SC||||31941.42
ZE-2026-211.11|V15.3|A|L04AC08|1||||500.0|700.0|mg|SC||||42588.56
ZE-2026-211.12|V15.3|A|L04AC08|1||||700.0|900.0|mg|SC||||56784.74
ZE-2026-211.13|V15.3|A|L04AC08|1||||900.0||mg|SC||||70980.93
ZE-2026-212.01|V15.3|A|L01FF06|1||||175.0|525.0|mg|IV||||3579.81
ZE-2026-212.02|V15.3|A|L01FF06|1||||525.0|875.0|mg|IV||||7159.63
ZE-2026-212.03|V15.3|A|L01FF06|1||||875.0|1225.0|mg|IV||||10739.44
ZE-2026-212.04|V15.3|A|L01FF06|1||||1225.0||mg|IV||||14319.26
ZE-2026-213.01|V15.3|C|99.AA.14|0|||||||||||2356.72
ZE-2026-214.00|V15.3|A|B01AE03|1||||375.0|625.0|mg|IV||||0.0
ZE-2026-214.01|V15.3|A|B01AE03|1||||625.0|875.0|mg|IV||||0.0
ZE-2026-214.02|V15.3|A|B01AE03|1||||875.0|1125.0|mg|IV||||0.0
ZE-2026-214.03|V15.3|A|B01AE03|1||||1125.0|1375.0|mg|IV||||0.0
ZE-2026-214.04|V15.3|A|B01AE03|1||||1375.0|1875.0|mg|IV||||0.0
ZE-2026-214.05|V15.3|A|B01AE03|1||||1875.0|2375.0|mg|IV||||0.0
ZE-2026-214.06|V15.3|A|B01AE03|1||||2375.0|2875.0|mg|IV||||0.0
ZE-2026-214.07|V15.3|A|B01AE03|1||||2875.0|3375.0|mg|IV||||0.0
ZE-2026-214.08|V15.3|A|B01AE03|1||||3375.0|4375.0|mg|IV||||0.0
ZE-2026-214.09|V15.3|A|B01AE03|1||||4375.0|5375.0|mg|IV||||0.0
ZE-2026-214.10|V15.3|A|B01AE03|1||||5375.0|6375.0|mg|IV||||0.0
ZE-2026-214.11|V15.3|A|B01AE03|1||||6375.0|7500.0|mg|IV||||0.0
ZE-2026-214.12|V15.3|A|B01AE03|1||||7500.0|9000.0|mg|IV||||0.0
ZE-2026-214.13|V15.3|A|B01AE03|1||||9000.0|10500.0|mg|IV||||0.0
ZE-2026-214.14|V15.3|A|B01AE03|1||||10500.0|12000.0|mg|IV||||0.0
ZE-2026-214.15|V15.3|A|B01AE03|1||||12000.0|13500.0|mg|IV||||0.0
ZE-2026-214.16|V15.3|A|B01AE03|1||||13500.0|15000.0|mg|IV||||0.0
ZE-2026-214.18|V15.3|A|B01AE03|1||||15000.0|17500.0|mg|IV||||0.0
ZE-2026-214.19|V15.3|A|B01AE03|1||||17500.0|20000.0|mg|IV||||0.0
ZE-2026-214.20|V15.3|A|B01AE03|1||||20000.0|22500.0|mg|IV||||0.0
ZE-2026-214.21|V15.3|A|B01AE03|1||||22500.0|25000.0|mg|IV||||0.0
ZE-2026-214.22|V15.3|A|B01AE03|1||||25000.0||mg|IV||||0.0
ZE-2026-215.01|V15.3|C|38.45.14|0|||||||||||18608.02
ZE-2026-217.10|V15.3|A|L01FX24|1||||20.0|40.0|mg|SC||||875.02
ZE-2026-217.11|V15.3|A|L01FX24|1||||40.0|80.0|mg|SC||||1750.05
ZE-2026-217.12|V15.3|A|L01FX24|1||||80.0|100.0|mg|SC||||2625.07
ZE-2026-217.13|V15.3|A|L01FX24|1||||100.0|128.0|mg|SC||||3325.09
ZE-2026-217.14|V15.3|A|L01FX24|1||||128.0|178.0|mg|SC||||4462.62
ZE-2026-217.15|V15.3|A|L01FX24|1||||178.0|235.0|mg|SC||||6023.08
ZE-2026-217.16|V15.3|A|L01FX24|1||||235.0|300.0|mg|SC||||7802.3
ZE-2026-217.17|V15.3|A|L01FX24|1||||300.0|360.0|mg|SC||||9625.27
ZE-2026-217.18|V15.3|A|L01FX24|1||||360.0|420.0|mg|SC||||11375.31
ZE-2026-217.19|V15.3|A|L01FX24|1||||420.0|540.0|mg|SC||||14000.39
ZE-2026-217.20|V15.3|A|L01FX24|1||||540.0||mg|SC||||17500.48
ZE-2026-218.01|V15.3|C|54.98.11|0|L60,L71||||||||||195.85
ZE-2026-219.01|V15.3|C|00.9A.41|0|||||||||||8627.5
ZE-2026-220.01|V15.3|A|L01XX67|1||||1.2|1.8|mg|IV|||16|24998.75
ZE-2026-220.02|V15.3|A|L01XX67|1||||1.8|2.4|mg|IV||||34998.25
ZE-2026-220.03|V15.3|A|L01XX67|1||||2.4|3.0|mg|IV||||44997.74
ZE-2026-220.04|V15.3|A|L01XX67|1||||3.0|3.6|mg|IV||||54997.24
ZE-2026-220.05|V15.3|A|L01XX67|1||||3.6|4.2|mg|IV||||64996.74
ZE-2026-220.06|V15.3|A|L01XX67|1||||4.2|4.8|mg|IV||||74996.24
ZE-2026-220.07|V15.3|A|L01XX67|1||||4.8|5.4|mg|IV||||84995.74
ZE-2026-220.08|V15.3|A|L01XX67|1||||5.4||mg|IV||||94995.24
ZE-2026-221.01|V15.3|A|V03AB38|1||||150.0|250.0|mg|IV||||0.0
ZE-2026-221.02|V15.3|A|V03AB38|1||||250.0|350.0|mg|IV||||0.0
ZE-2026-221.03|V15.3|A|V03AB38|1||||350.0|450.0|mg|IV||||0.0
ZE-2026-221.04|V15.3|A|V03AB38|1||||450.0|550.0|mg|IV||||0.0
ZE-2026-221.05|V15.3|A|V03AB38|1||||550.0|650.0|mg|IV||||0.0
ZE-2026-221.06|V15.3|A|V03AB38|1||||650.0|850.0|mg|IV||||0.0
ZE-2026-221.07|V15.3|A|V03AB38|1||||850.0|1050.0|mg|IV||||0.0
ZE-2026-221.08|V15.3|A|V03AB38|1||||1050.0|1250.0|mg|IV||||0.0
ZE-2026-221.09|V15.3|A|V03AB38|1||||1250.0|1450.0|mg|IV||||0.0
ZE-2026-221.10|V15.3|A|V03AB38|1||||1450.0|1650.0|mg|IV||||0.0
ZE-2026-221.11|V15.3|A|V03AB38|1||||1650.0|2050.0|mg|IV||||0.0
ZE-2026-221.12|V15.3|A|V03AB38|1||||2050.0|2450.0|mg|IV||||0.0
ZE-2026-221.13|V15.3|A|V03AB38|1||||2450.0|2850.0|mg|IV||||0.0
ZE-2026-221.15|V15.3|A|V03AB38|1||||2850.0|3250.0|mg|IV||||0.0
ZE-2026-221.16|V15.3|A|V03AB38|1||||3250.0|3850.0|mg|IV||||0.0
ZE-2026-221.17|V15.3|A|V03AB38|1||||3850.0|4450.0|mg|IV||||0.0
ZE-2026-221.18|V15.3|A|V03AB38|1||||4450.0||mg|IV||||0.0
ZE-2026-222.16|V15.3|A|L01EA05|1||||60.0|100.0|mg|O|||16|411.08
ZE-2026-222.17|V15.3|A|L01EA05|1||||100.0|150.0|mg|O||||642.32
ZE-2026-222.18|V15.3|A|L01EA05|1||||150.0|250.0|mg|O||||1027.71
ZE-2026-222.19|V15.3|A|L01EA05|1||||250.0|400.0|mg|O||||1198.98
ZE-2026-222.20|V15.3|A|L01EA05|1||||400.0|550.0|mg|O||||1752.36
ZE-2026-222.21|V15.3|A|L01EA05|1||||550.0|700.0|mg|O||||2305.73
ZE-2026-222.22|V15.3|A|L01EA05|1||||700.0|1000.0|mg|O||||3135.79
ZE-2026-222.23|V15.3|A|L01EA05|1||||1000.0|1300.0|mg|O||||4242.55
ZE-2026-222.24|V15.3|A|L01EA05|1||||1300.0|1600.0|mg|O||||5349.3
ZE-2026-222.25|V15.3|A|L01EA05|1||||1600.0|2200.0|mg|O||||7009.42
ZE-2026-222.26|V15.3|A|L01EA05|1||||2200.0|2800.0|mg|O||||9222.93
ZE-2026-222.27|V15.3|A|L01EA05|1||||2800.0|3400.0|mg|O||||11436.43
ZE-2026-222.28|V15.3|A|L01EA05|1||||3400.0|4400.0|mg|O||||14387.76
ZE-2026-222.29|V15.3|A|L01EA05|1||||4400.0|5500.0|mg|O||||18261.39
ZE-2026-222.30|V15.3|A|L01EA05|1||||5500.0|6750.0|mg|O||||22596.17
ZE-2026-222.31|V15.3|A|L01EA05|1||||6750.0||mg|O||||27207.63
ZE-2026-223.00|V15.3|A|L01FF03|1||||200.0|400.0|mg|IV||||1307.14
ZE-2026-223.01|V15.3|A|L01FF03|1||||400.0|600.0|mg|IV||||2178.57
ZE-2026-223.02|V15.3|A|L01FF03|1||||600.0|800.0|mg|IV||||3049.99
ZE-2026-223.03|V15.3|A|L01FF03|1||||800.0|1000.0|mg|IV||||3921.42
ZE-2026-223.04|V15.3|A|L01FF03|1||||1000.0|1200.0|mg|IV||||4792.84
ZE-2026-223.05|V15.3|A|L01FF03|1||||1200.0|1400.0|mg|IV||||5664.27
ZE-2026-223.06|V15.3|A|L01FF03|1||||1400.0|1600.0|mg|IV||||6535.7
ZE-2026-223.07|V15.3|A|L01FF03|1||||1600.0|2000.0|mg|IV||||7842.83
ZE-2026-223.08|V15.3|A|L01FF03|1||||2000.0|2500.0|mg|IV||||9803.54
ZE-2026-223.09|V15.3|A|L01FF03|1||||2500.0|3000.0|mg|IV||||11982.11
ZE-2026-223.11|V15.3|A|L01FF03|1||||3000.0|3500.0|mg|IV||||14160.67
ZE-2026-223.12|V15.3|A|L01FF03|1||||3500.0|4000.0|mg|IV||||16339.24
ZE-2026-223.13|V15.3|A|L01FF03|1||||4000.0|4800.0|mg|IV||||19171.37
ZE-2026-223.14|V15.3|A|L01FF03|1||||4800.0|5600.0|mg|IV||||22657.08
ZE-2026-223.15|V15.3|A|L01FF03|1||||5600.0||mg|IV||||26142.78
ZE-2026-224.00|V15.3|A|R07AX32|1||||2.5|4.5|UD|O|CTK|||594.06
ZE-2026-224.01|V15.3|A|R07AX32|1||||4.5|7.5|UD|O|CTK|||1018.39
ZE-2026-224.02|V15.3|A|R07AX32|1||||7.5|10.5|UD|O|CTK|||1527.59
ZE-2026-224.03|V15.3|A|R07AX32|1||||10.5|13.5|UD|O|CTK|||2036.78
ZE-2026-224.04|V15.3|A|R07AX32|1||||13.5|16.5|UD|O|CTK|||2545.98
ZE-2026-224.05|V15.3|A|R07AX32|1||||16.5|19.5|UD|O|CTK|||3055.17
ZE-2026-224.06|V15.3|A|R07AX32|1||||19.5|28.5|UD|O|CTK|||4073.57
ZE-2026-224.07|V15.3|A|R07AX32|1||||28.5|37.5|UD|O|CTK|||5601.15
ZE-2026-224.08|V15.3|A|R07AX32|1||||37.5|46.5|UD|O|CTK|||7128.74
ZE-2026-224.09|V15.3|A|R07AX32|1||||46.5|61.5|UD|O|CTK|||9165.52
ZE-2026-224.10|V15.3|A|R07AX32|1||||61.5|76.5|UD|O|CTK|||11711.5
ZE-2026-224.11|V15.3|A|R07AX32|1||||76.5|91.5|UD|O|CTK|||14257.48
ZE-2026-224.12|V15.3|A|R07AX32|1||||91.5|110.0|UD|O|CTK|||17100.49
ZE-2026-224.13|V15.3|A|R07AX32|1||||110.0|131.0|UD|O|CTK|||20452.7
ZE-2026-224.14|V15.3|A|R07AX32|1||||131.0||UD|O|CTK|||24017.07
ZE-2026-225.00|V15.3|A|L01EP01|1||||2000.0|2800.0|mg|O||||564.62
ZE-2026-225.01|V15.3|A|L01EP01|1||||2800.0|5200.0|mg|O||||941.04
ZE-2026-225.02|V15.3|A|L01EP01|1||||5200.0|7600.0|mg|O||||1505.66
ZE-2026-225.03|V15.3|A|L01EP01|1||||7600.0|10000.0|mg|O||||2070.29
ZE-2026-225.04|V15.3|A|L01EP01|1||||10000.0|14000.0|mg|O||||2823.12
ZE-2026-225.05|V15.3|A|L01EP01|1||||14000.0|18000.0|mg|O||||3764.16
ZE-2026-225.06|V15.3|A|L01EP01|1||||18000.0|22000.0|mg|O||||4705.2
ZE-2026-225.07|V15.3|A|L01EP01|1||||22000.0|30000.0|mg|O||||6116.76
ZE-2026-225.08|V15.3|A|L01EP01|1||||30000.0|38000.0|mg|O||||7998.84
ZE-2026-225.09|V15.3|A|L01EP01|1||||38000.0|46000.0|mg|O||||9880.92
ZE-2026-225.10|V15.3|A|L01EP01|1||||46000.0||mg|O||||11763.0
ZE-2026-226.01|V15.3|A|L01EN02|1||||33.75|47.25|mg|O||||1460.75
ZE-2026-226.02|V15.3|A|L01EN02|1||||47.25|60.75|mg|O||||1947.66
ZE-2026-226.03|V15.3|A|L01EN02|1||||60.75|74.25|mg|O||||2434.58
ZE-2026-226.04|V15.3|A|L01EN02|1||||74.25|101.25|mg|O||||3164.95
ZE-2026-226.05|V15.3|A|L01EN02|1||||101.25|128.25|mg|O||||4138.78
ZE-2026-226.06|V15.3|A|L01EN02|1||||128.25|155.25|mg|O||||5112.61
ZE-2026-226.07|V15.3|A|L01EN02|1||||155.25|200.0|mg|O||||6406.54
ZE-2026-226.08|V15.3|A|L01EN02|1||||200.0|250.0|mg|O||||8115.26
ZE-2026-226.09|V15.3|A|L01EN02|1||||250.0||mg|O||||9918.65
ZE-2026-227.01|V15.3|A|L01XX75|1||||20.0|50.0|mcg|IV||||9411.5
ZE-2026-227.02|V15.3|A|L01XX75|1||||50.0|150.0|mcg|IV||||11764.37
ZE-2026-227.03|V15.3|A|L01XX75|1||||150.0|250.0|mcg|IV||||23528.74
ZE-2026-227.04|V15.3|A|L01XX75|1||||250.0|350.0|mcg|IV||||35293.12
ZE-2026-227.05|V15.3|A|L01XX75|1||||350.0||mcg|IV||||47057.49
ZE-2026-228.01|V15.3|C|03.9B.11|0|B22,B21||||||||||15135.58
ZE-2026-228.01|V15.3|C|03.9B.12|0|B22,B21||||||||||15135.58
ZE-2026-228.01|V15.3|C|03.9B.13|0|B22,B21||||||||||15135.58
ZE-2026-228.01|V15.3|C|03.9B.19|0|B22,B21||||||||||15135.58
ZE-2026-229.01|V15.3|A|B02BX06|1||||30.0|60.0|mg|SC||||2831.51
ZE-2026-229.02|V15.3|A|B02BX06|1||||60.0|90.0|mg|SC||||4719.18
ZE-2026-229.03|V15.3|A|B02BX06|1||||90.0|120.0|mg|SC||||6606.86
ZE-2026-229.04|V15.3|A|B02BX06|1||||120.0|150.0|mg|SC||||8494.53
ZE-2026-229.05|V15.3|A|B02BX06|1||||150.0|200.0|mg|SC||||11011.43
ZE-2026-229.06|V15.3|A|B02BX06|1||||200.0|250.0|mg|SC||||14157.55
ZE-2026-229.07|V15.3|A|B02BX06|1||||250.0|300.0|mg|SC||||17303.67
ZE-2026-229.08|V15.3|A|B02BX06|1||||300.0|350.0|mg|SC||||20449.8
ZE-2026-229.09|V15.3|A|B02BX06|1||||350.0|450.0|mg|SC||||25168.98
ZE-2026-229.10|V15.3|A|B02BX06|1||||450.0|550.0|mg|SC||||31461.23
ZE-2026-229.11|V15.3|A|B02BX06|1||||550.0|650.0|mg|SC||||37753.47
ZE-2026-229.12|V15.3|A|B02BX06|1||||650.0|750.0|mg|SC||||44045.72
ZE-2026-229.14|V15.3|A|B02BX06|1||||750.0|850.0|mg|SC||||50337.96
ZE-2026-229.15|V15.3|A|B02BX06|1||||850.0|1000.0|mg|SC||||58203.27
ZE-2026-229.16|V15.3|A|B02BX06|1||||1000.0|1200.0|mg|SC||||69214.7
ZE-2026-229.17|V15.3|A|B02BX06|1||||1200.0|1400.0|mg|SC||||81799.19
ZE-2026-229.18|V15.3|A|B02BX06|1||||1400.0|1600.0|mg|SC||||94383.68
ZE-2026-229.19|V15.3|A|B02BX06|1||||1600.0|1800.0|mg|SC||||106968.17
ZE-2026-229.20|V15.3|A|B02BX06|1||||1800.0|2000.0|mg|SC||||119552.66
ZE-2026-229.21|V15.3|A|B02BX06|1||||2000.0||mg|SC||||132137.15
ZE-2026-230.01|V15.3|A|J06BC03|1||||200.0|300.0|mg|IV||||0.0
ZE-2026-230.02|V15.3|A|J06BC03|1||||300.0|400.0|mg|IV||||0.0
ZE-2026-230.03|V15.3|A|J06BC03|1||||400.0|500.0|mg|IV||||0.0
ZE-2026-230.04|V15.3|A|J06BC03|1||||500.0|700.0|mg|IV||||0.0
ZE-2026-230.05|V15.3|A|J06BC03|1||||700.0|900.0|mg|IV||||0.0
ZE-2026-230.06|V15.3|A|J06BC03|1||||900.0|1100.0|mg|IV||||0.0
ZE-2026-230.07|V15.3|A|J06BC03|1||||1100.0|1300.0|mg|IV||||0.0
ZE-2026-230.09|V15.3|A|J06BC03|1||||1300.0|1500.0|mg|IV||||0.0
ZE-2026-230.10|V15.3|A|J06BC03|1||||1500.0||mg|IV||||0.0
ZE-2026-231.01|V15.3|A|V03AB37|1||||2.0|3.0|g|IV||||0.0
ZE-2026-231.02|V15.3|A|V03AB37|1||||3.0|4.0|g|IV||||0.0
ZE-2026-231.03|V15.3|A|V03AB37|1||||4.0|6.0|g|IV||||0.0
ZE-2026-231.04|V15.3|A|V03AB37|1||||6.0|8.0|g|IV||||0.0
ZE-2026-231.05|V15.3|A|V03AB37|1||||8.0|12.0|g|IV||||0.0
ZE-2026-231.06|V15.3|A|V03AB37|1||||12.0|16.0|g|IV||||0.0
ZE-2026-231.07|V15.3|A|V03AB37|1||||16.0||g|IV||||0.0
ZE-2026-232.01|V15.3|A|N07XX08|1||||91.5|152.5|mg|O||||644.48
ZE-2026-232.02|V15.3|A|N07XX08|1||||152.5|213.5|mg|O||||966.72
ZE-2026-232.03|V15.3|A|N07XX08|1||||213.5|274.5|mg|O||||1288.97
ZE-2026-232.04|V15.3|A|N07XX08|1||||274.5|457.5|mg|O||||1933.45
ZE-2026-232.05|V15.3|A|N07XX08|1||||457.5|640.5|mg|O||||2900.17
ZE-2026-232.06|V15.3|A|N07XX08|1||||640.5|823.5|mg|O||||3866.9
ZE-2026-232.07|V15.3|A|N07XX08|1||||823.5|1067.5|mg|O||||4994.75
ZE-2026-232.08|V15.3|A|N07XX08|1||||1067.5|1372.5|mg|O||||6444.83
ZE-2026-232.09|V15.3|A|N07XX08|1||||1372.5|1677.5|mg|O||||8056.04
ZE-2026-232.10|V15.3|A|N07XX08|1||||1677.5|1982.5|mg|O||||9667.25
ZE-2026-232.11|V15.3|A|N07XX08|1||||1982.5|2409.5|mg|O||||11600.7
ZE-2026-232.12|V15.3|A|N07XX08|1||||2409.5|2836.5|mg|O||||13856.39
ZE-2026-232.13|V15.3|A|N07XX08|1||||2836.5|3324.5|mg|O||||16273.2
ZE-2026-232.14|V15.3|A|N07XX08|1||||3324.5|3995.5|mg|O||||19334.5
ZE-2026-232.15|V15.3|A|N07XX08|1||||3995.5|4666.5|mg|O||||22879.16
ZE-2026-232.17|V15.3|A|N07XX08|1||||4666.5|5337.5|mg|O||||26423.82
ZE-2026-232.18|V15.3|A|N07XX08|1||||5337.5|6008.5|mg|O||||29968.47
ZE-2026-232.19|V15.3|A|N07XX08|1||||6008.5||mg|O||||33513.13
ZE-2026-233.01|V15.3|A|L01FX25|1||||15.0|45.0|mg|IV||||7162.81
ZE-2026-233.02|V15.3|A|L01FX25|1||||45.0|75.0|mg|IV||||14325.63
ZE-2026-233.03|V15.3|A|L01FX25|1||||75.0|105.0|mg|IV||||21488.44
ZE-2026-233.04|V15.3|A|L01FX25|1||||105.0|135.0|mg|IV||||28651.26
ZE-2026-233.05|V15.3|A|L01FX25|1||||135.0|165.0|mg|IV||||35814.07
ZE-2026-233.06|V15.3|A|L01FX25|1||||165.0||mg|IV||||42976.88
ZE-2026-234.01|V15.3|A|L01FX28|1||||2.0|3.0|mg|IV||||0.0
ZE-2026-234.02|V15.3|A|L01FX28|1||||3.0|5.0|mg|IV||||0.0
ZE-2026-234.03|V15.3|A|L01FX28|1||||5.0|7.0|mg|IV||||0.0
ZE-2026-234.04|V15.3|A|L01FX28|1||||7.0|9.0|mg|IV||||0.0
ZE-2026-234.05|V15.3|A|L01FX28|1||||9.0|11.0|mg|IV||||0.0
ZE-2026-234.06|V15.3|A|L01FX28|1||||11.0|14.0|mg|IV||||0.0
ZE-2026-234.07|V15.3|A|L01FX28|1||||14.0|17.0|mg|IV||||0.0
ZE-2026-234.08|V15.3|A|L01FX28|1||||17.0|25.0|mg|IV||||0.0
ZE-2026-234.09|V15.3|A|L01FX28|1||||25.0|35.0|mg|IV||||0.0
ZE-2026-234.10|V15.3|A|L01FX28|1||||35.0|45.0|mg|IV||||0.0
ZE-2026-234.11|V15.3|A|L01FX28|1||||45.0|55.0|mg|IV||||0.0
ZE-2026-234.12|V15.3|A|L01FX28|1||||55.0|65.0|mg|IV||||0.0
ZE-2026-234.13|V15.3|A|L01FX28|1||||65.0|80.0|mg|IV||||0.0
ZE-2026-234.14|V15.3|A|L01FX28|1||||80.0|100.0|mg|IV||||0.0
ZE-2026-234.15|V15.3|A|L01FX28|1||||100.0||mg|IV||||0.0
ZE-2026-235.01|V15.3|A|L04AA41|1||||1.0|12.0|mg|IV||||141380.8
ZE-2026-235.02|V15.3|A|L04AA41|1||||12.0|23.0|mg|IV||||282761.6
ZE-2026-235.03|V15.3|A|L04AA41|1||||23.0|34.0|mg|IV||||282761.6
ZE-2026-235.04|V15.3|A|L04AA41|1||||34.0||mg|IV||||282761.6
ZE-2026-236.01|V15.3|A|M09AX15|1||||1.0|1.0|AN|IV||||0.0
ZE-2026-237.12|V15.3|A|L01EX13|1||||100.0|140.0|mg|O||||551.95
ZE-2026-237.13|V15.3|A|L01EX13|1||||140.0|180.0|mg|O||||735.93
ZE-2026-237.14|V15.3|A|L01EX13|1||||180.0|300.0|mg|O||||1103.9
ZE-2026-237.15|V15.3|A|L01EX13|1||||300.0|420.0|mg|O||||1655.85
ZE-2026-237.16|V15.3|A|L01EX13|1||||420.0|540.0|mg|O||||2207.8
ZE-2026-237.17|V15.3|A|L01EX13|1||||540.0|660.0|mg|O||||2759.75
ZE-2026-237.18|V15.3|A|L01EX13|1||||660.0|1020.0|mg|O||||3863.65
ZE-2026-237.19|V15.3|A|L01EX13|1||||1020.0|1380.0|mg|O||||5519.5
ZE-2026-237.20|V15.3|A|L01EX13|1||||1380.0|1740.0|mg|O||||7175.34
ZE-2026-237.21|V15.3|A|L01EX13|1||||1740.0|2100.0|mg|O||||8831.19
ZE-2026-237.22|V15.3|A|L01EX13|1||||2100.0|2460.0|mg|O||||10487.04
ZE-2026-237.23|V15.3|A|L01EX13|1||||2460.0|3060.0|mg|O||||12694.84
ZE-2026-237.24|V15.3|A|L01EX13|1||||3060.0|3660.0|mg|O||||15454.59
ZE-2026-237.25|V15.3|A|L01EX13|1||||3660.0|4400.0|mg|O||||18536.31
ZE-2026-237.26|V15.3|A|L01EX13|1||||4400.0|5200.0|mg|O||||22077.98
ZE-2026-237.27|V15.3|A|L01EX13|1||||5200.0|6000.0|mg|O||||25757.65
ZE-2026-237.28|V15.3|A|L01EX13|1||||6000.0||mg|O||||29437.31
ZE-2026-238.01|V15.3|A|L01FX14|1||||20.0|40.0|mg|IV||||2026.07
ZE-2026-238.02|V15.3|A|L01FX14|1||||40.0|60.0|mg|IV||||3376.79
ZE-2026-238.03|V15.3|A|L01FX14|1||||60.0|80.0|mg|IV||||4727.5
ZE-2026-238.04|V15.3|A|L01FX14|1||||80.0|100.0|mg|IV||||6078.22
ZE-2026-238.05|V15.3|A|L01FX14|1||||100.0|120.0|mg|IV||||7428.93
ZE-2026-238.06|V15.3|A|L01FX14|1||||120.0|160.0|mg|IV||||9455.01
ZE-2026-238.07|V15.3|A|L01FX14|1||||160.0|200.0|mg|IV||||12156.44
ZE-2026-238.09|V15.3|A|L01FX14|1||||200.0|240.0|mg|IV||||14857.87
ZE-2026-238.10|V15.3|A|L01FX14|1||||240.0|300.0|mg|IV||||18234.66
ZE-2026-238.11|V15.3|A|L01FX14|1||||300.0|360.0|mg|IV||||22286.8
ZE-2026-238.12|V15.3|A|L01FX14|1||||360.0|420.0|mg|IV||||26338.95
ZE-2026-238.13|V15.3|A|L01FX14|1||||420.0|480.0|mg|IV||||30391.09
ZE-2026-238.14|V15.3|A|L01FX14|1||||480.0||mg|IV||||34443.24
ZE-2026-239.01|V15.3|A|L01FX29|1||||5.0|10.0|mg|SC||||913.52
ZE-2026-239.02|V15.3|A|L01FX29|1||||10.0|15.0|mg|SC||||1522.54
ZE-2026-239.03|V15.3|A|L01FX29|1||||15.0|25.0|mg|SC||||2436.07
ZE-2026-239.04|V15.3|A|L01FX29|1||||25.0|35.0|mg|SC||||3654.1
ZE-2026-239.05|V15.3|A|L01FX29|1||||35.0|45.0|mg|SC||||4872.13
ZE-2026-239.06|V15.3|A|L01FX29|1||||45.0|60.0|mg|SC||||6394.67
ZE-2026-239.07|V15.3|A|L01FX29|1||||60.0|75.0|mg|SC||||8221.72
ZE-2026-239.08|V15.3|A|L01FX29|1||||75.0|90.0|mg|SC||||10048.77
ZE-2026-239.09|V15.3|A|L01FX29|1||||90.0|110.0|mg|SC||||12180.33
ZE-2026-239.10|V15.3|A|L01FX29|1||||110.0|130.0|mg|SC||||14616.4
ZE-2026-239.11|V15.3|A|L01FX29|1||||130.0||mg|SC||||17052.46
ZE-2026-240.01|V15.3|A|J06BD08|1||||25.0|75.0|mg|IM|||2|359.1
ZE-2026-240.02|V15.3|A|J06BD08|1||||75.0|125.0|mg|IM|||2|359.1
ZE-2026-240.03|V15.3|A|J06BD08|1||||125.0|175.0|mg|IM|||2|538.65
ZE-2026-240.05|V15.3|A|J06BD08|1||||175.0|225.0|mg|IM|||2|718.2
ZE-2026-240.06|V15.3|A|J06BD08|1||||225.0|275.0|mg|IM|||2|897.75
ZE-2026-240.07|V15.3|A|J06BD08|1||||275.0||mg|IM|||2|1077.3
ZE-2026-241.01|V15.3|A|L01XL09|1||||1.0|1.0|AN|IV||||0.0
ZE-2026-242.01|V15.3|A|B06AX05|1||||1.0|1.0|AN|IV||||0.0
ZE-2026-243.01|V15.3|A|B02BD16|1||||1.0|1.0|AN|IV||||0.0
ZE-2026-244.01|V15.3|C|00.4I.11|0|||39.72.1A,39.72.2A,39.79.47||||||||654.72
ZE-2026-244.02|V15.3|C|00.4I.12|0|||39.72.1A,39.72.2A,39.79.47||||||||1309.45
ZE-2026-244.03|V15.3|C|00.4I.13|0|||39.72.1A,39.72.2A,39.79.47||||||||1964.17
ZE-2026-244.04|V15.3|C|00.4I.14|0|||39.72.1A,39.72.2A,39.79.47||||||||2618.89
ZE-2026-244.05|V15.3|C|00.4I.15|0|||39.72.1A,39.72.2A,39.79.47||||||||3273.61
ZE-2026-245.01|V15.3|C|00.4I.11|0|||39.79.41,39.79.42,39.79.44,39.79.45,39.79.46,39.79.48,39.79.49,00.66.42||||||||162.85
ZE-2026-245.02|V15.3|C|00.4I.12|0|||39.79.41,39.79.42,39.79.44,39.79.45,39.79.46,39.79.48,39.79.49,00.66.42||||||||325.71
ZE-2026-245.03|V15.3|C|00.4I.13|0|||39.79.41,39.79.42,39.79.44,39.79.45,39.79.46,39.79.48,39.79.49,00.66.42||||||||488.56
ZE-2026-245.04|V15.3|C|00.4I.14|0|||39.79.41,39.79.42,39.79.44,39.79.45,39.79.46,39.79.48,39.79.49,00.66.42||||||||651.41
ZE-2026-245.05|V15.3|C|00.4I.15|0|||39.79.41,39.79.42,39.79.44,39.79.45,39.79.46,39.79.48,39.79.49,00.66.42||||||||814.26
ZE-2026-246.01|V15.3|A|L01XX02|1||||1000.0|5000.0|U|IV,IM|ACO||16|0.0
ZE-2026-246.02|V15.3|A|L01XX02|1||||5000.0|15000.0|U|IV,IM|ACO|||0.0
ZE-2026-246.03|V15.3|A|L01XX02|1||||15000.0|25000.0|U|IV,IM|ACO|||0.0
ZE-2026-246.04|V15.3|A|L01XX02|1||||25000.0|35000.0|U|IV,IM|ACO|||0.0
ZE-2026-246.05|V15.3|A|L01XX02|1||||35000.0|45000.0|U|IV,IM|ACO|||0.0
ZE-2026-246.06|V15.3|A|L01XX02|1||||45000.0|65000.0|U|IV,IM|ACO|||0.0
ZE-2026-246.07|V15.3|A|L01XX02|1||||65000.0|85000.0|U|IV,IM|ACO|||0.0
ZE-2026-246.08|V15.3|A|L01XX02|1||||85000.0|105000.0|U|IV,IM|ACO|||0.0
ZE-2026-246.09|V15.3|A|L01XX02|1||||105000.0|125000.0|U|IV,IM|ACO|||0.0
ZE-2026-246.10|V15.3|A|L01XX02|1||||125000.0|145000.0|U|IV,IM|ACO|||0.0
ZE-2026-246.11|V15.3|A|L01XX02|1||||145000.0|175000.0|U|IV,IM|ACO|||0.0
ZE-2026-246.12|V15.3|A|L01XX02|1||||175000.0|210000.0|U|IV,IM|ACO|||0.0
ZE-2026-246.13|V15.3|A|L01XX02|1||||210000.0|250000.0|U|IV,IM|ACO|||0.0
ZE-2026-246.14|V15.3|A|L01XX02|1||||250000.0|290000.0|U|IV,IM|ACO|||0.0
ZE-2026-246.15|V15.3|A|L01XX02|1||||290000.0|330000.0|U|IV,IM|ACO|||0.0
ZE-2026-246.16|V15.3|A|L01XX02|1||||330000.0|380000.0|U|IV,IM|ACO|||0.0
ZE-2026-246.17|V15.3|A|L01XX02|1||||380000.0|430000.0|U|IV,IM|ACO|||0.0
ZE-2026-246.18|V15.3|A|L01XX02|1||||430000.0||U|IV,IM|ACO|||0.0
ZE-2026-247.01|V15.3|A|L01FX32|1||||12.0|60.0|mg|SC||||2933.36
ZE-2026-247.02|V15.3|A|L01FX32|1||||60.0|92.0|mg|SC||||5066.72
ZE-2026-247.03|V15.3|A|L01FX32|1||||92.0||mg|SC||||10133.43
ZE-2026-248.01|V15.3|A|L01EE03|1||||180.0|360.0|mg|O||||472.21
ZE-2026-248.02|V15.3|A|L01EE03|1||||360.0|540.0|mg|O||||787.01
ZE-2026-248.03|V15.3|A|L01EE03|1||||540.0|720.0|mg|O||||1101.81
ZE-2026-248.04|V15.3|A|L01EE03|1||||720.0|1080.0|mg|O||||1574.02
ZE-2026-248.05|V15.3|A|L01EE03|1||||1080.0|1440.0|mg|O||||2203.63
ZE-2026-248.06|V15.3|A|L01EE03|1||||1440.0|2000.0|mg|O||||3008.13
ZE-2026-248.07|V15.3|A|L01EE03|1||||2000.0|2600.0|mg|O||||4022.49
ZE-2026-248.08|V15.3|A|L01EE03|1||||2600.0|3200.0|mg|O||||5071.84
ZE-2026-248.09|V15.3|A|L01EE03|1||||3200.0|3800.0|mg|O||||6121.19
ZE-2026-248.10|V15.3|A|L01EE03|1||||3800.0|4600.0|mg|O||||7345.42
ZE-2026-248.11|V15.3|A|L01EE03|1||||4600.0||mg|O||||8744.55
ZE-2026-249.01|V15.3|A|L01EC03|1||||750.0|1050.0|mg|O||||368.36
ZE-2026-249.02|V15.3|A|L01EC03|1||||1050.0|1650.0|mg|O||||552.54
ZE-2026-249.03|V15.3|A|L01EC03|1||||1650.0|2250.0|mg|O||||798.12
ZE-2026-249.04|V15.3|A|L01EC03|1||||2250.0|3000.0|mg|O||||1074.39
ZE-2026-249.05|V15.3|A|L01EC03|1||||3000.0|4000.0|mg|O||||1432.52
ZE-2026-249.06|V15.3|A|L01EC03|1||||4000.0|5000.0|mg|O||||1841.81
ZE-2026-249.07|V15.3|A|L01EC03|1||||5000.0|7000.0|mg|O||||2455.74
ZE-2026-249.08|V15.3|A|L01EC03|1||||7000.0|9000.0|mg|O||||3274.32
ZE-2026-249.09|V15.3|A|L01EC03|1||||9000.0|12000.0|mg|O||||4297.55
ZE-2026-249.10|V15.3|A|L01EC03|1||||12000.0|15000.0|mg|O||||5525.42
ZE-2026-249.11|V15.3|A|L01EC03|1||||15000.0|18000.0|mg|O||||6753.29
ZE-2026-249.12|V15.3|A|L01EC03|1||||18000.0|22000.0|mg|O||||8185.8
ZE-2026-249.13|V15.3|A|L01EC03|1||||22000.0||mg|O||||9822.96
ZE-2026-250.01|V15.3|A|L01FX02|1||||0.5|2.5|mg|IV|||12|0.0
ZE-2026-250.02|V15.3|A|L01FX02|1||||2.5|7.5|mg|IV||||0.0
ZE-2026-250.03|V15.3|A|L01FX02|1||||7.5|12.5|mg|IV||||0.0
ZE-2026-250.04|V15.3|A|L01FX02|1||||12.5|17.5|mg|IV||||0.0
ZE-2026-250.05|V15.3|A|L01FX02|1||||17.5|22.5|mg|IV||||0.0
ZE-2026-250.06|V15.3|A|L01FX02|1||||22.5|27.5|mg|IV||||0.0
ZE-2026-250.07|V15.3|A|L01FX02|1||||27.5||mg|IV||||0.0
ZE-2026-251.01|V15.3|A|L01XY01|1||||15.0|25.0|mg|IV||||0.0
ZE-2026-251.02|V15.3|A|L01XY01|1||||25.0|35.0|mg|IV||||0.0
ZE-2026-251.03|V15.3|A|L01XY01|1||||35.0|45.0|mg|IV||||0.0
ZE-2026-251.04|V15.3|A|L01XY01|1||||45.0|60.0|mg|IV||||0.0
ZE-2026-251.05|V15.3|A|L01XY01|1||||60.0|75.0|mg|IV||||0.0
ZE-2026-251.06|V15.3|A|L01XY01|1||||75.0|90.0|mg|IV||||0.0
ZE-2026-251.07|V15.3|A|L01XY01|1||||90.0|120.0|mg|IV||||0.0
ZE-2026-251.08|V15.3|A|L01XY01|1||||120.0|150.0|mg|IV||||0.0
ZE-2026-251.09|V15.3|A|L01XY01|1||||150.0|180.0|mg|IV||||0.0
ZE-2026-251.10|V15.3|A|L01XY01|1||||180.0|210.0|mg|IV||||0.0
ZE-2026-251.11|V15.3|A|L01XY01|1||||210.0|250.0|mg|IV||||0.0
ZE-2026-251.12|V15.3|A|L01XY01|1||||250.0|290.0|mg|IV||||0.0
ZE-2026-251.13|V15.3|A|L01XY01|1||||290.0|330.0|mg|IV||||0.0
ZE-2026-251.14|V15.3|A|L01XY01|1||||330.0||mg|IV||||0.0
ZE-2026-253.01|V15.3|A|L01FD04|1||||50.0|150.0|mg|IV||||1592.2
ZE-2026-253.02|V15.3|A|L01FD04|1||||150.0|250.0|mg|IV||||3184.4
ZE-2026-253.03|V15.3|A|L01FD04|1||||250.0|350.0|mg|IV||||4776.59
ZE-2026-253.04|V15.3|A|L01FD04|1||||350.0|450.0|mg|IV||||6368.79
ZE-2026-253.05|V15.3|A|L01FD04|1||||450.0|550.0|mg|IV||||7960.99
ZE-2026-253.06|V15.3|A|L01FD04|1||||550.0|650.0|mg|IV||||9553.19
ZE-2026-253.07|V15.3|A|L01FD04|1||||650.0|750.0|mg|IV||||11145.39
ZE-2026-253.08|V15.3|A|L01FD04|1||||750.0|850.0|mg|IV||||12737.58
ZE-2026-253.09|V15.3|A|L01FD04|1||||850.0|1050.0|mg|IV||||15125.88
ZE-2026-253.10|V15.3|A|L01FD04|1||||1050.0|1250.0|mg|IV||||18310.28
ZE-2026-253.11|V15.3|A|L01FD04|1||||1250.0|1450.0|mg|IV||||21494.67
ZE-2026-253.12|V15.3|A|L01FD04|1||||1450.0|1650.0|mg|IV||||24679.07
ZE-2026-253.13|V15.3|A|L01FD04|1||||1650.0|1850.0|mg|IV||||27863.47
ZE-2026-253.14|V15.3|A|L01FD04|1||||1850.0||mg|IV||||31047.86
ZE-2026-254.01|V15.3|A|D11AH05|1||||200.0|400.0|mg|SC||||546.69
ZE-2026-254.02|V15.3|A|D11AH05|1||||400.0|800.0|mg|SC||||1093.38
ZE-2026-254.03|V15.3|A|D11AH05|1||||800.0|1200.0|mg|SC||||1822.3
ZE-2026-254.04|V15.3|A|D11AH05|1||||1200.0|1600.0|mg|SC||||2551.22
ZE-2026-254.05|V15.3|A|D11AH05|1||||1600.0|2400.0|mg|SC||||3644.6
ZE-2026-254.06|V15.3|A|D11AH05|1||||2400.0|3200.0|mg|SC||||5102.44
ZE-2026-254.07|V15.3|A|D11AH05|1||||3200.0||mg|SC||||6560.28
ZE-2026-255.01|V15.3|A|L01FX27|1||||0.1|0.22|mg|SC||||0.0
ZE-2026-255.02|V15.3|A|L01FX27|1||||0.22|7.72|mg|SC||||0.0
ZE-2026-255.03|V15.3|A|L01FX27|1||||7.72|24.0|mg|SC||||0.0
ZE-2026-255.04|V15.3|A|L01FX27|1||||24.0|72.0|mg|SC||||0.0
ZE-2026-255.05|V15.3|A|L01FX27|1||||72.0|120.0|mg|SC||||0.0
ZE-2026-255.06|V15.3|A|L01FX27|1||||120.0||mg|SC||||0.0
ZE-2026-256.01|V15.3|A|B02AB02|1||||2500.0|3500.0|mg|IV||||961.59
ZE-2026-256.02|V15.3|A|B02AB02|1||||3500.0|4500.0|mg|IV||||1282.12
ZE-2026-256.03|V15.3|A|B02AB02|1||||4500.0|5500.0|mg|IV||||1602.65
ZE-2026-256.04|V15.3|A|B02AB02|1||||5500.0|7500.0|mg|IV||||2083.45
ZE-2026-256.05|V15.3|A|B02AB02|1||||7500.0|9500.0|mg|IV||||2724.51
ZE-2026-256.06|V15.3|A|B02AB02|1||||9500.0|11500.0|mg|IV||||3365.57
ZE-2026-256.07|V15.3|A|B02AB02|1||||11500.0|14500.0|mg|IV||||4166.89
ZE-2026-256.08|V15.3|A|B02AB02|1||||14500.0|17500.0|mg|IV||||5128.48
ZE-2026-256.09|V15.3|A|B02AB02|1||||17500.0|20500.0|mg|IV||||6090.07
ZE-2026-256.10|V15.3|A|B02AB02|1||||20500.0|24500.0|mg|IV||||7211.93
ZE-2026-256.11|V15.3|A|B02AB02|1||||24500.0|28500.0|mg|IV||||8494.05
ZE-2026-256.12|V15.3|A|B02AB02|1||||28500.0|32500.0|mg|IV||||9776.17
ZE-2026-256.13|V15.3|A|B02AB02|1||||32500.0|37500.0|mg|IV||||11218.55
ZE-2026-256.14|V15.3|A|B02AB02|1||||37500.0||mg|IV||||12821.2
ZE-2026-257.01|V15.3|A|L01EX07|1||||100.0|200.0|mg|O||||399.3
ZE-2026-257.02|V15.3|A|L01EX07|1||||200.0|300.0|mg|O||||665.5
ZE-2026-257.03|V15.3|A|L01EX07|1||||300.0|400.0|mg|O||||931.7
ZE-2026-257.04|V15.3|A|L01EX07|1||||400.0|600.0|mg|O||||1331.01
ZE-2026-257.05|V15.3|A|L01EX07|1||||600.0|800.0|mg|O||||1863.41
ZE-2026-257.06|V15.3|A|L01EX07|1||||800.0|1200.0|mg|O||||2662.01
ZE-2026-257.07|V15.3|A|L01EX07|1||||1200.0|1600.0|mg|O||||3726.81
ZE-2026-257.08|V15.3|A|L01EX07|1||||1600.0|2000.0|mg|O||||4791.62
ZE-2026-257.09|V15.3|A|L01EX07|1||||2000.0|2500.0|mg|O||||5989.52
ZE-2026-257.10|V15.3|A|L01EX07|1||||2500.0||mg|O||||7320.53
ZE-2026-258.01|V15.3|A|L01FX13|1||||25.0|35.0|mg|IV||||0.0
ZE-2026-258.02|V15.3|A|L01FX13|1||||35.0|50.0|mg|IV||||0.0
ZE-2026-258.03|V15.3|A|L01FX13|1||||50.0|70.0|mg|IV||||0.0
ZE-2026-258.04|V15.3|A|L01FX13|1||||70.0|90.0|mg|IV||||0.0
ZE-2026-258.05|V15.3|A|L01FX13|1||||90.0|120.0|mg|IV||||0.0
ZE-2026-258.06|V15.3|A|L01FX13|1||||120.0|150.0|mg|IV||||0.0
ZE-2026-258.07|V15.3|A|L01FX13|1||||150.0|180.0|mg|IV||||0.0
ZE-2026-258.08|V15.3|A|L01FX13|1||||180.0|220.0|mg|IV||||0.0
ZE-2026-258.09|V15.3|A|L01FX13|1||||220.0|260.0|mg|IV||||0.0
ZE-2026-258.10|V15.3|A|L01FX13|1||||260.0||mg|IV||||0.0
ZE-2026-259.01|V15.3|A|L01FX17|1||||270.0|450.0|mg|IV||||1896.56
ZE-2026-259.02|V15.3|A|L01FX17|1||||450.0|630.0|mg|IV||||2844.83
ZE-2026-259.03|V15.3|A|L01FX17|1||||630.0|810.0|mg|IV||||3793.11
ZE-2026-259.04|V15.3|A|L01FX17|1||||810.0|1000.0|mg|IV||||4767.73
ZE-2026-259.05|V15.3|A|L01FX17|1||||1000.0|1250.0|mg|IV||||5926.74
ZE-2026-259.06|V15.3|A|L01FX17|1||||1250.0|1500.0|mg|IV||||7243.79
ZE-2026-259.07|V15.3|A|L01FX17|1||||1500.0|1900.0|mg|IV||||8955.96
ZE-2026-259.08|V15.3|A|L01FX17|1||||1900.0|2300.0|mg|IV||||11063.24
ZE-2026-259.09|V15.3|A|L01FX17|1||||2300.0|2700.0|mg|IV||||13170.53
ZE-2026-259.10|V15.3|A|L01FX17|1||||2700.0||mg|IV||||15277.81
ZE-2026-260.01|V15.3|A|L01FX18|1||||175.0|525.0|mg|IV||||1232.67
ZE-2026-260.02|V15.3|A|L01FX18|1||||525.0|875.0|mg|IV||||2465.33
ZE-2026-260.03|V15.3|A|L01FX18|1||||875.0|1225.0|mg|IV||||3698.0
ZE-2026-260.04|V15.3|A|L01FX18|1||||1225.0|1575.0|mg|IV||||4930.66
ZE-2026-260.05|V15.3|A|L01FX18|1||||1575.0|1925.0|mg|IV||||6163.33
ZE-2026-260.06|V15.3|A|L01FX18|1||||1925.0|2275.0|mg|IV||||7395.99
ZE-2026-260.07|V15.3|A|L01FX18|1||||2275.0|2625.0|mg|IV||||8628.66
ZE-2026-260.08|V15.3|A|L01FX18|1||||2625.0|2975.0|mg|IV||||9861.32
ZE-2026-260.09|V15.3|A|L01FX18|1||||2975.0|3325.0|mg|IV||||11093.99
ZE-2026-260.10|V15.3|A|L01FX18|1||||3325.0||mg|IV||||12326.65
ZE-2026-261.01|V15.3|A|J01DI04|1||||10.0|12.0|g|IV||||0.0
ZE-2026-261.02|V15.3|A|J01DI04|1||||12.0|14.0|g|IV||||0.0
ZE-2026-261.03|V15.3|A|J01DI04|1||||14.0|16.0|g|IV||||0.0
ZE-2026-261.04|V15.3|A|J01DI04|1||||16.0|19.0|g|IV||||0.0
ZE-2026-261.05|V15.3|A|J01DI04|1||||19.0|23.0|g|IV||||0.0
ZE-2026-261.06|V15.3|A|J01DI04|1||||23.0|27.0|g|IV||||0.0
ZE-2026-261.07|V15.3|A|J01DI04|1||||27.0|32.0|g|IV||||0.0
ZE-2026-261.08|V15.3|A|J01DI04|1||||32.0|38.0|g|IV||||0.0
ZE-2026-261.09|V15.3|A|J01DI04|1||||38.0|44.0|g|IV||||0.0
ZE-2026-261.10|V15.3|A|J01DI04|1||||44.0|50.0|g|IV||||0.0
ZE-2026-261.11|V15.3|A|J01DI04|1||||50.0|60.0|g|IV||||0.0
ZE-2026-261.12|V15.3|A|J01DI04|1||||60.0|70.0|g|IV||||0.0
ZE-2026-261.13|V15.3|A|J01DI04|1||||70.0|80.0|g|IV||||0.0
ZE-2026-261.14|V15.3|A|J01DI04|1||||80.0|90.0|g|IV||||0.0
ZE-2026-261.15|V15.3|A|J01DI04|1||||90.0|100.0|g|IV||||0.0
ZE-2026-261.16|V15.3|A|J01DI04|1||||100.0|120.0|g|IV||||0.0
ZE-2026-261.17|V15.3|A|J01DI04|1||||120.0|140.0|g|IV||||0.0
ZE-2026-261.18|V15.3|A|J01DI04|1||||140.0|170.0|g|IV||||0.0
ZE-2026-261.19|V15.3|A|J01DI04|1||||170.0|200.0|g|IV||||0.0
ZE-2026-261.20|V15.3|A|J01DI04|1||||200.0|240.0|g|IV||||0.0
ZE-2026-261.21|V15.3|A|J01DI04|1||||240.0|280.0|g|IV||||0.0
ZE-2026-261.22|V15.3|A|J01DI04|1||||280.0|320.0|g|IV||||0.0
ZE-2026-261.23|V15.3|A|J01DI04|1||||320.0|360.0|g|IV||||0.0
ZE-2026-261.24|V15.3|A|J01DI04|1||||360.0||g|IV||||0.0
ZE-2026-262.01|V15.3|A|L01EP02|1||||1125.0|1575.0|mg|O||||613.74
ZE-2026-262.02|V15.3|A|L01EP02|1||||1575.0|2025.0|mg|O||||818.32
ZE-2026-262.03|V15.3|A|L01EP02|1||||2025.0|2925.0|mg|O||||1125.18
ZE-2026-262.04|V15.3|A|L01EP02|1||||2925.0|3825.0|mg|O||||1534.34
ZE-2026-262.05|V15.3|A|L01EP02|1||||3825.0|5625.0|mg|O||||2148.08
ZE-2026-262.06|V15.3|A|L01EP02|1||||5625.0|7425.0|mg|O||||2966.4
ZE-2026-262.07|V15.3|A|L01EP02|1||||7425.0|10125.0|mg|O||||3989.29
ZE-2026-262.08|V15.3|A|L01EP02|1||||10125.0|12825.0|mg|O||||5216.76
ZE-2026-262.09|V15.3|A|L01EP02|1||||12825.0|16425.0|mg|O||||6648.82
ZE-2026-262.10|V15.3|A|L01EP02|1||||16425.0|20025.0|mg|O||||8285.45
ZE-2026-262.11|V15.3|A|L01EP02|1||||20025.0||mg|O||||9922.08
ZE-2026-263.01|V15.3|A|L01EX22|1||||400.0|560.0|mg|O||||430.67
ZE-2026-263.02|V15.3|A|L01EX22|1||||560.0|880.0|mg|O||||646.01
ZE-2026-263.03|V15.3|A|L01EX22|1||||880.0|1200.0|mg|O||||933.12
ZE-2026-263.04|V15.3|A|L01EX22|1||||1200.0|1840.0|mg|O||||1363.79
ZE-2026-263.05|V15.3|A|L01EX22|1||||1840.0|2480.0|mg|O||||1938.02
ZE-2026-263.06|V15.3|A|L01EX22|1||||2480.0|3600.0|mg|O||||2727.58
ZE-2026-263.07|V15.3|A|L01EX22|1||||3600.0|4800.0|mg|O||||3768.37
ZE-2026-263.08|V15.3|A|L01EX22|1||||4800.0|6000.0|mg|O||||4845.04
ZE-2026-263.09|V15.3|A|L01EX22|1||||6000.0|7200.0|mg|O||||5921.72
ZE-2026-263.10|V15.3|A|L01EX22|1||||7200.0|8400.0|mg|O||||6998.39
ZE-2026-263.11|V15.3|A|L01EX22|1||||8400.0|9600.0|mg|O||||8075.07
ZE-2026-263.12|V15.3|A|L01EX22|1||||9600.0|10800.0|mg|O||||9151.75
ZE-2026-263.13|V15.3|A|L01EX22|1||||10800.0|13200.0|mg|O||||10766.76
ZE-2026-263.14|V15.3|A|L01EX22|1||||13200.0|15600.0|mg|O||||12920.11
ZE-2026-263.15|V15.3|A|L01EX22|1||||15600.0||mg|O||||15073.46
ZE-2026-264.01|V15.3|A|R03DX10|1||||15.0|45.0|mg|SC||||2379.69
ZE-2026-264.02|V15.3|A|R03DX10|1||||45.0|75.0|mg|SC||||4759.39
ZE-2026-264.03|V15.3|A|R03DX10|1||||75.0|105.0|mg|SC||||7139.08
ZE-2026-264.04|V15.3|A|R03DX10|1||||105.0|135.0|mg|SC||||9518.78
ZE-2026-264.05|V15.3|A|R03DX10|1||||135.0|165.0|mg|SC||||11898.47
ZE-2026-264.06|V15.3|A|R03DX10|1||||165.0||mg|SC||||14278.16
ZE-2026-265.01|V15.3|A|L01XL04|1|A20Z||41.0G.11|1.0|1.0|AN|IV|BCL|||0.0
ZE-2026-266.01|V15.3|A|L01XL04|1|||41.0G.11|1.0|1.0|AN|IV|ALL|||0.0
ZE-2026-267.01|V15.3|A|L01XL04|1|||41.0G.11|1.0|1.0|AN|IV|FL|||0.0
ZE-2026-268.01|V15.3|A|L01XL03|1|A20Z||41.0G.11|1.0|1.0|AN|IV|BCL|||0.0
ZE-2026-269.01|V15.3|A|L01XL03|1|||41.0G.11|1.0|1.0|AN|IV|FL|||0.0
ZE-2026-270.01|V15.3|A|L01XL08|1|A20Z||41.0G.11|1.0|1.0|AN|IV|BCL|||0.0
ZE-2026-271.01|V15.3|A|L01XL06|1|||41.0G.11|1.0|1.0|AN|IV|ALL|||0.0
ZE-2026-272.01|V15.3|A|L01XL06|1|||41.0G.11|1.0|1.0|AN|IV|MCL|||0.0
ZE-2026-273.01|V15.3|A|L01XL07|1|||41.0G.11|1.0|1.0|AN|IV|MM|||0.0
ZE-2026-274.01|V15.3|A|L01XL05|1|||41.0G.11|1.0|1.0|AN|IV|MM|||0.0
ZE-2026-275.01|V15.3|A|L01XL08|1|||41.0G.11|1.0|1.0|AN|IV|FL|||0.0
ZE-2026-276.01|V15.3|A|L04AG03|1||||150.0|450.0|mg|IV||||1588.32
ZE-2026-276.02|V15.3|A|L04AG03|1||||450.0|750.0|mg|IV||||3176.64
ZE-2026-276.03|V15.3|A|L04AG03|1||||750.0|1050.0|mg|IV||||4764.96
ZE-2026-276.04|V15.3|A|L04AG03|1||||1050.0||mg|IV||||6353.28
ZE-2026-277.01|V15.3|A|V03AB33|1||||2.5|7.5|g|IV||||0.0
ZE-2026-277.02|V15.3|A|V03AB33|1||||7.5|12.5|g|IV||||0.0
ZE-2026-277.03|V15.3|A|V03AB33|1||||12.5||g|IV||||0.0
ZE-2026-278.01|V15.3|A|L01CE02|1||||21.5|64.5|mg|IV||||0.0
ZE-2026-278.02|V15.3|A|L01CE02|1||||64.5|107.5|mg|IV||||0.0
ZE-2026-278.03|V15.3|A|L01CE02|1||||107.5|150.5|mg|IV||||0.0
ZE-2026-278.04|V15.3|A|L01CE02|1||||150.5|200.0|mg|IV||||0.0
ZE-2026-278.05|V15.3|A|L01CE02|1||||200.0|260.0|mg|IV||||0.0
ZE-2026-278.06|V15.3|A|L01CE02|1||||260.0|340.0|mg|IV||||0.0
ZE-2026-278.07|V15.3|A|L01CE02|1||||340.0|420.0|mg|IV||||0.0
ZE-2026-278.08|V15.3|A|L01CE02|1||||420.0|500.0|mg|IV||||0.0
ZE-2026-278.09|V15.3|A|L01CE02|1||||500.0|620.0|mg|IV||||0.0
ZE-2026-278.10|V15.3|A|L01CE02|1||||620.0||mg|IV||||0.0
ZE-2026-279.01|V15.3|A|L01FF05|1||||937.5|2812.5|mg|SC||||4483.97
ZE-2026-279.02|V15.3|A|L01FF05|1||||2812.5|4687.5|mg|SC||||8967.94
ZE-2026-279.03|V15.3|A|L01FF05|1||||4687.5|6562.5|mg|SC||||13451.91
ZE-2026-279.04|V15.3|A|L01FF05|1||||6562.5|8437.5|mg|SC||||17935.88
ZE-2026-279.05|V15.3|A|L01FF05|1||||8437.5|10312.5|mg|SC||||22419.84
ZE-2026-279.06|V15.3|A|L01FF05|1||||10312.5||mg|SC||||26903.81
ZE-2026-280.01|V15.3|A|L04AG05|1||||54.0|162.0|mg|SC||||558.41
ZE-2026-280.02|V15.3|A|L04AG05|1||||162.0|270.0|mg|SC||||1116.82
ZE-2026-280.03|V15.3|A|L04AG05|1||||270.0|378.0|mg|SC||||1675.23
ZE-2026-280.04|V15.3|A|L04AG05|1||||378.0|594.0|mg|SC||||2512.85
ZE-2026-280.05|V15.3|A|L04AG05|1||||594.0|810.0|mg|SC||||3629.67
ZE-2026-280.06|V15.3|A|L04AG05|1||||810.0||mg|SC||||4746.49
ZE-2026-281.01|V15.3|A|L04AC19|1||||60.0|180.0|mg|SC||||6856.31
ZE-2026-281.02|V15.3|A|L04AC19|1||||180.0|300.0|mg|SC||||13712.61
ZE-2026-281.03|V15.3|A|L04AC19|1||||300.0|420.0|mg|SC||||20568.92
ZE-2026-281.04|V15.3|A|L04AC19|1||||420.0|540.0|mg|SC||||27425.22
ZE-2026-281.05|V15.3|A|L04AC19|1||||540.0|660.0|mg|SC||||34281.53
ZE-2026-281.06|V15.3|A|L04AC19|1||||660.0|780.0|mg|SC||||41137.83
ZE-2026-281.07|V15.3|A|L04AC19|1||||780.0|900.0|mg|SC||||47994.14
ZE-2026-281.08|V15.3|A|L04AC19|1||||900.0|1140.0|mg|SC||||58278.6
ZE-2026-281.09|V15.3|A|L04AC19|1||||1140.0|1380.0|mg|SC||||71991.21
ZE-2026-281.10|V15.3|A|L04AC19|1||||1380.0||mg|SC||||85703.82
ZE-2026-282.01|V15.3|A|B02BX11|1||||75.0|225.0|mg|SC||||0.0
ZE-2026-282.02|V15.3|A|B02BX11|1||||225.0|375.0|mg|SC||||0.0
ZE-2026-282.03|V15.3|A|B02BX11|1||||375.0|525.0|mg|SC||||0.0
ZE-2026-282.04|V15.3|A|B02BX11|1||||525.0|675.0|mg|SC||||0.0
ZE-2026-282.05|V15.3|A|B02BX11|1||||675.0|825.0|mg|SC||||0.0
ZE-2026-282.06|V15.3|A|B02BX11|1||||825.0|975.0|mg|SC||||0.0
ZE-2026-282.07|V15.3|A|B02BX11|1||||975.0|1125.0|mg|SC||||0.0
ZE-2026-282.08|V15.3|A|B02BX11|1||||1125.0|1275.0|mg|SC||||0.0
ZE-2026-282.09|V15.3|A|B02BX11|1||||1275.0|1425.0|mg|SC||||0.0
ZE-2026-282.10|V15.3|A|B02BX11|1||||1425.0||mg|SC||||0.0
ZE-2026-283.01|V15.3|A|L04AG08|1||||460.0|1380.0|mg|SC||||10925.81
ZE-2026-283.02|V15.3|A|L04AG08|1||||1380.0|2300.0|mg|SC||||21851.62
ZE-2026-283.03|V15.3|A|L04AG08|1||||2300.0|3220.0|mg|SC||||32777.43
ZE-2026-283.04|V15.3|A|L04AG08|1||||3220.0||mg|SC||||43703.24
ZE-2026-284.01|V15.3|C|41.0F.14|0|||41.0G.13,41.0G.14||||||||160694.9
