"ID_BE"|"URL"|"NAME_HN"|"ID_PAT_GR"|"WS_BEW"|"DATUM_BE_VOM"|"NAME_ZVT_BEST"|"ZVT_ZN_A"|"ZVT_ZN_w"|"ATC"
"3"|"https://www.g-ba.de/bewertungsverfahren/nutzenbewertung/10/"|"Jevtana"|"7"|"Cabazitaxel"|"2012-03-29"|"Palliative Behandlung mit Dexamethason, Prednison, Prednisolon oder Methylprednisolon sowie \"Best Supportive Care\" (z.B. adäquate Schmerztherapie)."|"gering"|"Hinweis"|"L01CD04"
"3"|"https://www.g-ba.de/bewertungsverfahren/nutzenbewertung/10/"|"Jevtana"|"8"|"Cabazitaxel"|"2012-03-29"|"Docetaxel in Kombination mit Prednison oder Prednisolon (Docetaxel-Retherapie)."|"gilt als nicht belegt"|NA|"L01CD04"
"5"|"https://www.g-ba.de/bewertungsverfahren/nutzenbewertung/22/"|"Rapiscan"|"12"|"Regadenoson"|"2012-03-29"|"Adenosin"|"gilt als nicht belegt"|NA|"C01EB21"
"11"|"https://www.g-ba.de/bewertungsverfahren/nutzenbewertung/5/"|"Eliquis"|"22"|"Apixaban"|"2012-06-07"|"Die zweckmäßige Vergleichstherapie zur peri- und postoperativen Primärprophylaxe tiefer Venenthrombosen nach elektiven Kniegelenksersatzoperationen sind diejenigen niedermolekularen Heparine, die für diese Indikation zugelassenen sind (z.B. Enoxaparin). Die Wirkstoffe sollen in den für den Schweregrad zugelassenen Dosierungen gegeben und patientenindividuell optimiert werden."|"ist nicht belegt"|NA|"B01AF02"
"11"|"https://www.g-ba.de/bewertungsverfahren/nutzenbewertung/5/"|"Eliquis"|"23"|"Apixaban"|"2012-06-07"|"Die zweckmäßige Vergleichstherapie zur peri- und postoperativen Primärprophylaxe tiefer Venenthrombosen nach elektiven Hüftgelenksersatzoperationen sind diejenigen niedermolekularen Heparine, die für diese Indikation zugelassenen sind (z.B. Enoxaparin). Die Wirkstoffe sollen in den für den Schweregrad zugelassenen Dosierungen gegeben und patientenindividuell optimiert werden."|"gering"|"Hinweis"|"B01AF02"
"14"|"https://www.g-ba.de/bewertungsverfahren/nutzenbewertung/7/"|"Benlysta"|"27"|"Belimumab"|"2012-08-02"|"optimierte Standardtherapie (Chloroquin/Hydroxychloroquin, nichtsteroidale Antirheumatika (NSAIDs), Glukokortikoide, Azathioprin, ggf. Cyclophosphamid) unter Berücksichtigung der zugelassenen Dosierungen und des jeweiligen Zulassungsstatus der Wirkstoffe."|"beträchtlich"|"Hinweis"|"L04AG04"
"15"|"https://www.g-ba.de/bewertungsverfahren/nutzenbewertung/14/"|"Fampyra"|"28"|"Fampridin"|"2012-08-02"|"Die zweckmäßige Vergleichstherapie zur Verbesserung der Gehfähigkeit von erwachsenen Patienten mit Multipler Sklerose (MS) ist Krankengymnastik entsprechend der Heilmittelrichtlinie unter der Voraussetzung einer optimierten MS-Standardtherapie (einschließlich einer symptomatischen Therapie mit gegebenenfalls Spasmolytika)."|"gilt als nicht belegt"|NA|"N07XX07"
"16"|"https://www.g-ba.de/bewertungsverfahren/nutzenbewertung/16/"|"Yervoy"|"29"|"Ipilimumab"|"2012-08-02"|"Best-Supportive-Care"|"beträchtlich"|"Hinweis"|"L01FX04"
"18"|"https://www.g-ba.de/bewertungsverfahren/nutzenbewertung/9/"|"Yellox"|"30"|"Bromfenac"|"2012-01-19"|"Dexamethason Augentropfen"|"gilt als nicht belegt"|NA|"S01BC11"
"20"|"https://www.g-ba.de/bewertungsverfahren/nutzenbewertung/17/"|"Esbriet"|"33"|"Pirfenidon"|"2012-03-15"|NA|"nicht quantifizierbar"|NA|"L04AX05"
"22"|"https://www.g-ba.de/bewertungsverfahren/nutzenbewertung/19/"|"Zytiga"|"37"|"Abirateronacetat"|"2012-03-29"|"Palliative Behandlung mit Dexamethason, Prednison, Prednisolon oder Methylprednisolon sowie \"Best Supportive Care\" (z.B. adäquate Schmerztherapie)."|"beträchtlich"|"Hinweis"|"L02BX03"
"22"|"https://www.g-ba.de/bewertungsverfahren/nutzenbewertung/19/"|"Zytiga"|"38"|"Abirateronacetat"|"2012-03-29"|"Docetaxel in Kombination mit Prednison oder Prednisolon (Docetaxel-Retherapie)"|"gilt als nicht belegt"|NA|"L02BX03"
"27"|"https://www.g-ba.de/bewertungsverfahren/nutzenbewertung/26/"|"Eviplera"|"42"|"Emtricitabin/Rilpivirin/Tenofovirdisoproxil"|"2012-07-05"|"Efavirenz in Kombination mit zwei Nukleosid-/Nukleotidanaloga (Tenofovir plus Emtricitabin oder Abacavir plus Lamivudin)"|"gering"|"Beleg"|"J05AR08"
"28"|"https://www.g-ba.de/bewertungsverfahren/nutzenbewertung/28/"|"Edurant"|"43"|"Rilpivirin"|"2012-07-05"|"Efavirenz in Kombination mit zwei Nukleosid-/Nukleotidanaloga (Tenofovir plus Emtricitabin oder Abacavir plus Lamivudin)"|"gering"|"Beleg"|"J05AG05"
"29"|"https://www.g-ba.de/bewertungsverfahren/nutzenbewertung/29/"|"Edarbi"|"44"|"Azilsartan Medoxomil"|"2012-03-15"|NA|"gilt als nicht belegt"|NA|"C09CA09"
"32"|"https://www.g-ba.de/bewertungsverfahren/nutzenbewertung/34/"|"Signifor"|"47"|"Pasireotid"|"2012-12-06"|NA|"gering"|NA|"H01CB05"
"33"|"https://www.g-ba.de/bewertungsverfahren/nutzenbewertung/35/"|"Teysuno"|"48"|"Tegafur/Gimeracil/Oteracil"|"2012-12-20"|"Zweifachkombination von Cisplatin mit 5-Fluorouracil oder Capecitabin"|"gilt als nicht belegt"|NA|"L01BC73"
"35"|"https://www.g-ba.de/bewertungsverfahren/nutzenbewertung/37/"|"Trajenta"|"51"|"Linagliptin"|"2013-02-21"|"Sulfonylharnstoff (Glibenclamid, Glimepirid)"|"gilt als nicht belegt"|NA|"A10BH05"
"35"|"https://www.g-ba.de/bewertungsverfahren/nutzenbewertung/37/"|"Trajenta"|"52"|"Linagliptin"|"2013-02-21"|"Sulfonylharnstoff (Glibenclamid, Glimepirid) + Metformin"|"ist nicht belegt"|NA|"A10BH05"
"35"|"https://www.g-ba.de/bewertungsverfahren/nutzenbewertung/37/"|"Trajenta"|"53"|"Linagliptin"|"2013-02-21"|"Metformin + Humaninsulin
(Therapie nur mit Humaninsulin, wenn Metformin gemäß Fachinformation unverträglich oder nicht ausreichend wirksam ist)"|"gilt als nicht belegt"|NA|"A10BH05"
"40"|"https://www.g-ba.de/bewertungsverfahren/nutzenbewertung/42/"|"Dacogen"|"60"|"Decitabin"|"2013-05-02"|NA|"gering"|NA|"L01BC08"
"43"|"https://www.g-ba.de/bewertungsverfahren/nutzenbewertung/47/"|"Adcetris"|"65"|"Brentuximab Vedotin"|"2013-05-16"|NA|"nicht quantifizierbar"|NA|"L01FX05"
"43"|"https://www.g-ba.de/bewertungsverfahren/nutzenbewertung/47/"|"Adcetris"|"66"|"Brentuximab Vedotin"|"2013-05-16"|NA|"nicht quantifizierbar"|NA|"L01FX05"
"43"|"https://www.g-ba.de/bewertungsverfahren/nutzenbewertung/47/"|"Adcetris"|"1673"|"Brentuximab Vedotin"|"2013-05-16"|NA|"nicht quantifizierbar"|NA|"L01FX05"
"44"|"https://www.g-ba.de/bewertungsverfahren/nutzenbewertung/48/"|"Pixuvri"|"67"|"Pixantron"|"2013-05-16"|"Patientenindividuelle Therapie nach Maßgabe des behandelnden Arztes, insbesondere eine Bleomycin-, Cyclophosphamid-, Etoposid-, Ifosfamid-, Methotrexat-, Mitoxantron-, Rituximab-, Trofosfamid-, Vinblastin-, Vincristin-, oder Vindesin-haltige Therapie, sofern unter Berücksichtigung der Vortherapie die Wirkstoffe erneut für eine Behandlung in Frage kommen sowie unter Berücksichtigung des jeweiligen deutschen Zulassungsstatus und der zugelassenen Dosierungen."|"ist nicht belegt"|NA|"L01DB11"
"45"|"https://www.g-ba.de/bewertungsverfahren/nutzenbewertung/49/"|"Trajenta"|"68"|"Linagliptin"|"2013-05-16"|"die Zweifachkombination von Metformin + Humaninsulin.
(Hinweis: Therapie nur mit Humaninsulin, wenn Metformin gemäß Fachinformation unverträglich oder nicht ausreichend wirksam ist.)"|"gilt als nicht belegt"|NA|"A10BH05"
"47"|"https://www.g-ba.de/bewertungsverfahren/nutzenbewertung/50/"|"Eylea"|"73"|"Aflibercept"|"2013-06-06"|"Ranibizumab"|"ist nicht belegt"|NA|"S01LA05"
"51"|"https://www.g-ba.de/bewertungsverfahren/nutzenbewertung/57/"|"Eliquis"|"74"|"Apixaban"|"2013-06-20"|"Vitamin-K-Antagonisten"|"gering"|"Hinweis"|"B01AF02"
"53"|"https://www.g-ba.de/bewertungsverfahren/nutzenbewertung/59/"|"Dificlir"|"76"|"Fidaxomicin"|"2013-07-04"|"Metronidazol"|"ist nicht belegt"|NA|"A07AA12"
"53"|"https://www.g-ba.de/bewertungsverfahren/nutzenbewertung/59/"|"Dificlir"|"77"|"Fidaxomicin"|"2013-07-04"|"Vancomycin"|"beträchtlich"|"Beleg"|"A07AA12"
"54"|"https://www.g-ba.de/bewertungsverfahren/nutzenbewertung/60/"|"Zytiga"|"78"|"Abirateronacetat"|"2013-07-04"|"Das abwartende Vorgehen unter Beibehaltung der bestehenden konventionellen Androgendeprivation oder gegebenenfalls die kombinierte, maximale Androgenblockade mit einem nichtsteroidalen Antiandrogen (Flutamid, Bicalutamid)."|"beträchtlich"|"Hinweis"|"L02BX03"
"55"|"https://www.g-ba.de/bewertungsverfahren/nutzenbewertung/61/"|"Zaltrap"|"79"|"Aflibercept"|"2013-08-15"|"Kombinations-Chemotherapie aus 5-Fluorouracil, Folinsäure und Irinotecan"|"gering"|"Hinweis"|"L01XX44"
"57"|"https://www.g-ba.de/bewertungsverfahren/nutzenbewertung/63/"|"Lyxumia "|"81"|"Lixisenatid"|"2013-09-05"|"Sulfonylharnstoff (Glibenclamid oder Glimepirid) + Metformin"|"ist nicht belegt"|NA|"A10BJ03"
"57"|"https://www.g-ba.de/bewertungsverfahren/nutzenbewertung/63/"|"Lyxumia "|"82"|"Lixisenatid"|"2013-09-05"|"Metformin + Sulfonylharnstoff (Glibenclamid oder Glimepirid)
(Hinweis: Wenn Metformin gemäß Fachinformation nicht geeignet ist, ist Humaninsulin als Therapieoption einzusetzen)"|"ist nicht belegt"|NA|"A10BJ03"
"57"|"https://www.g-ba.de/bewertungsverfahren/nutzenbewertung/63/"|"Lyxumia "|"83"|"Lixisenatid"|"2013-09-05"|"Metformin + Humaninsulin
(Hinweis: ggf. Therapie nur mit Humaninsulin, wenn Metformin nicht ausreichend wirksam ist)"|"gilt als nicht belegt"|NA|"A10BJ03"
"57"|"https://www.g-ba.de/bewertungsverfahren/nutzenbewertung/63/"|"Lyxumia "|"84"|"Lixisenatid"|"2013-09-05"|"Metformin + Humaninsulin
(Hinweis: ggf. Therapie nur mit Humaninsulin, wenn Metformin gemäß Fachinformation unverträglich oder nicht ausreichend wirksam ist)"|"ist nicht belegt"|NA|"A10BJ03"
"58"|"https://www.g-ba.de/bewertungsverfahren/nutzenbewertung/53/"|"Zomarist"|"85"|"Vildagliptin/Metformin"|"2013-10-01"|"Metformin + Sulfonylharnstoff (Glibenclamid oder Glimepirid)"|"ist nicht belegt"|NA|"A10BD08"
"58"|"https://www.g-ba.de/bewertungsverfahren/nutzenbewertung/53/"|"Zomarist"|"86"|"Vildagliptin/Metformin"|"2013-10-01"|"Humaninsulin + Metformin
(Hinweis: ggf. Therapie nur mit Humaninsulin, wenn Metformin nicht ausreichend wirksam ist.)"|"ist nicht belegt"|NA|"A10BD08"
"58"|"https://www.g-ba.de/bewertungsverfahren/nutzenbewertung/53/"|"Zomarist"|"87"|"Vildagliptin/Metformin"|"2013-10-01"|"Humaninsulin + Metformin
(Hinweis: ggf. Therapie nur mit Humaninsulin, wenn Metformin nicht ausreichend wirksam ist.)"|"ist nicht belegt"|NA|"A10BD08"
"59"|"https://www.g-ba.de/bewertungsverfahren/nutzenbewertung/54/"|"Galvus"|"88"|"Vildagliptin"|"2013-10-01"|"Humaninsulin + Metformin
(Hinweis: ggf. Therapie nur mit Humaninsulin, wenn Metformin nicht ausreichend wirksam ist)"|"ist nicht belegt"|NA|"A10BH02"
"59"|"https://www.g-ba.de/bewertungsverfahren/nutzenbewertung/54/"|"Galvus"|"89"|"Vildagliptin"|"2013-10-01"|"Humaninsulin + Metformin
(Hinweis: ggf. Therapie nur mit Humaninsulin, wenn Metformin gemäß Fachinformation unverträglich oder nicht ausreichend wirksam ist)."|"ist nicht belegt"|NA|"A10BH02"
"59"|"https://www.g-ba.de/bewertungsverfahren/nutzenbewertung/54/"|"Galvus"|"90"|"Vildagliptin"|"2013-10-01"|"Sulfonylharnstoff (Glibenclamid oder Glimepirid)"|"ist nicht belegt"|NA|"A10BH02"
"59"|"https://www.g-ba.de/bewertungsverfahren/nutzenbewertung/54/"|"Galvus"|"91"|"Vildagliptin"|"2013-10-01"|"Sulfonylharnstoff (Glibenclamid oder Glimepirid) + Metformin"|"ist nicht belegt"|NA|"A10BH02"
"63"|"https://www.g-ba.de/bewertungsverfahren/nutzenbewertung/65/"|"Perjeta"|"105"|"Pertuzumab"|"2013-10-01"|"Trastuzumab in Kombination mit einem Taxan (Paclitaxel, Docetaxel)"|"beträchtlich"|"Anhaltspunkt"|"L01FD02"
"63"|"https://www.g-ba.de/bewertungsverfahren/nutzenbewertung/65/"|"Perjeta"|"106"|"Pertuzumab"|"2013-10-01"|"Trastuzumab in Kombination mit einem Taxan (Paclitaxel, Docetaxel)"|"ist nicht belegt"|NA|"L01FD02"
"63"|"https://www.g-ba.de/bewertungsverfahren/nutzenbewertung/65/"|"Perjeta"|"107"|"Pertuzumab"|"2013-10-01"|"Strahlentherapie"|"gilt als nicht belegt"|NA|"L01FD02"
"65"|"https://www.g-ba.de/bewertungsverfahren/nutzenbewertung/66/"|"Komboglyze"|"110"|"Saxagliptin/Metformin"|"2013-10-01"|"Humaninsulin + Metformin
(Hinweis: ggf. Therapie nur mit Humaninsulin, wenn Metformin nicht ausreichend wirksam ist)."|"ist nicht belegt"|NA|"A10BD10"
"68"|"https://www.g-ba.de/bewertungsverfahren/nutzenbewertung/70/"|"Constella"|"112"|"Linaclotid"|"2013-10-17"|"Ernährungsumstellung entsprechend ärztlicher Beratung sowie symptomorientierte Behandlung (Obstipation, Blähungen, Krämpfe, Schmerzen)"|"ist nicht belegt"|NA|"A06AX04"
"70"|"https://www.g-ba.de/bewertungsverfahren/nutzenbewertung/71/"|"Elvanse"|"115"|"Lisdexamfetamindimesilat"|"2013-11-14"|"Atomoxetin"|"ist nicht belegt"|NA|"N06BA12"
"71"|"https://www.g-ba.de/bewertungsverfahren/nutzenbewertung/72/"|"Stribild"|"116"|"Elvitegravir/Cobicistat/Emtricitabin/Tenofovirdisoproxil"|"2013-12-05"|"Efavirenz in Kombination mit zwei Nukleosid-/Nukleotidanaloga (Tenofovirdisoproxil plus Emtricitabin oder Abacavir plus Lamivudin)
"|"ist nicht belegt"|NA|"J05AR09"
"71"|"https://www.g-ba.de/bewertungsverfahren/nutzenbewertung/72/"|"Stribild"|"117"|"Elvitegravir/Cobicistat/Emtricitabin/Tenofovirdisoproxil"|"2013-12-05"|"Individuelle antiretrovirale Therapie in Abhängigkeit der Vortherapie(n) und unter Berücksichtigung des Grundes für den Therapiewechsel, insbesondere Therapieversagen; aufgrund eines virologischen Versagens und etwaiger einhergehender Resistenzbildung oder aufgrund von Nebenwirkungen."|"ist nicht belegt"|NA|"J05AR09"
"72"|"https://www.g-ba.de/bewertungsverfahren/nutzenbewertung/73/"|"Nevanac"|"118"|"Nepafenac"|"2013-12-19"|"Diclofenac Augentropfen"|"gilt als nicht belegt"|NA|"S01BC10"
"76"|"https://www.g-ba.de/bewertungsverfahren/nutzenbewertung/76/"|"Xtandi"|"123"|"Enzalutamid"|"2014-02-20"|"Best-Supportive-Care (z. B. adäquate Schmerztherapie)"|"beträchtlich"|"Hinweis"|"L02BB04"
"78"|"https://www.g-ba.de/bewertungsverfahren/nutzenbewertung/79/"|"Zelboraf"|"125"|"Vemurafenib"|"2014-03-06"|"Dacarbazin"|"beträchtlich"|"Hinweis"|"L01EC01"
"79"|"https://www.g-ba.de/bewertungsverfahren/nutzenbewertung/80/"|"Tafinlar"|"126"|"Dabrafenib"|"2014-04-03"|"Vemurafenib"|"ist nicht belegt"|NA|"L01EC02"
"81"|"https://www.g-ba.de/bewertungsverfahren/nutzenbewertung/81/"|"Aubagio"|"128"|"Teriflunomid"|"2014-03-20"|"Die zweckmäßige Vergleichstherapie für die Behandlung von erwachsenen Patienten mit schubförmig-remittierender Multipler Sklerose (MS) ist Beta-Interferon (IFN-ß) 1a oder IFN-ß 1b oder Glatirameracetat unter Beachtung des jeweils zugelassenen Anwendungsgebietes."|"ist nicht belegt"|NA|"L04AK02"
"82"|"https://www.g-ba.de/bewertungsverfahren/nutzenbewertung/83/"|"Eylea"|"129"|"Aflibercept"|"2014-03-20"|"Dexamethason (Intravitreales Implantat) oder Ranibizumab"|"ist nicht belegt"|NA|"S01LA05"
"85"|"https://www.g-ba.de/bewertungsverfahren/nutzenbewertung/86/"|"Xoterna Breezhaler"|"130"|"Indacaterol/Glycopyrronium"|"2014-05-08"|"langwirksame Beta-2-Sympathomimetika (Formoterol oder Salmeterol) oder langwirksame Anticholinergika (Tiotropium) oder die Kombination beider Wirkstoffklassen"|"gering"|"Anhaltspunkt"|"R03AL04"
"85"|"https://www.g-ba.de/bewertungsverfahren/nutzenbewertung/86/"|"Xoterna Breezhaler"|"131"|"Indacaterol/Glycopyrronium"|"2014-05-08"|"langwirksame Beta-2-Sympathomimetika (Formoterol oder Salmeterol) oder langwirksame Anticholinergika (Tiotropium) oder die Kombination beider Wirkstoffklassen"|"gering"|"Hinweis"|"R03AL04"
"85"|"https://www.g-ba.de/bewertungsverfahren/nutzenbewertung/86/"|"Xoterna Breezhaler"|"132"|"Indacaterol/Glycopyrronium"|"2014-05-08"|"langwirksame Beta-2-Sympathomimetika (Formoterol oder Salmeterol) oder langwirksame Anticholinergika (Tiotropium) oder die Kombination beider Wirkstoffklassen"|"ist nicht belegt"|NA|"R03AL04"
"85"|"https://www.g-ba.de/bewertungsverfahren/nutzenbewertung/86/"|"Xoterna Breezhaler"|"133"|"Indacaterol/Glycopyrronium"|"2014-05-08"|"langwirksame Beta-2-Sympathomimetika (Formoterol oder Salmeterol) oder langwirksame Anticholinergika (Tiotropium) oder die Kombination beider Wirkstoffklassen zusätzlich inhalative Corticosteroide"|"ist nicht belegt"|NA|"R03AL04"
"275"|"https://www.g-ba.de/bewertungsverfahren/nutzenbewertung/273/"|"Caprelsa"|"518"|"Vandetanib"|"2017-07-06"|"Best-Supportive-Care"|"nicht quantifizierbar, weil die erforderlichen Nachweise nicht vollständig sind"|"Anhaltspunkt"|"L01EX04"
"276"|"https://www.g-ba.de/bewertungsverfahren/nutzenbewertung/274/"|"Cinqaero"|"542"|"Reslizumab"|"2017-07-06"|"eine patientenindividuelle Therapieeskalation: 
-	der hochdosierten inhalativen Corticosteroide und der langwirksamen Bronchodilatatoren (LABA) mit Tiotropium und ggf. orale Corticosteroide* oder
-	bei IgE-vermittelter Pathogenese des Asthmas ggf. Omalizumab zusätzlich zu hochdosierten inhalativen Corticosteroiden und langwirksamen Bronchodilatatoren (LABA) und ggf. orale Corticosteroide* oder 
-	ggf. der hochdosierten inhalativen Corticosteroide und der langwirksamen Bronchodilatatoren (LABA) mit oralen Corticosteroiden*

*Orale Corticosteroide sollten nur kurzzeitig und in der niedrigst-wirksamen Dosis eingesetzt werden."|"ist nicht belegt"|NA|"R03DX08"
"276"|"https://www.g-ba.de/bewertungsverfahren/nutzenbewertung/274/"|"Cinqaero"|"1353"|"Reslizumab"|"2017-07-06"|"eine patientenindividuelle Therapieeskalation: 
-	der hochdosierten inhalativen Corticosteroide und der langwirksamen Bronchodilatatoren (LABA) mit Tiotropium und ggf. orale Corticosteroide* oder
-	bei IgE-vermittelter Pathogenese des Asthmas ggf. Omalizumab zusätzlich zu hochdosierten inhalativen Corticosteroiden und langwirksamen Bronchodilatatoren (LABA) und ggf. orale Corticosteroide* oder 
-	ggf. der hochdosierten inhalativen Corticosteroide und der langwirksamen Bronchodilatatoren (LABA) mit oralen Corticosteroiden*

*Orale Corticosteroide sollten nur kurzzeitig und in der niedrigst-wirksamen Dosis eingesetzt werden."|"gering"|"Anhaltspunkt"|"R03DX08"
"278"|"https://www.g-ba.de/bewertungsverfahren/nutzenbewertung/277/"|"Afstyla"|"534"|"Lonoctocog alfa"|"2017-07-20"|"rekombinante oder aus humanem Plasma gewonnene Blutgerinnungsfaktor VIII-Präparate"|"ist nicht belegt"|NA|"B02BD35"
"279"|"https://www.g-ba.de/bewertungsverfahren/nutzenbewertung/278/"|"Keytruda"|"602"|"Pembrolizumab"|"2017-08-03"|"Patienten mit ECOG-Performance-Status 0, 1 oder 2:
•	Cisplatin in Kombination mit einem Drittgenerationszytostatikum
(Vinorelbin oder Gemcitabin oder Docetaxel oder Paclitaxel oder Pemetrexed) unter Beachtung des Zulassungsstatus
oder
•	Carboplatin in Kombination mit einem Drittgenerationszytostatikum
(nur für Patienten mit erhöhtem Risiko für Cisplatin-induzierte Nebenwirkungen im Rahmen einer Kombinationstherapie; vgl. Anlage VI zum Abschnitt K der Arzneimittel-Richtlinie)
oder
•	Carboplatin in Kombination mit nab-Paclitaxel
Patienten mit ECOG-Performance-Status 2:
•	alternativ zur Platin-basierten Kombinationsbehandlung: eine Monotherapie mit Gemcitabin oder Vinorelbin"|"beträchtlich"|"Hinweis"|"L01FF02"
"280"|"https://www.g-ba.de/bewertungsverfahren/nutzenbewertung/279/"|"Taltz"|"603"|"Ixekizumab"|"2017-08-17"|"Fumarsäureester oder Ciclosporin oder Methotrexat oder Phototherapie (Balneophototherapie, orale PUVA, NB-UV-B).

Die jeweilige Zulassung der Arzneimittel ist zu berücksichtigen."|"beträchtlich"|"Hinweis"|"L04AC13"
"280"|"https://www.g-ba.de/bewertungsverfahren/nutzenbewertung/279/"|"Taltz"|"1392"|"Ixekizumab"|"2017-08-17"|"Adalimumab oder Infliximab oder Ustekinumab"|"gering"|"Hinweis"|"L04AC13"
"281"|"https://www.g-ba.de/bewertungsverfahren/nutzenbewertung/280/"|"Cosentyx"|"604"|"Secukinumab"|"2017-08-17"|"Fumarsäureester oder Ciclosporin oder Methotrexat oder Phototherapie (Balneophototherapie, orale PUVA, NB-UV-B)

Die jeweilige Zulassung der Arzneimittel ist zu berücksichtigen."|"beträchtlich"|"Hinweis"|"L04AC10"
"282"|"https://www.g-ba.de/bewertungsverfahren/nutzenbewertung/281/"|"Tivicay"|"605"|"Dolutegravir"|"2017-09-21"|"Antiretrovirale Therapie aus 2 NRTI (Abacavir oder Lamivudin oder Emtricitabin oder Zidovudin) und einem NNRTI (Efavirenz oder Nevirapin) oder einem Proteaseinhibitor (Lopinavir oder Atazanavir oder Darunavir, jeweils in Kombination mit Ritonavir)"|"ist nicht belegt"|NA|"J05AJ03"
"282"|"https://www.g-ba.de/bewertungsverfahren/nutzenbewertung/281/"|"Tivicay"|"1245"|"Dolutegravir"|"2017-09-21"|"Individuelle antiretrovirale Therapie in Abhängigkeit der Vortherapie(n) und unter Berücksichtigung des Grundes für den Therapiewechsel, insbesondere Therapieversagen aufgrund eines virologischen Versagens und etwaig einhergehender Resistenzbildung oder aufgrund von Nebenwirkungen."|"ist nicht belegt"|NA|"J05AJ03"
"283"|"https://www.g-ba.de/bewertungsverfahren/nutzenbewertung/283/"|"Inlyta"|"606"|"Axitinib"|"2017-09-21"|"Nivolumab oder Everolimus"|"ist nicht belegt"|NA|"L01EK01"
"283"|"https://www.g-ba.de/bewertungsverfahren/nutzenbewertung/283/"|"Inlyta"|"1217"|"Axitinib"|"2017-09-21"|"Sorafenib"|"gering"|"Anhaltspunkt"|"L01EK01"
"284"|"https://www.g-ba.de/bewertungsverfahren/nutzenbewertung/284/"|"Olumiant"|"607"|"Baricitinib"|"2017-09-21"|"Alternative klassische DMARDs, sofern geeignet (z. B. MTX, Leflunomid) als Mono- oder Kombinationstherapie"|"ist nicht belegt"|NA|"L04AF02"
"284"|"https://www.g-ba.de/bewertungsverfahren/nutzenbewertung/284/"|"Olumiant"|"1775"|"Baricitinib"|"2017-09-21"|"biotechnologisch hergestellte DMARDs (bDMARD) in Kombination mit Methotrexat (MTX) (Adalimumab oder Etanercept oder Certolizumab-Pegol oder Golimumab oder Abatacept oder Tocilizumab); ggf. als Monotherapie unter Berücksichtigung des jeweiligen Zulassungsstatus bei MTX-Unverträglichkeit"|"ist nicht belegt"|NA|"L04AF02"
"284"|"https://www.g-ba.de/bewertungsverfahren/nutzenbewertung/284/"|"Olumiant"|"1776"|"Baricitinib"|"2017-09-21"|"biotechnologisch hergestellte DMARDs (bDMARDs) in Kombination mit Methotrexat (Adalimumab oder Etanercept oder Certolizumab-Pegol oder Golimumab oder Abatacept oder Tocilizumab)"|"ist nicht belegt"|NA|"L04AF02"
"284"|"https://www.g-ba.de/bewertungsverfahren/nutzenbewertung/284/"|"Olumiant"|"1777"|"Baricitinib"|"2017-09-21"|"Wechsel der bDMARD – Therapie (Adalimumab oder Etanercept oder Certolizumab-Pegol oder Golimumab oder Abatacept oder Tocilizumab; in Kombination mit Methotrexat (MTX); ggf. als Monotherapie unter Berücksichtigung des jeweiligen Zulassungsstatus bei MTX-Unverträglichkeit; oder bei Patienten mit schwerer rheumatoider Arthritis Rituximab unter Berücksichtigung der Zulassung) in Abhängigkeit von der Vortherapie. Je nach Vortherapie sollte ein Wechsel des Wirkprinzips erwogen werden."|"ist nicht belegt"|NA|"L04AF02"
"286"|"https://www.g-ba.de/bewertungsverfahren/nutzenbewertung/285/"|"Alecensa"|"609"|"Alectinib"|"2017-10-19"|"Docetaxel oder Pemetrexed oder Ceritinib"|"gering"|"Anhaltspunkt"|"L01ED03"
"286"|"https://www.g-ba.de/bewertungsverfahren/nutzenbewertung/285/"|"Alecensa"|"1701"|"Alectinib"|"2017-10-19"|"Best-Supportive-Care"|"ist nicht belegt"|NA|"L01ED03"
"287"|"https://www.g-ba.de/bewertungsverfahren/nutzenbewertung/286/"|"Tagrisso"|"610"|"Osimertinib"|"2017-10-19"|"eine zytotoxische Chemotherapie nach Maßgabe des Arztes
(unter Beachtung des Zulassungsstatus in Verbindung mit der Verordnungsfähigkeit vonArzneimitteln in Off-Label-Indikationen gemäß Anlage VI der Arzneimittel-Richtlinie)
oder gegebenenfalls 
Best-Supportive-Care für Patienten, die bereits eine zytotoxische Chemotherapie erhalten haben als Alternative für eine weitere zytotoxische Chemotherapie"|"beträchtlich"|"Anhaltspunkt"|"L01EB04"
"289"|"https://www.g-ba.de/bewertungsverfahren/nutzenbewertung/288/"|"Mekinist"|"612"|"Trametinib"|"2017-10-19"|"•	Patienten mit ECOG-Performance-Status 0, 1 oder 2:
−	Cisplatin in Kombination mit einem Drittgenerationszytostatikum (Vinorelbin oder Gemcitabin oder Docetaxel oder Paclitaxel oder Pemetrexed) unter Beachtung des Zulassungsstatus
oder
−	Carboplatin in Kombination mit einem Drittgenerationszytostatikum (nur für Patienten mit erhöhtem Risiko für Cisplatin-induzierte Nebenwirkungen im Rahmen einer Kombinationstherapie; vgl. Anlage VI zum Abschnitt K der Arzneimittel-Richtlinie)
oder
−	Carboplatin in Kombination mit nab-Paclitaxel
•	Patienten mit ECOG-Performance-Status 2:
−	alternativ zur platinbasierten Kombinationsbehandlung: eine Monotherapie mit Gemcitabin oder Vinorelbin"|"ist nicht belegt"|NA|"L01EE01"
"289"|"https://www.g-ba.de/bewertungsverfahren/nutzenbewertung/288/"|"Mekinist"|"1717"|"Trametinib"|"2017-10-19"|"Docetaxel oder Pemetrexed"|"ist nicht belegt"|NA|"L01EE01"
"289"|"https://www.g-ba.de/bewertungsverfahren/nutzenbewertung/288/"|"Mekinist"|"1718"|"Trametinib"|"2017-10-19"|"Best-Supportive-Care"|"ist nicht belegt"|NA|"L01EE01"
"290"|"https://www.g-ba.de/bewertungsverfahren/nutzenbewertung/289/"|"Tafinlar"|"613"|"Dabrafenib"|"2017-10-19"|"• Patienten mit ECOG-Performance-Status 0, 1 oder 2:
− Cisplatin in Kombination mit einem Drittgenerationszytostatikum
(Vinorelbin oder Gemcitabin oder Docetaxel oder Paclitaxel oder Pemetrexed)
unter Beachtung des Zulassungsstatus
oder
− Carboplatin in Kombination mit einem Drittgenerationszytostatikum
(nur für Patienten mit erhöhtem Risiko für Cisplatin-induzierte Nebenwirkungen
im Rahmen einer Kombinationstherapie; vgl. Anlage VI zum Abschnitt K der Arzneimittel-Richtlinie)
oder
− Carboplatin in Kombination mit nab-Paclitaxel

• Patienten mit ECOG-Performance-Status 2:
− alternativ zur platinbasierten Kombinationsbehandlung: eine Monotherapie mit Gemcitabin oder Vinorelbin"|"ist nicht belegt"|NA|"L01EC02"
"290"|"https://www.g-ba.de/bewertungsverfahren/nutzenbewertung/289/"|"Tafinlar"|"1713"|"Dabrafenib"|"2017-10-19"|"Docetaxel oder Pemetrexed"|"ist nicht belegt"|NA|"L01EC02"
"290"|"https://www.g-ba.de/bewertungsverfahren/nutzenbewertung/289/"|"Tafinlar"|"1714"|"Dabrafenib"|"2017-10-19"|"Best-Supportive-Care"|"ist nicht belegt"|NA|"L01EC02"
"292"|"https://www.g-ba.de/bewertungsverfahren/nutzenbewertung/291/"|"Parsabiv"|"615"|"Etelcalcetid"|"2017-11-17"|"Cinacalcet 
Cinacalcet kann als Teil eines therapeutischen Regimes angewendet werden, das je nach Bedarf Phosphatbinder und/oder Vitamin D (auch Analoga) umfassen kann."|"ist nicht belegt"|NA|"H05BX04"
"293"|"https://www.g-ba.de/bewertungsverfahren/nutzenbewertung/292/"|"Keytruda"|"616"|"Pembrolizumab"|"2017-11-17"|"Therapie nach Maßgabe des Arztes unter Berücksichtigung der Zulassung und der Vortherapien"|"ist nicht belegt"|NA|"L01FF02"
"295"|"https://www.g-ba.de/bewertungsverfahren/nutzenbewertung/294/"|"Opdivo"|"618"|"Nivolumab"|"2017-11-17"|"Eine patientenindividuelle Therapie nach Maßgabe des Arztes (Chemotherapie, Strahlentherapie und/oder Operation; bei medikamentöser Therapie unter Beachtung der jeweiligen Zulassung)."|"beträchtlich"|"Anhaltspunkt"|"L01FF01"
"295"|"https://www.g-ba.de/bewertungsverfahren/nutzenbewertung/294/"|"Opdivo"|"1414"|"Nivolumab"|"2017-11-17"|"Eine patientenindividuelle Therapie nach Maßgabe des Arztes (Chemotherapie, Strahlentherapie und/oder Operation; bei medikamentöser Therapie unter Beachtung der jeweiligen Zulassung)."|"ist nicht belegt"|NA|"L01FF01"
"297"|"https://www.g-ba.de/bewertungsverfahren/nutzenbewertung/296/"|"Blincyto"|"620"|"Blinatumomab"|"2017-12-07"|NA|"beträchtlich"|NA|"L01FX07"
"136"|"https://www.g-ba.de/bewertungsverfahren/nutzenbewertung/136/"|"Stivarga"|"250"|"Regorafenib"|"2015-02-19"|"Best-Supportive-Care"|"gilt als nicht belegt"|NA|"L01EX05"
"137"|"https://www.g-ba.de/bewertungsverfahren/nutzenbewertung/139/"|"Eylea"|"251"|"Aflibercept"|"2015-03-05"|"Ranibizumab"|"ist nicht belegt"|NA|"S01LA05"
"138"|"https://www.g-ba.de/bewertungsverfahren/nutzenbewertung/141/"|"Triumeq"|"598"|"Dolutegravir/Abacavir/Lamivudin"|"2015-03-19"|"Efavirenz in Kombination mit zwei Nukleosid-/Nukleotidanaloga (Tenofovirdisoproxil plus Emtricitabin oder Abacavir plus Lamivudin)"|"beträchtlich"|"Hinweis"|"J05AR13"
"138"|"https://www.g-ba.de/bewertungsverfahren/nutzenbewertung/141/"|"Triumeq"|"1267"|"Dolutegravir/Abacavir/Lamivudin"|"2015-03-19"|"Efavirenz in Kombination mit Abacavir plus Lamivudin"|"ist nicht belegt"|NA|"J05AR13"
"138"|"https://www.g-ba.de/bewertungsverfahren/nutzenbewertung/141/"|"Triumeq"|"1268"|"Dolutegravir/Abacavir/Lamivudin"|"2015-03-19"|"Raltegravir in Kombination mit einer individuellen Backbone-Therapie in Abhängigkeit der Vortherapie(n) und unter Berücksichtigung des Grundes für den Therapiewechsel, insbesondere Therapieversagen aufgrund eines virologischen Versagens und etwaig einhergehender Resistenzbildung oder aufgrund von Nebenwirkungen.
Die jeweilige Zulassung der Präparate ist zu beachten."|"ist nicht belegt"|NA|"J05AR13"
"138"|"https://www.g-ba.de/bewertungsverfahren/nutzenbewertung/141/"|"Triumeq"|"1269"|"Dolutegravir/Abacavir/Lamivudin"|"2015-03-19"|"Individuelle antiretrovirale Therapie in Abhängigkeit der Vortherapie(n) und unter Berücksichtigung des Grundes für den Therapiewechsel, insbesondere Therapieversagen aufgrund eines virologischen Versagens und etwaig einhergehender Resistenzbildung oder aufgrund von Nebenwirkungen.
Die jeweilige Zulassung der Präparate ist zu beachten."|"ist nicht belegt"|NA|"J05AR13"
"138"|"https://www.g-ba.de/bewertungsverfahren/nutzenbewertung/141/"|"Triumeq"|"1270"|"Dolutegravir/Abacavir/Lamivudin"|"2015-03-19"|"Individuelle antiretrovirale Therapie in Abhängigkeit der Vortherapie(n) und unter Berücksichtigung des Grundes für den Therapiewechsel, insbesondere Therapieversagen aufgrund eines virologischen Versagens und etwaig einhergehender Resistenzbildung oder aufgrund von Nebenwirkungen.
Die jeweilige Zulassung der Präparate ist zu beachten."|"ist nicht belegt"|NA|"J05AR13"
"140"|"https://www.g-ba.de/bewertungsverfahren/nutzenbewertung/142/"|"Zydelig"|"1683"|"Idelalisib"|"2015-03-19"|"Best-Supportive-Care"|"gilt als nicht belegt"|NA|"L01EM01"
"141"|"https://www.g-ba.de/bewertungsverfahren/nutzenbewertung/144/"|"Velphoro"|"263"|"Sucroferric Oxyhydroxide"|"2015-03-19"|"- kalziumhaltige Phosphatbinder (einzeln oder in Kombination) oder Sevelamer oder Lanthankarbonat Unter kalziumhaltige Phosphatbinder fallen auch Phosphatbinder, die neben kalziumhaltigen zusätzlich magnesiumhaltige phosphatbindende Wirkstoffe enthalten."|"ist nicht belegt"|NA|"V03AE05"
"141"|"https://www.g-ba.de/bewertungsverfahren/nutzenbewertung/144/"|"Velphoro"|"264"|"Sucroferric Oxyhydroxide"|"2015-03-19"|"- bei Patienten, bei denen kalziumhaltige Phosphatbinder laut Fachinformation kontraindiziert sind (z.B. Hyperkalzämie): Sevelamer oder Lanthankarbonat."|"ist nicht belegt"|NA|"V03AE05"
"145"|"https://www.g-ba.de/bewertungsverfahren/nutzenbewertung/147/"|"Latuda"|"270"|"Lurasidon"|"2015-04-16"|"Amisulprid oder Aripiprazol oder Olanzapin oder Paliperidon oder Quetiapin oder Risperidon oder Ziprasidon."|"ist nicht belegt"|NA|"N05AE05"
"145"|"https://www.g-ba.de/bewertungsverfahren/nutzenbewertung/147/"|"Latuda"|"271"|"Lurasidon"|"2015-04-16"|"Amisulprid oder Aripiprazol oder Olanzapin oder Paliperidon oder Quetiapin oder Risperidon oder Ziprasidon."|"ist nicht belegt"|NA|"N05AE05"
"146"|"https://www.g-ba.de/bewertungsverfahren/nutzenbewertung/148/"|"Nuwiq"|"272"|"Simoctocog alfa"|"2015-05-07"|"rekombinante oder aus humanem Plasma gewonnene Blutgerinnungsfaktor VIII-Präparate"|"ist nicht belegt"|NA|"B02BD44"
"147"|"https://www.g-ba.de/bewertungsverfahren/nutzenbewertung/150/"|"Harvoni"|"599"|"Ledipasvir/Sofosbuvir"|"2015-05-21"|"Duale Therapie (Kombination aus Peginterferon alfa und Ribavirin) oder Triple-Therapie (Kombination aus einem Proteaseinhibitor (Boceprevir oder Telaprevir), Peginterferon alfa und Ribavirin)"|"beträchtlich"|"Anhaltspunkt"|"J05AP51"
"147"|"https://www.g-ba.de/bewertungsverfahren/nutzenbewertung/150/"|"Harvoni"|"1185"|"Ledipasvir/Sofosbuvir"|"2015-05-21"|"Duale Therapie (Kombination aus Peginterferon alfa und Ribavirin)"|"beträchtlich"|"Anhaltspunkt"|"J05AP51"
"147"|"https://www.g-ba.de/bewertungsverfahren/nutzenbewertung/150/"|"Harvoni"|"1186"|"Ledipasvir/Sofosbuvir"|"2015-05-21"|"Duale Therapie (Kombination aus Peginterferon alfa und Ribavirin) oder Triple-Therapie (Kombination aus einem Proteaseinhibitor (Boceprevir oder Telaprevir), Peginterferon alfa und Ribavirin)"|"beträchtlich"|"Anhaltspunkt"|"J05AP51"
"147"|"https://www.g-ba.de/bewertungsverfahren/nutzenbewertung/150/"|"Harvoni"|"1187"|"Ledipasvir/Sofosbuvir"|"2015-05-21"|"Duale Therapie (Kombination aus Peginterferon alfa und Ribavirin)"|"ist nicht belegt"|NA|"J05AP51"
"147"|"https://www.g-ba.de/bewertungsverfahren/nutzenbewertung/150/"|"Harvoni"|"1188"|"Ledipasvir/Sofosbuvir"|"2015-05-21"|"Duale Therapie (Kombination aus Peginterferon alfa und Ribavirin)"|"gering"|"Anhaltspunkt"|"J05AP51"
"147"|"https://www.g-ba.de/bewertungsverfahren/nutzenbewertung/150/"|"Harvoni"|"1189"|"Ledipasvir/Sofosbuvir"|"2015-05-21"|"Duale Therapie (Kombination aus Peginterferon alfa und Ribavirin)"|"nicht quantifizierbar"|"Anhaltspunkt"|"J05AP51"
"147"|"https://www.g-ba.de/bewertungsverfahren/nutzenbewertung/150/"|"Harvoni"|"1190"|"Ledipasvir/Sofosbuvir"|"2015-05-21"|"Best-Supportive-Care"|"nicht quantifizierbar"|"Anhaltspunkt"|"J05AP51"
"148"|"https://www.g-ba.de/bewertungsverfahren/nutzenbewertung/151/"|"Jalra"|"92"|"Vildagliptin"|"2015-05-21"|"Humaninsulin in Kombination mit einem Sulfonylharnstoff (Glibenclamid oder Glimepirid)
(Hinweis: ggf. nur Therapie mit Humaninsulin)"|"ist nicht belegt"|NA|"A10BH02"
"152"|"https://www.g-ba.de/bewertungsverfahren/nutzenbewertung/154/"|"Taptiqom"|"275"|"Tafluprost/Timolol"|"2015-06-18"|"Kombinationstherapie aus Beta-Blocker + Prostaglandinanalogon oder Beta-Blocker + Prostamid als freie oder fixe Kombination."|"ist nicht belegt"|NA|"S01ED70"
"153"|"https://www.g-ba.de/bewertungsverfahren/nutzenbewertung/152/"|"Xtandi"|"276"|"Enzalutamid"|"2015-06-18"|"Das abwartende Vorgehen unter Beibehaltung der bestehenden konventionellen Androgendeprivation
oder gegebenenfalls
die kombinierte, maximale Androgenblockade mit einem nichtsteroidalen Antiandrogen (Flutamid, Bicalutamid)
oder
Abirateronacetat unter Beibehaltung der bestehenden Androgendeprivation"|"beträchtlich"|"Hinweis"|"L02BB04"
"154"|"https://www.g-ba.de/bewertungsverfahren/nutzenbewertung/155/"|"Vargatef"|"277"|"Nintedanib"|"2015-06-18"|"Eine Chemotherapie mit Docetaxel oder Pemetrexed
oder
- Gefitinib oder Erlotinib (nur für Patienten mit aktivierenden EGFR-Mutationen)
oder
- Crizotinib (nur für Patienten mit aktivierenden ALK-Mutationen)"|"gering"|"Hinweis"|"L01EX09"
"155"|"https://www.g-ba.de/bewertungsverfahren/nutzenbewertung/153/"|"Signifor"|"280"|"Pasireotid"|"2015-06-18"|NA|"gering"|NA|"H01CB05"
"157"|"https://www.g-ba.de/bewertungsverfahren/nutzenbewertung/159/"|"Exviera"|"283"|"Dasabuvir"|"2015-07-16"|"Duale Therapie (Kombination aus Peginterferon alfa und Ribavirin) oder Triple-Therapie (Kombination aus einem Proteaseinhibitor (Boceprevir oder Telaprevir), Peginterferon alfa und Ribavirin)"|"beträchtlich"|"Hinweis"|"J05AP09"
"157"|"https://www.g-ba.de/bewertungsverfahren/nutzenbewertung/159/"|"Exviera"|"284"|"Dasabuvir"|"2015-07-16"|"Duale Therapie (Kombination aus Peginterferon alfa und Ribavirin) oder Triple-Therapie (Kombination aus einem Proteaseinhibitor (Boceprevir oder Telaprevir), Peginterferon alfa und Ribavirin)"|"beträchtlich"|"Hinweis"|"J05AP09"
"157"|"https://www.g-ba.de/bewertungsverfahren/nutzenbewertung/159/"|"Exviera"|"285"|"Dasabuvir"|"2015-07-16"|"Duale Therapie (Kombination aus Peginterferon alfa und Ribavirin)"|"gering"|"Anhaltspunkt"|"J05AP09"
"157"|"https://www.g-ba.de/bewertungsverfahren/nutzenbewertung/159/"|"Exviera"|"287"|"Dasabuvir"|"2015-07-16"|"Duale Therapie (Kombination aus Peginterferon alfa und Ribavirin) oder Triple-Therapie (Kombination aus einem Proteaseinhibitor (Boceprevir oder Telaprevir), Peginterferon alfa und Ribavirin)"|"beträchtlich"|"Anhaltspunkt"|"J05AP09"
"157"|"https://www.g-ba.de/bewertungsverfahren/nutzenbewertung/159/"|"Exviera"|"288"|"Dasabuvir"|"2015-07-16"|"Duale Therapie (Kombination aus Peginterferon alfa und Ribavirin) oder Triple-Therapie (Kombination aus einem Proteaseinhibitor (Boceprevir oder Telaprevir), Peginterferon alfa und Ribavirin)"|"beträchtlich"|"Anhaltspunkt"|"J05AP09"
"157"|"https://www.g-ba.de/bewertungsverfahren/nutzenbewertung/159/"|"Exviera"|"289"|"Dasabuvir"|"2015-07-16"|"Duale Therapie (Kombination aus Peginterferon alfa und Ribavirin) oder Triple-Therapie (Kombination aus einem Proteaseinhibitor (Boceprevir oder Telaprevir), Peginterferon alfa und Ribavirin)"|"gering"|"Anhaltspunkt"|"J05AP09"
"157"|"https://www.g-ba.de/bewertungsverfahren/nutzenbewertung/159/"|"Exviera"|"291"|"Dasabuvir"|"2015-07-16"|"Duale Therapie (Kombination aus Peginterferon alfa und Ribavirin)"|"gering"|"Anhaltspunkt"|"J05AP09"
"158"|"https://www.g-ba.de/bewertungsverfahren/nutzenbewertung/160/"|"Viekirax"|"294"|"Ombitasvir/Paritaprevir/Ritonavir"|"2015-07-16"|"Duale Therapie (Kombination aus Peginterferon alfa und Ribavirin) oder Triple-Therapie (Kombination aus einem Proteaseinhibitor (Boceprevir oder Telaprevir), Peginterferon alfa und Ribavirin)"|"beträchtlich"|"Hinweis"|"J05AP53"
"158"|"https://www.g-ba.de/bewertungsverfahren/nutzenbewertung/160/"|"Viekirax"|"295"|"Ombitasvir/Paritaprevir/Ritonavir"|"2015-07-16"|"Duale Therapie (Kombination aus Peginterferon alfa und Ribavirin) oder Triple-Therapie (Kombination aus einem Proteaseinhibitor (Boceprevir oder Telaprevir), Peginterferon alfa und Ribavirin)"|"beträchtlich"|"Hinweis"|"J05AP53"
"158"|"https://www.g-ba.de/bewertungsverfahren/nutzenbewertung/160/"|"Viekirax"|"296"|"Ombitasvir/Paritaprevir/Ritonavir"|"2015-07-16"|"Duale Therapie (Kombination aus Peginterferon alfa und Ribavirin)"|"gering"|"Anhaltspunkt"|"J05AP53"
"158"|"https://www.g-ba.de/bewertungsverfahren/nutzenbewertung/160/"|"Viekirax"|"298"|"Ombitasvir/Paritaprevir/Ritonavir"|"2015-07-16"|"Duale Therapie (Kombination aus Peginterferon alfa und Ribavirin) oder Triple-Therapie (Kombination aus einem Proteaseinhibitor (Boceprevir oder Telaprevir), Peginterferon alfa und Ribavirin)"|"beträchtlich"|"Anhaltspunkt"|"J05AP53"
"158"|"https://www.g-ba.de/bewertungsverfahren/nutzenbewertung/160/"|"Viekirax"|"299"|"Ombitasvir/Paritaprevir/Ritonavir"|"2015-07-16"|"Duale Therapie (Kombination aus Peginterferon alfa und Ribavirin) oder Triple-Therapie (Kombination aus einem Proteaseinhibitor (Boceprevir oder Telaprevir), Peginterferon alfa und Ribavirin)"|"beträchtlich"|"Anhaltspunkt"|"J05AP53"
"158"|"https://www.g-ba.de/bewertungsverfahren/nutzenbewertung/160/"|"Viekirax"|"300"|"Ombitasvir/Paritaprevir/Ritonavir"|"2015-07-16"|"Duale Therapie (Kombination aus Peginterferon alfa und Ribavirin)"|"gering"|"Anhaltspunkt"|"J05AP53"
"158"|"https://www.g-ba.de/bewertungsverfahren/nutzenbewertung/160/"|"Viekirax"|"301"|"Ombitasvir/Paritaprevir/Ritonavir"|"2015-07-16"|"Duale Therapie (Kombination aus Peginterferon alfa und Ribavirin)"|"ist nicht belegt"|NA|"J05AP53"
"158"|"https://www.g-ba.de/bewertungsverfahren/nutzenbewertung/160/"|"Viekirax"|"576"|"Ombitasvir/Paritaprevir/Ritonavir"|"2015-07-16"|"Duale Therapie (Kombination aus Peginterferon alfa und Ribavirin) oder Triple-Therapie (Kombination aus einem Proteaseinhibitor (Boceprevir oder Telaprevir), Peginterferon alfa und Ribavirin)"|"gering"|"Anhaltspunkt"|"J05AP53"
"158"|"https://www.g-ba.de/bewertungsverfahren/nutzenbewertung/160/"|"Viekirax"|"578"|"Ombitasvir/Paritaprevir/Ritonavir"|"2015-07-16"|"Duale Therapie (Kombination aus Peginterferon alfa und Ribavirin)"|"gering"|"Anhaltspunkt"|"J05AP53"
"321"|"https://www.g-ba.de/bewertungsverfahren/nutzenbewertung/322/"|"Sovaldi"|"641"|"Sofosbuvir"|"2018-04-05"|"Ribavirin plus Peginterferon alfa 
Die Angaben der Fachinformationen der Kombinationspartner der zweckmäßigen Vergleichstherapie sind zu beachten."|"nicht quantifizierbar"|"Anhaltspunkt"|"J05AP08"
"321"|"https://www.g-ba.de/bewertungsverfahren/nutzenbewertung/322/"|"Sovaldi"|"1194"|"Sofosbuvir"|"2018-04-05"|"Best-Supportive-Care"|"nicht quantifizierbar"|"Anhaltspunkt"|"J05AP08"
"322"|"https://www.g-ba.de/bewertungsverfahren/nutzenbewertung/323/"|"Cabometyx "|"642"|"Cabozantinib"|"2018-04-05"|"Nivolumab oder Everolimus"|"gering"|"Hinweis"|"L01EX07"
"323"|"https://www.g-ba.de/bewertungsverfahren/nutzenbewertung/319/"|"Xermelo"|"643"|"Telotristatethyl"|"2018-04-05"|NA|"nicht quantifizierbar"|NA|"A16AX15"
"325"|"https://www.g-ba.de/bewertungsverfahren/nutzenbewertung/325/"|"Refixia"|"645"|"Nonacog beta pegol"|"2018-04-19"|"rekombinante oder aus humanem Plasma gewonnene Blutgerinnungsfaktor-IX-Präparate"|"ist nicht belegt"|NA|"B02BD36"
"326"|"https://www.g-ba.de/bewertungsverfahren/nutzenbewertung/324/"|"Fotivda"|"646"|"Tivozanib"|"2018-04-19"|"Bevacizumab in Kombination mit Interferon alfa-2a oder eine Monotherapie mit Pazopanib oder Sunitinib"|"ist nicht belegt"|NA|"L01EK03"
"326"|"https://www.g-ba.de/bewertungsverfahren/nutzenbewertung/324/"|"Fotivda"|"1223"|"Tivozanib"|"2018-04-19"|"Temsirolimus"|"ist nicht belegt"|NA|"L01EK03"
"326"|"https://www.g-ba.de/bewertungsverfahren/nutzenbewertung/324/"|"Fotivda"|"1224"|"Tivozanib"|"2018-04-19"|"Axitinib oder Sorafenib"|"ist nicht belegt"|NA|"L01EK03"
"327"|"https://www.g-ba.de/bewertungsverfahren/nutzenbewertung/327/"|"Stribild"|"647"|"Elvitegravir/Cobicistat/Emtricitabin/Tenofovirdisoproxil"|"2018-05-03"|"Individuelle antiretrovirale Therapie in Abhängigkeit der Vortherapie(n) und unter Berücksichtigung des Grundes für den Therapiewechsel, insbesondere Therapieversagen; aufgrund eines virologischen Versagens undetwaig einhergehender Resistenzbildung oder aufgrund von Nebenwirkungen."|"ist nicht belegt"|NA|"J05AR09"
"328"|"https://www.g-ba.de/bewertungsverfahren/nutzenbewertung/326/"|"Oxervate"|"648"|"Cenegermin"|"2018-05-03"|NA|"nicht quantifizierbar"|NA|"S01XA24"
"329"|"https://www.g-ba.de/bewertungsverfahren/nutzenbewertung/331/"|"Fycompa"|"649"|"Perampanel"|"2018-05-17"|"Die zweckmäßige Vergleichstherapie für die Zusatztherapie bei primär generalisierten tonisch-klonischen Anfällen bei Erwachsenen und Jugendlichen ab 12 Jahren mit idiopathischer generalisierter Epilepsie ist:
Eine patientenindividuelle antiepileptische Zusatztherapie, soweit medizinisch indiziert und falls jeweils noch keine Pharmakoresistenz (im Sinne eines nicht ausreichenden Ansprechens), Unverträglichkeit oder Kontraindikation bekannt ist, mit einem der folgenden Wirkstoffe:
Lamotrigin, Levetiracetam, Valproinsäure, Topiramat, Clobazam
Die Therapie soll nach Wahl des Arztes in Abhängigkeit der Basis- und Vortherapie(en) und unter Berücksichtigung des Grundes für den Therapiewechsel und etwaig einhergehender Nebenwirkungen erfolgen.
Die jeweilige Zulassung der Arzneimittel ist zu berücksichtigen."|"ist nicht belegt"|NA|"N03AX22"
"330"|"https://www.g-ba.de/bewertungsverfahren/nutzenbewertung/334/"|"Mavenclad"|"650"|"Cladribin"|"2018-05-17"|"Interferon beta-1a oder Interferon beta-1b oder Glatirameracetat unter Berücksichtigung der Zulassung"|"ist nicht belegt"|NA|"L04AA40"
"330"|"https://www.g-ba.de/bewertungsverfahren/nutzenbewertung/334/"|"Mavenclad"|"1447"|"Cladribin"|"2018-05-17"|"Alemtuzumab oder Fingolimod oder Natalizumab oder, sofern angezeigt, Wechsel innerhalb der Basistherapeutika (Interferon beta-1a oder Interferon beta-1b oder Glatirameracetat unter Berücksichtigung der Zulassung)"|"ist nicht belegt"|NA|"L04AA40"
"331"|"https://www.g-ba.de/bewertungsverfahren/nutzenbewertung/333/"|"Dupixent"|"651"|"Dupilumab"|"2018-05-17"|"Ein patientenindividuell optimiertes Therapieregime in Abhängigkeit der Ausprägung der Erkrankung und unter Berücksichtigung der Vortherapie, unter Berücksichtigung
folgender Therapien:

-topische Glukokortikoide (TCS) der Klassen 2 bis 4 
-Tacrolimus (topisch) 
-UV-Therapie (UVA/NB-UVB) 
-systemische Glukokortikoide (nur kurzfristig im Rahmen einer Schubtherapie)
-Ciclosporin

Der jeweilige Zulassungsstatus der Arzneimittel ist zu berücksichtigen."|"beträchtlich"|"Hinweis"|"D11AH05"
"332"|"https://www.g-ba.de/bewertungsverfahren/nutzenbewertung/332/"|"Tremfya"|"652"|"Guselkumab"|"2018-05-17"|"Fumarsäureester oder Ciclosporin oder Methotrexat oder Phototherapie (NB-UV-B, Photosoletherapie) oder Secukinumab

Die jeweilige Zulassung der Arzneimittel ist zu berücksichtigen."|"beträchtlich"|"Hinweis"|"L04AC16"
"332"|"https://www.g-ba.de/bewertungsverfahren/nutzenbewertung/332/"|"Tremfya"|"1394"|"Guselkumab"|"2018-05-17"|"Adalimumab oder Infliximab oder Secukinumab oder Ustekinumab

Die jeweilige Zulassung der Arzneimittel ist zu berücksichtigen."|"beträchtlich"|"Beleg"|"L04AC16"
"334"|"https://www.g-ba.de/bewertungsverfahren/nutzenbewertung/335/"|"Zytiga"|"654"|"Abirateronacetat"|"2018-06-07"|"- die konventionelle Androgendeprivation, gegebenenfalls in Kombination mit einem nicht-steroidalen Antiandrogen (Flutamid oder Bicalutamid)
oder
- die konventionelle Androgendeprivation in Kombination mit Docetaxel und Prednison oder Prednisolon."|"beträchtlich"|"Hinweis"|"L02BX03"
"89"|"https://www.g-ba.de/bewertungsverfahren/nutzenbewertung/91/"|"Yervoy"|"139"|"Ipilimumab"|"2014-06-05"|"Dacarbazin"|"ist nicht belegt"|NA|"L01FX04"
"89"|"https://www.g-ba.de/bewertungsverfahren/nutzenbewertung/91/"|"Yervoy"|"140"|"Ipilimumab"|"2014-06-05"|"Vemurafenib"|"ist nicht belegt"|NA|"L01FX04"
"95"|"https://www.g-ba.de/bewertungsverfahren/nutzenbewertung/95/"|"Kadcyla"|"143"|"Trastuzumab Emtansin"|"2014-06-19"|"-	Strahlentherapie (für Patientinnen, die für eine Strahlentherapie in Frage kommen)
oder
-	Eine patientenindividuelle, optimierte Therapie nach Maßgabe des Arztes, grundsätzlich unter Beachtung des jeweiligen Zulassungsstatus der eingesetzten Wirkstoffe (für Patientinnen, die nicht für eine Strahlentherapie in Frage kommen)"|"gilt als nicht belegt"|NA|"L01FD03"
"95"|"https://www.g-ba.de/bewertungsverfahren/nutzenbewertung/95/"|"Kadcyla"|"144"|"Trastuzumab Emtansin"|"2014-06-19"|"Lapatinib in Kombination mit Capecitabin"|"beträchtlich"|"Hinweis"|"L01FD03"
"95"|"https://www.g-ba.de/bewertungsverfahren/nutzenbewertung/95/"|"Kadcyla"|"145"|"Trastuzumab Emtansin"|"2014-06-19"|"Eine patientenindividuelle, optimierte Therapie nach Maßgabe des Arztes, grundsätzlich unter Beachtung des jeweiligen Zulassungsstatus der eingesetzten Wirkstoffe"|"gilt als nicht belegt"|NA|"L01FD03"
"96"|"https://www.g-ba.de/bewertungsverfahren/nutzenbewertung/94/"|"Eviplera"|"146"|"Emtricitabin/Rilpivirin/Tenofovirdisoproxil"|"2014-06-19"|"Individuelle antiretrovirale Therapie in Abhängigkeit der Vortherapie(n) und unter Berücksichtigung des Grundes für den Therapiewechsel, insbesondere Therapieversagen aufgrund eines virologischen Versagens und etwaig einhergehender Resistenzbildung oder aufgrund von Nebenwirkungen. Die jeweilige Zulassung der Präparate ist zu beachten"|"ist nicht belegt"|NA|"J05AR08"
"99"|"https://www.g-ba.de/bewertungsverfahren/nutzenbewertung/99/"|"NovoEight"|"150"|"Turoctocog alfa"|"2014-07-03"|"rekombinante oder aus humanem Plasma gewonnene Blutgerinnungsfaktor VIII-Präparate"|"ist nicht belegt"|NA|"B02BD43"
"101"|"https://www.g-ba.de/bewertungsverfahren/nutzenbewertung/102/"|"Sovaldi"|"152"|"Sofosbuvir"|"2014-07-17"|"Duale Therapie (Kombination aus Peginterferon alfa und Ribavirin) oder Triple-Therapie (Kombination aus einem Proteaseinhibitor (Boceprevir oder Telaprevir), Peginterferon alfa und Ribavirin)"|"gering"|"Anhaltspunkt"|"J05AP08"
"101"|"https://www.g-ba.de/bewertungsverfahren/nutzenbewertung/102/"|"Sovaldi"|"153"|"Sofosbuvir"|"2014-07-17"|"Duale Therapie (Kombination aus Peginterferon alfa und Ribavirin)"|"gering"|"Anhaltspunkt"|"J05AP08"
"101"|"https://www.g-ba.de/bewertungsverfahren/nutzenbewertung/102/"|"Sovaldi"|"154"|"Sofosbuvir"|"2014-07-17"|"Duale Therapie (Kombination aus Peginterferon alfa und Ribavirin) oder Triple-Therapie (Kombination aus einem Proteaseinhibitor (Boceprevir oder Telaprevir), Peginterferon alfa und Ribavirin)"|"ist nicht belegt"|NA|"J05AP08"
"101"|"https://www.g-ba.de/bewertungsverfahren/nutzenbewertung/102/"|"Sovaldi"|"155"|"Sofosbuvir"|"2014-07-17"|"Duale Therapie (Kombination aus Peginterferon alfa und Ribavirin)"|"gering"|"Anhaltspunkt"|"J05AP08"
"101"|"https://www.g-ba.de/bewertungsverfahren/nutzenbewertung/102/"|"Sovaldi"|"156"|"Sofosbuvir"|"2014-07-17"|"Duale Therapie (Kombination aus Peginterferon alfa und Ribavirin)"|"beträchtlich"|"Hinweis"|"J05AP08"
"101"|"https://www.g-ba.de/bewertungsverfahren/nutzenbewertung/102/"|"Sovaldi"|"157"|"Sofosbuvir"|"2014-07-17"|"Duale Therapie (Kombination aus Peginterferon alfa und Ribavirin)"|"gering"|"Anhaltspunkt"|"J05AP08"
"101"|"https://www.g-ba.de/bewertungsverfahren/nutzenbewertung/102/"|"Sovaldi"|"158"|"Sofosbuvir"|"2014-07-17"|"Duale Therapie (Kombination aus Peginterferon alfa und Ribavirin)"|"ist nicht belegt"|NA|"J05AP08"
"101"|"https://www.g-ba.de/bewertungsverfahren/nutzenbewertung/102/"|"Sovaldi"|"159"|"Sofosbuvir"|"2014-07-17"|"Duale Therapie (Kombination aus Peginterferon alfa und Ribavirin)"|"ist nicht belegt"|NA|"J05AP08"
"101"|"https://www.g-ba.de/bewertungsverfahren/nutzenbewertung/102/"|"Sovaldi"|"160"|"Sofosbuvir"|"2014-07-17"|"Duale Therapie (Kombination aus Peginterferon alfa und Ribavirin)"|"gering"|"Anhaltspunkt"|"J05AP08"
"104"|"https://www.g-ba.de/bewertungsverfahren/nutzenbewertung/104/"|"Tivicay"|"172"|"Dolutegravir"|"2014-08-07"|"Efavirenz in Kombination mit zwei Nukleosid-/Nukleotidanaloga (Tenofovirdisoproxil plus Emtricitabin oder Abacavir plus Lamivudin)"|"beträchtlich"|"Beleg"|"J05AJ03"
"104"|"https://www.g-ba.de/bewertungsverfahren/nutzenbewertung/104/"|"Tivicay"|"173"|"Dolutegravir"|"2014-08-07"|"Efavirenz in Kombination mit Abacavir plus Lamivudin"|"ist nicht belegt"|NA|"J05AJ03"
"104"|"https://www.g-ba.de/bewertungsverfahren/nutzenbewertung/104/"|"Tivicay"|"174"|"Dolutegravir"|"2014-08-07"|"Raltegravir in Kombination mit einer individuellen Backbone-Therapie in Abhängigkeit der Vortherapie(n) und unter Berücksichtigung des Grundes für den Therapiewechsel, insbesondere Therapieversagen aufgrund eines virologischen Versagens und etwaig einhergehender Resistenzbildung oder aufgrund von Nebenwirkungen. 
Die jeweilige Zulassung der Präparate ist zu beachten."|"gering"|"Hinweis"|"J05AJ03"
"104"|"https://www.g-ba.de/bewertungsverfahren/nutzenbewertung/104/"|"Tivicay"|"175"|"Dolutegravir"|"2014-08-07"|"Individuelle antiretrovirale Therapie in Abhängigkeit der Vortherapie(n) und unter Berücksichtigung des Grundes für den Therapiewechsel, insbesondere Therapieversagen aufgrund eines virologischen Versagens und etwaig einhergehender Resistenzbildung oder aufgrund von Nebenwirkungen. 
Die jeweilige Zulassung der Präparate ist zu beachten."|"ist nicht belegt"|NA|"J05AJ03"
"104"|"https://www.g-ba.de/bewertungsverfahren/nutzenbewertung/104/"|"Tivicay"|"176"|"Dolutegravir"|"2014-08-07"|"Individuelle antiretrovirale Therapie in Abhängigkeit der Vortherapie(n) und unter Berücksichtigung des Grundes für den Therapiewechsel, insbesondere Therapieversagen aufgrund eines virologischen Versagens und etwaig einhergehender Resistenzbildung oder aufgrund von Nebenwirkungen. 
Die jeweilige Zulassung der Präparate ist zu beachten."|"ist nicht belegt"|NA|"J05AJ03"
"105"|"https://www.g-ba.de/bewertungsverfahren/nutzenbewertung/105/"|"Invokana"|"177"|"Canagliflozin"|"2014-09-04"|"Sulfonylharnstoff (Glibenclamid oder Glimepirid)"|"ist nicht belegt"|NA|"A10BK02"
"105"|"https://www.g-ba.de/bewertungsverfahren/nutzenbewertung/105/"|"Invokana"|"178"|"Canagliflozin"|"2014-09-04"|"Metformin + Sulfonylharnstoff (Glibenclamid oder Glimepirid) 
(Hinweis: Wenn Metformin gemäß Fachinformation nicht geeignet ist, ist Humaninsulin als Therapieoption einzusetzen.)"|"ist nicht belegt"|NA|"A10BK02"
"105"|"https://www.g-ba.de/bewertungsverfahren/nutzenbewertung/105/"|"Invokana"|"179"|"Canagliflozin"|"2014-09-04"|"Metformin + Sulfonylharnstoff (Glibenclamid oder Glimepirid) 
(Hinweis: Wenn Metformin gemäß Fachinformation nicht geeignet ist, ist Humaninsulin als Therapieoption einzusetzen.)"|"ist nicht belegt"|NA|"A10BK02"
"105"|"https://www.g-ba.de/bewertungsverfahren/nutzenbewertung/105/"|"Invokana"|"180"|"Canagliflozin"|"2014-09-04"|"Metformin + Humaninsulin 
(Hinweis: Therapie nur mit Humaninsulin, wenn Metformin gemäß Fachinformation nicht ausreichend wirksam oder unverträglich.)"|"ist nicht belegt"|NA|"A10BK02"
"105"|"https://www.g-ba.de/bewertungsverfahren/nutzenbewertung/105/"|"Invokana"|"181"|"Canagliflozin"|"2014-09-04"|"Metformin + Humaninsulin 
(Hinweis: Therapie nur mit Humaninsulin, wenn Metformin gemäß Fachinformation nicht ausreichend wirksam oder unverträglich.)"|"ist nicht belegt"|NA|"A10BK02"
"106"|"https://www.g-ba.de/bewertungsverfahren/nutzenbewertung/107/"|"Tybost"|"182"|"Cobicistat"|"2014-09-18"|"Ritonavir"|"gilt als nicht belegt"|NA|"V03AX03"
"108"|"https://www.g-ba.de/bewertungsverfahren/nutzenbewertung/111/"|"Tecfidera"|"183"|"Dimethylfumarat"|"2014-10-16"|"Interferon beta-1a oder Interferon beta-1b oder Glatirameracetat"|"ist nicht belegt"|NA|"L04AX07"
"110"|"https://www.g-ba.de/bewertungsverfahren/nutzenbewertung/109/"|"Tresiba"|"1327"|"Insulin degludec"|"2014-10-16"|"Humaninsulin"|"ist nicht belegt"|NA|"A10AE06"
"111"|"https://www.g-ba.de/bewertungsverfahren/nutzenbewertung/113/"|"Orphacol"|"190"|"Cholsäure"|"2014-11-06"|NA|"nicht quantifizierbar, weil die erforderlichen Nachweise nicht vollständig sind"|NA|"A05AA03"
"112"|"https://www.g-ba.de/bewertungsverfahren/nutzenbewertung/115/"|"Fycompa"|"191"|"Perampanel"|"2014-11-06"|"Die zweckmäßige Vergleichstherapie für die Zusatztherapie fokaler Anfälle mit oder ohne sekundäre Generalisierung bei Epilepsiepatienten ab 12 Jahren ist eine individuelle antiepileptische Zusatztherapie, soweit medizinisch indiziert und falls noch keine Pharmakoresistenz/Unverträglichkeit und Kontraindikationen bekannt sind, mit einem der folgenden Wirkstoffe:
Eslicarbazepin¹ oder Gabapentin oder Lacosamid² oder Lamotrigin oder Levetiracetam oder Oxcarbazepin oder Pregabalin¹ oder Topiramat oder Valproinsäure oder Zonisamid.
Die Therapie soll nach Wahl des Arztes in Abhängigkeit der Basis – und Vortherapie(en) und unter Berücksichtigung des Grundes für den Therapiewechsel und etwaig einhergehender Nebenwirkungen erfolgen. Die jeweilige Zulassung der Präparate ist zu beachten.

¹Für Erwachsene.
²Für Patienten ab 16 Jahren."|"ist nicht belegt"|NA|"N03AX22"
"113"|"https://www.g-ba.de/bewertungsverfahren/nutzenbewertung/116/"|"Jakavi"|"192"|"Ruxolitinib"|"2014-11-06"|"Best-Supportive-Care"|"beträchtlich"|"Anhaltspunkt"|"L01EJ01"
"116"|"https://www.g-ba.de/bewertungsverfahren/nutzenbewertung/117/"|"Betmiga"|"194"|"Mirabegron"|"2014-11-20"|"Darifenacin oder Fesoterodin oder Propiverin oder Solifenacin oder Tolterodin oder Trospiumchlorid."|"ist nicht belegt"|NA|"G04BD12"
"119"|"https://www.g-ba.de/bewertungsverfahren/nutzenbewertung/119/"|"BioBag"|"212"|"lebende Larven von Lucilia sericata"|"2014-11-20"|"Die zweckmäßige Vergleichstherapie für das Debridement belegter chronischer oder schwer heilender Wunden ist eine patientenindividuell geeignete Debridement-Technik nach Wahl des Arztes. Kriterien für die Auswahl der Debridement-Technik sind unter anderem der Wundtyp, sowie die Lokalisation und Größe der Wunde."|"gilt als nicht belegt"|NA|"D03AX32"
"121"|"https://www.g-ba.de/bewertungsverfahren/nutzenbewertung/122/"|"Sylvant"|"214"|"Siltuximab"|"2014-12-04"|NA|"nicht quantifizierbar"|NA|"L04AC11"
"123"|"https://www.g-ba.de/bewertungsverfahren/nutzenbewertung/124/"|"Anoro Ellipta"|"217"|"Vilanterol/Umeclidinium"|"2015-01-08"|"-	langwirksame Beta-2-Sympathomimetika (Formoterol oder Salmeterol)
oder
-	langwirksame Anticholinergika (Tiotropium)
oder
-	die Kombination beider Wirkstoffklassen"|"ist nicht belegt"|NA|"R03AL03"
"123"|"https://www.g-ba.de/bewertungsverfahren/nutzenbewertung/124/"|"Anoro Ellipta"|"218"|"Vilanterol/Umeclidinium"|"2015-01-08"|"zusätzlich inhalative Corticosteroide (zu langwirksamen Beta-2-Sympathomimetika [Formoterol oder Salmeterol] oder langwirksamen Anticholinergika [Tiotropium] oder der Kombination beider Wirkstoffklassen)"|"gilt als nicht belegt"|NA|"R03AL03"
"124"|"https://www.g-ba.de/bewertungsverfahren/nutzenbewertung/125/"|"Entyvio"|"219"|"Vedolizumab"|"2015-01-08"|"Ein TNF-alpha-Antagonist (Adalimumab oder Infliximab)"|"ist nicht belegt"|NA|"L04AG05"
"124"|"https://www.g-ba.de/bewertungsverfahren/nutzenbewertung/125/"|"Entyvio"|"220"|"Vedolizumab"|"2015-01-08"|"Ein TNF-alpha-Antagonist (Adalimumab oder Infliximab unter Berücksichtigung der Vortherapien)
(Hinweis: Bei Versagen der Therapie mit einem TNF-alpha-Antagonisten (Adalimumab oder Infliximab) ist eine Dosisanpassung oder ein Wechsel auf jeweils den anderen TNF-alpha-Antagonisten möglich.)"|"ist nicht belegt"|NA|"L04AG05"
"124"|"https://www.g-ba.de/bewertungsverfahren/nutzenbewertung/125/"|"Entyvio"|"221"|"Vedolizumab"|"2015-01-08"|"Ein TNF-alpha-Antagonist (Adalimumab oder Infliximab)"|"ist nicht belegt"|NA|"L04AG05"
"124"|"https://www.g-ba.de/bewertungsverfahren/nutzenbewertung/125/"|"Entyvio"|"222"|"Vedolizumab"|"2015-01-08"|"Ein TNF-alpha-Antagonist (Adalimumab oder Infliximab unter Berücksichtigung der Vortherapien)
(Hinweis: Bei Versagen der Therapie mit einem TNF-alpha-Antagonisten (Adalimumab oder Infliximab) ist eine Dosisanpassung oder ein Wechsel auf jeweils den anderen TNF-alpha-Antagonisten möglich.)"|"ist nicht belegt"|NA|"L04AG05"
"126"|"https://www.g-ba.de/bewertungsverfahren/nutzenbewertung/128/"|"Halaven"|"224"|"Eribulin"|"2015-01-22"|"patientenindividuell bestimmte Chemotherapie unter Verwendung der Wirkstoffe als Monotherapie mit Capecitabin, Vinorelbin"|"beträchtlich"|"Anhaltspunkt"|"L01XX41"
"126"|"https://www.g-ba.de/bewertungsverfahren/nutzenbewertung/128/"|"Halaven"|"225"|"Eribulin"|"2015-01-22"|"patientenindividuell bestimmte Chemotherapie mit einer erneuten Anthrazyklin- oder Taxan-haltigen Therapie"|"ist nicht belegt"|NA|"L01XX41"
"126"|"https://www.g-ba.de/bewertungsverfahren/nutzenbewertung/128/"|"Halaven"|"226"|"Eribulin"|"2015-01-22"|"Lapatinib in Kombination mit Capecitabin oder Lapatinib in Kombination mit Trastuzumab"|"gilt als nicht belegt"|NA|"L01XX41"
"129"|"https://www.g-ba.de/bewertungsverfahren/nutzenbewertung/129/"|"Vokanamet"|"233"|"Canagliflozin/Metformin"|"2015-02-05"|"Sulfonylharnstoff (Glibenclamid oder Glimepirid) + Metformin"|"ist nicht belegt"|NA|"A10BD16"
"129"|"https://www.g-ba.de/bewertungsverfahren/nutzenbewertung/129/"|"Vokanamet"|"234"|"Canagliflozin/Metformin"|"2015-02-05"|"Humaninsulin + Metformin
(Hinweis: Therapie nur mit Humaninsulin, wenn Metformin nicht ausreichend wirksam ist)."|"ist nicht belegt"|NA|"A10BD16"
"129"|"https://www.g-ba.de/bewertungsverfahren/nutzenbewertung/129/"|"Vokanamet"|"235"|"Canagliflozin/Metformin"|"2015-02-05"|"Humaninsulin + Metformin
(Hinweis: Therapie nur mit Humaninsulin, wenn Metformin nicht ausreichend wirksam ist)."|"ist nicht belegt"|NA|"A10BD16"
"130"|"https://www.g-ba.de/bewertungsverfahren/nutzenbewertung/132/"|"Eliquis"|"236"|"Apixaban"|"2015-02-19"|"Initial-Behandlung (Antikoagulation) einer tiefen Venenthrombose (TVT) bzw. einer Lungenembolie (LE) bei Erwachsenen Niedermolekulare Heparine, die für diese Indikationen zugelassen sind (z.B. Enoxaparin).
Die Wirkstoffe sollen in den für die jeweilige Indikation zugelassenen Dosierungen gegeben und patientenindividuell optimiert eingesetzt werden.
(parallel zur Initial-Behandlung einzuleitende) Sekundär-Prophylaxe einer rezidivierenden tiefen Venenthrombose (TVT) bzw. Lungenembolie (LE) bei Erwachsenen Vitamin-K-Antagonisten"|"gering"|"Hinweis"|"B01AF02"
"130"|"https://www.g-ba.de/bewertungsverfahren/nutzenbewertung/132/"|"Eliquis"|"237"|"Apixaban"|"2015-02-19"|"Vitamin-K-Antagonisten"|"gilt als nicht belegt"|NA|"B01AF02"
"131"|"https://www.g-ba.de/bewertungsverfahren/nutzenbewertung/135/"|"Selincro"|"238"|"Nalmefen"|"2015-02-19"|"Für Nalmefen zur Reduktion des Alkoholkonsums bei alkoholabhängigen Patienten, deren Alkoholkonsum sich auf einem hohen Risikoniveau befindet (DRL: drinking risk level), bei denen keine körperlichen Entzugserscheinungen vorliegen und für die keine sofortige Entgiftung erforderlich ist, und dessen Verordnung nach den Maßgaben der Verordnungseinschränkung in Anlage III Nummer 2 der Arzneimittel-Richtlinie erfolgt, ist die zweckmäßige Vergleichstherapie:
-	Naltrexon zur Unterstützung der Reduktion des Alkoholkonsums nach den Maßgaben der Verordnungseinschränkung in Anlage III Nummer 2 der Arzneimittel-Richtlinie mit psychosozialer Unterstützung entsprechend der Zulassung.

Hinweis:
Es wird davon ausgegangen, dass bei den Patienten, die für eine Behandlung mit Nalmefen nach den Maßgaben der Verordnungseinschränkung infrage kommen, eine Arzneimittel-therapie zur Unterstützung der Reduktion des Alkoholkonsums zwingend angezeigt ist, weil alle in Betracht kommenden niedrigschwelligeren Hilfsangebote (z.B. psychosoziale Beratungsstellen, Selbsthilfegruppen) ausgeschöpft sind"|"ist nicht belegt"|NA|"N07BB05"
"132"|"https://www.g-ba.de/bewertungsverfahren/nutzenbewertung/137/"|"Hemangiol"|"239"|"Propranolol"|"2015-02-19"|"eine patientenindividuell ausgerichtete Behandlung
Die Angaben in den jeweiligen Fachinformationen der zur Behandlung eingesetzten Arzneimittel sind zu beachten."|"nicht quantifizierbar"|"Anhaltspunkt"|"C07AA05"
"132"|"https://www.g-ba.de/bewertungsverfahren/nutzenbewertung/137/"|"Hemangiol"|"240"|"Propranolol"|"2015-02-19"|"eine patientenindividuell ausgerichtete Behandlung
Die Angaben in den jeweiligen Fachinformationen der zur Behandlung eingesetzten Arzneimittel sind zu beachten."|"erheblich"|"Hinweis"|"C07AA05"
"134"|"https://www.g-ba.de/bewertungsverfahren/nutzenbewertung/133/"|"Revestive"|"248"|"Teduglutid"|"2015-02-19"|NA|"gering"|NA|"A16AX08"
"336"|"https://www.g-ba.de/bewertungsverfahren/nutzenbewertung/339/"|"Alecensa"|"655"|"Alectinib"|"2018-06-21"|"Crizotinib"|"nicht quantifizierbar"|"Anhaltspunkt"|"L01ED03"
"340"|"https://www.g-ba.de/bewertungsverfahren/nutzenbewertung/341/"|"Genvoya"|"659"|"Elvitegravir/Cobicistat/Emtricitabin/Tenofoviralafenamid"|"2018-07-05"|"Atazanavir plus Ritonavir in Kombination mit Abacavir plus Emtricitabin oder in Kombination mit Abacavir plus Lamivudin oder Dolutegravir in Kombination mit Abacavir plus Emtricitabin oder in Kombination mit Abacavir plus Lamivudin"|"ist nicht belegt"|NA|"J05AR18"
"340"|"https://www.g-ba.de/bewertungsverfahren/nutzenbewertung/341/"|"Genvoya"|"1295"|"Elvitegravir/Cobicistat/Emtricitabin/Tenofoviralafenamid"|"2018-07-05"|"Individuelle antiretrovirale Therapie in Abhängigkeit der Vortherapie(n) und unter Berücksichtigung des Grundes für den Therapiewechsel, insbesondere Therapieversagen; aufgrund eines virologischen Versagens und etwaig einhergehender Resistenzbildung oder aufgrund von Nebenwirkungen."|"ist nicht belegt"|NA|"J05AR18"
"341"|"https://www.g-ba.de/bewertungsverfahren/nutzenbewertung/342/"|"Adcetris"|"660"|"Brentuximab Vedotin"|"2018-07-05"|NA|"gering"|NA|"L01FX05"
"342"|"https://www.g-ba.de/bewertungsverfahren/nutzenbewertung/343/"|"Ocrevus"|"661"|"Ocrelizumab"|"2018-08-02"|"Interferon beta-1a oder Interferon beta-1b oder Glatirameracetat unter Berücksichtigung der Zulassung"|"gering"|"Beleg"|"L04AG08"
"342"|"https://www.g-ba.de/bewertungsverfahren/nutzenbewertung/343/"|"Ocrevus"|"1445"|"Ocrelizumab"|"2018-08-02"|"Alemtuzumab oder Fingolimod oder Natalizumab oder, sofern angezeigt, Wechsel innerhalb der Basistherapeutika (Interferon beta-1a oder Interferon beta-1b oder Glatirameracetat unter Berücksichtigung der Zulassung)"|"ist nicht belegt"|NA|"L04AG08"
"342"|"https://www.g-ba.de/bewertungsverfahren/nutzenbewertung/343/"|"Ocrevus"|"1446"|"Ocrelizumab"|"2018-08-02"|"Best-Supportive-Care"|"gering"|"Anhaltspunkt"|"L04AG08"
"343"|"https://www.g-ba.de/bewertungsverfahren/nutzenbewertung/344/"|"Orkambi"|"662"|"Lumacaftor/Ivacaftor"|"2018-08-02"|"Bestmögliche symptomatische Therapie (BST) (insbesondere Antibiotika bei pulmonalen Infektionen, Mukolytika, Pankreasenzyme bei Pankreasinsuffizienz, Physiotherapie (i. S. der Heilmittel-RL)), unter Ausschöpfung aller möglicher diätetischer Maßnahmen."|"nicht quantifizierbar"|"Anhaltspunkt"|"R07AX30"
"374"|"https://www.g-ba.de/bewertungsverfahren/nutzenbewertung/374/"|"Lamzede"|"692"|"Velmanase alfa"|"2018-12-20"|NA|"nicht quantifizierbar"|NA|"A16AB15"
"375"|"https://www.g-ba.de/bewertungsverfahren/nutzenbewertung/373/"|"Yervoy"|"693"|"Ipilimumab"|"2018-12-20"|"- Vemurafenib in Kombination mit Cobimetinib oder
- Dabrafenib in Kombination mit Trametinib"|"ist nicht belegt"|NA|"L01FX04"
"375"|"https://www.g-ba.de/bewertungsverfahren/nutzenbewertung/373/"|"Yervoy"|"1552"|"Ipilimumab"|"2018-12-20"|"- Pembrolizumab oder 
- Nivolumab"|"geringerer Nutzen"|"Hinweis"|"L01FX04"
"375"|"https://www.g-ba.de/bewertungsverfahren/nutzenbewertung/373/"|"Yervoy"|"1553"|"Ipilimumab"|"2018-12-20"|"Eine patientenindividuelle Therapie nach Maßgabe des behandelnden Arztes in Abhängigkeit von der jeweiligen Vortherapie und unter Berücksichtigung des Zulassungsstatus (hiervon ausgenommen: Dacarbazin und Lomustin)."|"ist nicht belegt"|NA|"L01FX04"
"376"|"https://www.g-ba.de/bewertungsverfahren/nutzenbewertung/377/"|"Tagrisso"|"694"|"Osimertinib"|"2019-01-17"|"Afatinib oder Gefitinib oder Erlotinib"|"beträchtlich"|"Anhaltspunkt"|"L01EB04"
"376"|"https://www.g-ba.de/bewertungsverfahren/nutzenbewertung/377/"|"Tagrisso"|"1719"|"Osimertinib"|"2019-01-17"|"eine patientenindividuelle Therapie in Abhängigkeit von der aktivierenden EGFR-Mutation unter Auswahl von:
− Afatinib, Gefitinib, Erlotinib,
− Cisplatin in Kombination mit einem Drittgenerationszytostatikum (Vinorelbin oder Gemcitabin oder Docetaxel oder Paclitaxel oder Pemetrexed),
− Carboplatin in Kombination mit einem Drittgenerationszytostatikum (Vinorelbin oder Gemcitabin oder Docetaxel oder Paclitaxel oder Pemetrexed) (vgl. Anlage VI zum Abschnitt K der Arzneimittel-Richtlinie),
− Carboplatin in Kombination mit nab-Paclitaxel,
und
− Monotherapie mit Gemcitabin oder Vinorelbin (nur für Patienten mit ECOG-Performance-Status 2 als Alternative zur Platin-basierten Kombinationsbehandlung)."|"ist nicht belegt"|NA|"L01EB04"
"377"|"https://www.g-ba.de/bewertungsverfahren/nutzenbewertung/378/"|"Briviact (in Italy: Nubriveo)"|"695"|"Brivaracetam"|"2019-01-17"|"Eine patientenindividuelle antiepileptische Zusatztherapie, soweit medizinisch indiziert und falls jeweils noch keine Pharmakoresistenz (im Sinne eines nicht ausreichenden Ansprechens), Unverträglichkeit und Kontraindikationen bekannt sind, mit einem der folgenden Wirkstoffe:
Eslicarbazepin¹, Gabapentin², Lacosamid, Lamotrigin, Levetiracetam, Oxcarbazepin², Perampanel³, Topiramat, Valproinsäure⁴, Zonisamid²
Die Therapie soll nach Wahl des Arztes in Abhängigkeit der Basis- und Vortherapie(en) und unter Berücksichtigung des Grundes für den Therapiewechsel und etwaig einhergehender Nebenwirkungen erfolgen.
Die jeweilige Zulassung der Arzneimittel ist zu berücksichtigen.

¹Zulassung für Kinder über 6 Jahre
²Zulassung für Kinder ab 6 Jahren
³Zulassung für Jugendliche ab 12 Jahren
⁴Valproinsäure kommt für die Zusatzbehandlung fokaler Anfälle mit oder ohne sekundäre Generalisierung bei Kindern und Jugendlichen im Alter von 4 bis <16 Jahren aufgrund von potentiell auftretenden Leberschäden und der Teratogenität nicht regelhaft in Frage. Im Rahmen einer patientenindividuellen Therapie kann die Zusatzbehandlung mit Valproinsäure jedoch eine mögliche Option darstellen."|"ist nicht belegt"|NA|"N03AX23"
"378"|"https://www.g-ba.de/bewertungsverfahren/nutzenbewertung/379/"|"Xeljanz"|"696"|"Tofacitinib"|"2019-02-21"|"ein TNF-alpha-Antagonist (Adalimumab oder Certolizumab Pegol oder Etanercept oder Golimumab oder Infliximab) ggf. in Kombination mit Methotrexat"|"gering"|"Anhaltspunkt"|"L04AF01"
"378"|"https://www.g-ba.de/bewertungsverfahren/nutzenbewertung/379/"|"Xeljanz"|"1356"|"Tofacitinib"|"2019-02-21"|"Wechsel auf ein anderes biologisches krankheitsmodifizierendes Antirheumatikum (Adalimumab oder Certolizumab Pegol oder Etanercept oder Golimumab oder Infliximab oder Secukinumab oder Ustekinumab) ggf. in Kombination mit Methotrexat"|"ist nicht belegt"|NA|"L04AF01"
"379"|"https://www.g-ba.de/bewertungsverfahren/nutzenbewertung/380/"|"Xeljanz"|"697"|"Tofacitinib"|"2019-02-21"|"TNF-α-Antagonist (Adalimumab oder Infliximab oder Golimumab"|"ist nicht belegt"|NA|"L04AF01"
"379"|"https://www.g-ba.de/bewertungsverfahren/nutzenbewertung/380/"|"Xeljanz"|"1760"|"Tofacitinib"|"2019-02-21"|"TNF-α-Antagonist (Adalimumab oder Infliximab oder Golimumab) oder Integrin-Inhibitor (Vedolizumab), jeweils unter Berücksichtigung der Zulassung und der Vortherapie(n)"|"ist nicht belegt"|NA|"L04AF01"
"380"|"https://www.g-ba.de/bewertungsverfahren/nutzenbewertung/383/"|"Bosulif"|"698"|"Bosutinib"|"2019-02-21"|"Ponatinib"|"ist nicht belegt"|NA|"L01EA04"
"380"|"https://www.g-ba.de/bewertungsverfahren/nutzenbewertung/383/"|"Bosulif"|"1693"|"Bosutinib"|"2019-02-21"|"Ponatinib"|"ist nicht belegt"|NA|"L01EA04"
"382"|"https://www.g-ba.de/bewertungsverfahren/nutzenbewertung/382/"|"Mylotarg"|"700"|"Gemtuzumab Ozogamicin"|"2019-02-21"|NA|"nicht quantifizierbar"|NA|"L01FX02"
"344"|"https://www.g-ba.de/bewertungsverfahren/nutzenbewertung/348/"|"Odomzo"|"663"|"Sonidegib"|"2018-08-02"|"Vismodegib"|"ist nicht belegt"|NA|"L01XJ02"
"345"|"https://www.g-ba.de/bewertungsverfahren/nutzenbewertung/347/"|"Fasenra"|"664"|"Benralizumab"|"2018-08-02"|"eine patientenindividuelle Therapieeskalation:
- der hochdosierten inhalativen Corticosteroide (ICS) und der langwirksamen Beta-Agonisten (LABA) mit Tiotropium und ggf. orale Corticosteroide (OCS)*' oder
- bei IgE-vermittelter Pathogenese des Asthmas ggf. Omalizumab zusätzlich zu hochdosierten ICS und LABA und ggf. OCS*' oder
- ggf. der hochdosierten ICS und LABA mit OCS*'*² oder
- ggf. der hochdosierten ICS und LABA mit Mepolizumab bei Patienten, die nicht anderweitig eskaliert werden können

*' Orale Corticosteroide sollten nur kurzzeitig und in der niedrigst-wirksamen Dosis eingesetzt werden. Bei der Behandlung des Asthmas mit OCS ist darauf zu achten, dass die Dosierung von OCS die Cushing-Schwelle möglichst nicht dauerhaft überschreitet. Eine Behandlung von Exazerbationen ist davon abzugrenzen.
*² Eine Therapie mit OCS ist im Vergleich zu den anderen genannten Wirkstoffen - sofern diese geeignet sind - nicht als zu präferierende Therapieoption anzusehen."|"ist nicht belegt"|NA|"R03DX10"
"345"|"https://www.g-ba.de/bewertungsverfahren/nutzenbewertung/347/"|"Fasenra"|"1336"|"Benralizumab"|"2018-08-02"|"eine patientenindividuelle Therapieeskalation:
- der hochdosierten inhalativen Corticosteroide (ICS) und der langwirksamen Beta-Agonisten (LABA) mit Tiotropium und ggf. orale Corticosteroide (OCS)*' oder
- bei IgE-vermittelter Pathogenese des Asthmas ggf. Omalizumab zusätzlich zu hochdosierten ICS und LABA und ggf. OCS*' oder
- ggf. der hochdosierten ICS und LABA mit OCS*'*² oder
- ggf. der hochdosierten ICS und LABA mit Mepolizumab bei Patienten, die nicht anderweitig eskaliert werden können

*' Orale Corticosteroide sollten nur kurzzeitig und in der niedrigst-wirksamen Dosis eingesetzt werden. Bei der Behandlung des Asthmas mit OCS ist darauf zu achten, dass die Dosierung von OCS die Cushing-Schwelle möglichst nicht dauerhaft überschreitet. Eine Behandlung von Exazerbationen ist davon abzugrenzen.
*² Eine Therapie mit OCS ist im Vergleich zu den anderen genannten Wirkstoffen - sofern diese geeignet sind - nicht als zu präferierende Therapieoption anzusehen."|"gering"|"Anhaltspunkt"|"R03DX10"
"348"|"https://www.g-ba.de/bewertungsverfahren/nutzenbewertung/349/"|"Yervoy"|"667"|"Ipilimumab"|"2018-08-02"|"Therapie nach Maßgabe des Arztes"|"ist nicht belegt"|NA|"L01FX04"
"349"|"https://www.g-ba.de/bewertungsverfahren/nutzenbewertung/351/"|"Ravicti"|"668"|"Glycerolphenylbutyrat"|"2018-08-16"|NA|"nicht quantifizierbar"|NA|"A16AX09"
"160"|"https://www.g-ba.de/bewertungsverfahren/nutzenbewertung/156/"|"Duaklir Genuair"|"307"|"Formoterol/Aclidiniumbromid"|"2015-07-16"|"langwirksame Beta-2-Sympathomimetika (Formoterol oder Salmeterol) oder langwirksame Anticholinergika (Tiotropium) oder die Kombination beider Wirkstoffklassen"|"gering"|"Hinweis"|"R03AL05"
"160"|"https://www.g-ba.de/bewertungsverfahren/nutzenbewertung/156/"|"Duaklir Genuair"|"308"|"Formoterol/Aclidiniumbromid"|"2015-07-16"|"langwirksame Beta-2-Sympathomimetika (Formoterol oder Salmeterol) oder langwirksame Anticholinergika (Tiotropium) oder die Kombination beider Wirkstoffklassen"|"beträchtlich"|"Hinweis"|"R03AL05"
"160"|"https://www.g-ba.de/bewertungsverfahren/nutzenbewertung/156/"|"Duaklir Genuair"|"309"|"Formoterol/Aclidiniumbromid"|"2015-07-16"|"langwirksame Beta-2-Sympathomimetika (Formoterol oder Salmeterol) oder langwirksame Anticholinergika (Tiotropium) oder die Kombination beider Wirkstoffklassen"|"ist nicht belegt"|NA|"R03AL05"
"160"|"https://www.g-ba.de/bewertungsverfahren/nutzenbewertung/156/"|"Duaklir Genuair"|"310"|"Formoterol/Aclidiniumbromid"|"2015-07-16"|"langwirksame Beta-2-Sympathomimetika (Formoterol oder Salmeterol) oder langwirksame Anticholinergika (Tiotropium) oder die Kombination beider Wirkstoffklassen, zusätzlich inhalative Corticosteroide (ICS)"|"ist nicht belegt"|NA|"R03AL05"
"161"|"https://www.g-ba.de/bewertungsverfahren/nutzenbewertung/161/"|"Otezla"|"311"|"Apremilast"|"2015-08-06"|"TNF-alpha-Hemmer (Etanercept oder Adalimumab oder Infliximab oder Golimumab) ggf. in Kombination mit Methotrexat."|"ist nicht belegt"|NA|"L04AA32"
"161"|"https://www.g-ba.de/bewertungsverfahren/nutzenbewertung/161/"|"Otezla"|"312"|"Apremilast"|"2015-08-06"|"Adalimumab oder Infliximab oder Ustekinumab"|"ist nicht belegt"|NA|"L04AA32"
"162"|"https://www.g-ba.de/bewertungsverfahren/nutzenbewertung/162/"|"Tresiba"|"313"|"Insulin degludec"|"2015-08-20"|"Humaninsulin"|"ist nicht belegt"|NA|"A10AE06"
"162"|"https://www.g-ba.de/bewertungsverfahren/nutzenbewertung/162/"|"Tresiba"|"314"|"Insulin degludec"|"2015-08-20"|"Humaninsulin"|"ist nicht belegt"|NA|"A10AE06"
"162"|"https://www.g-ba.de/bewertungsverfahren/nutzenbewertung/162/"|"Tresiba"|"315"|"Insulin degludec"|"2015-08-20"|"Humaninsulin plus Metformin
(Hinweis: Wenn Metformin gemäß Fachinformation nicht geeignet ist, ist Humaninsulin als Therapieoption einzusetzen)"|"ist nicht belegt"|NA|"A10AE06"
"164"|"https://www.g-ba.de/bewertungsverfahren/nutzenbewertung/163/"|"Eylea"|"317"|"Aflibercept"|"2015-09-03"|"Ranibizumab"|"ist nicht belegt"|NA|"S01LA05"
"165"|"https://www.g-ba.de/bewertungsverfahren/nutzenbewertung/165/"|"Gilenya"|"318"|"Fingolimod"|"2015-10-01"|"Glatirameracetat oder Beta-Interferone 1a oder 1b"|"gering"|"Hinweis"|"L04AE01"
"166"|"https://www.g-ba.de/bewertungsverfahren/nutzenbewertung/166/"|"Cerdelga"|"319"|"Eliglustat"|"2015-10-01"|NA|"nicht quantifizierbar"|NA|"A16AX10"
"167"|"https://www.g-ba.de/bewertungsverfahren/nutzenbewertung/167/"|"Jakavi"|"320"|"Ruxolitinib"|"2015-10-15"|"Eine patientenindividuelle Therapie nach Maßgabe des Arztes, grundsätzlich unter Berücksichtigung des Zulassungsstatus bei Arzneimitteltherapien; gegebenenfalls kommt auch eine Dosisreduktion von oder Retherapie mit Hydroxyurea in Frage."|"beträchtlich"|"Anhaltspunkt"|"L01EJ01"
"168"|"https://www.g-ba.de/bewertungsverfahren/nutzenbewertung/169/"|"Brintellix"|"321"|"Vortioxetin"|"2015-10-15"|"Beobachtendes Abwarten (zur Behandlung leichter depressiver Episoden ist in der Regel keine Arzneimitteltherapie erforderlich)."|"gilt als nicht belegt"|NA|"N06AX26"
"168"|"https://www.g-ba.de/bewertungsverfahren/nutzenbewertung/169/"|"Brintellix"|"322"|"Vortioxetin"|"2015-10-15"|"Die Arzneimitteltherapie erfolgt, sofern indiziert, mit einem Antidepressivum aus der Wirkstoffgruppe der selektiven Serotonin-Wiederaufnahmehemmer (SSRI)."|"ist nicht belegt"|NA|"N06AX26"
"168"|"https://www.g-ba.de/bewertungsverfahren/nutzenbewertung/169/"|"Brintellix"|"323"|"Vortioxetin"|"2015-10-15"|"Die Arzneimitteltherapie erfolgt, sofern indiziert, mit einem Antidepressivum aus der Wirkstoffgruppe der selektiven Serotonin-Wiederaufnahmehemmer (SSRI). Eine psychotherapeutische Behandlung soll angeboten werden."|"ist nicht belegt"|NA|"N06AX26"
"169"|"https://www.g-ba.de/bewertungsverfahren/nutzenbewertung/168/"|"Xultophy"|"324"|"Insulin degludec/Liraglutid"|"2015-10-15"|"Metformin plus Humaninsulin
(Hinweis: Wenn Metformin gemäß Fachinformation nicht geeignet oder Metformin in Kombination mit Insulin nicht ausreichend wirksam ist, ist Humaninsulin als Therapieoption einzusetzen)"|"ist nicht belegt"|NA|"A10AE56"
"169"|"https://www.g-ba.de/bewertungsverfahren/nutzenbewertung/168/"|"Xultophy"|"325"|"Insulin degludec/Liraglutid"|"2015-10-15"|"Humaninsulin plus ggf. Metformin"|"ist nicht belegt"|NA|"A10AE56"
"169"|"https://www.g-ba.de/bewertungsverfahren/nutzenbewertung/168/"|"Xultophy"|"326"|"Insulin degludec/Liraglutid"|"2015-10-15"|"Humaninsulin plus ggf. Metformin"|"ist nicht belegt"|NA|"A10AE56"
"170"|"https://www.g-ba.de/bewertungsverfahren/nutzenbewertung/170/"|"Giotrif"|"327"|"Afatinib"|"2015-11-05"|"−	Gefitinib oder Erlotinib
oder
−	Cisplatin in Kombination mit einem Drittgenerationszytostatikum (Vinorelbin oder Gemcitabin oder Docetaxel oder Paclitaxel oder Pemetrexed) unter Beachtung des Zulassungsstatus
oder
−	Carboplatin in Kombination mit einem Drittgenerationszytostatikum (nur für Patienten mit erhöhtem Risiko für Cisplatin-induzierte Nebenwirkungen im Rahmen einer Kombinationstherapie; vgl. Anlage VI zum Abschnitt K der Arzneimittel-Richtlinie)"|"erheblich"|"Hinweis"|"L01EB03"
"170"|"https://www.g-ba.de/bewertungsverfahren/nutzenbewertung/170/"|"Giotrif"|"328"|"Afatinib"|"2015-11-05"|"−	Gefitinib oder Erlotinib
oder
−	Cisplatin in Kombination mit einem Drittgenerationszytostatikum (Vinorelbin oder Gemcitabin oder Docetaxel oder Paclitaxel oder Pemetrexed) unter Beachtung des Zulassungsstatus
oder
−	Carboplatin in Kombination mit einem Drittgenerationszytostatikum (nur für Patienten mit erhöhtem Risiko für Cisplatin-induzierte Nebenwirkungen im Rahmen einer Kombinationstherapie; vgl. Anlage VI zum Abschnitt K der Arzneimittel-Richtlinie)"|"ist nicht belegt"|NA|"L01EB03"
"170"|"https://www.g-ba.de/bewertungsverfahren/nutzenbewertung/170/"|"Giotrif"|"329"|"Afatinib"|"2015-11-05"|"−	Gefitinib oder Erlotinib
oder
−	Cisplatin in Kombination mit einem Drittgenerationszytostatikum (Vinorelbin oder Gemcitabin oder Docetaxel oder Paclitaxel oder Pemetrexed) unter Beachtung des Zulassungsstatus
oder
−	Carboplatin in Kombination mit einem Drittgenerationszytostatikum (nur für Patienten mit erhöhtem Risiko für Cisplatin-induzierte Nebenwirkungen im Rahmen einer Kombinationstherapie; vgl. Anlage VI zum Abschnitt K der Arzneimittel-Richtlinie)"|"ist nicht belegt"|NA|"L01EB03"
"170"|"https://www.g-ba.de/bewertungsverfahren/nutzenbewertung/170/"|"Giotrif"|"330"|"Afatinib"|"2015-11-05"|"−	Gefitinib oder Erlotinib
oder
−	Monotherapie mit Gemcitabin oder Vinorelbin
"|"ist nicht belegt"|NA|"L01EB03"
"170"|"https://www.g-ba.de/bewertungsverfahren/nutzenbewertung/170/"|"Giotrif"|"331"|"Afatinib"|"2015-11-05"|"−	Gefitinib oder Erlotinib
oder
−	Docetaxel oder Pemetrexed"|"ist nicht belegt"|NA|"L01EB03"
"171"|"https://www.g-ba.de/bewertungsverfahren/nutzenbewertung/171/"|"Xadago"|"332"|"Safinamid"|"2015-11-05"|"Zusatztherapie mit
− einem Non-Ergot Dopaminagonisten
oder
− einem Catechol-O-Methyltransferase (COMT)-Hemmer
oder
− einem Monoamin-Oxidase (MAO)-B-Hemmer.
Es wird vorausgesetzt, dass Levodopa in Kombination mit einem Decarboxylase-Hemmer gegeben wird.
Sollte unter Ausschöpfung aller medikamentösen Therapieoptionen die Symptomkontrolle insuffizient sein, ist eine tiefe Hirnstimulation in Erwägung zu ziehen."|"ist nicht belegt"|NA|"N04BD03"
"173"|"https://www.g-ba.de/bewertungsverfahren/nutzenbewertung/174/"|"Cosentyx"|"335"|"Secukinumab"|"2015-11-27"|"Adalimumab oder Infliximab oder Ustekinumab"|"beträchtlich"|"Hinweis"|"L04AC10"
"173"|"https://www.g-ba.de/bewertungsverfahren/nutzenbewertung/174/"|"Cosentyx"|"336"|"Secukinumab"|"2015-11-27"|"Adalimumab oder Infliximab oder Ustekinumab"|"gering"|"Hinweis"|"L04AC10"
"175"|"https://www.g-ba.de/bewertungsverfahren/nutzenbewertung/175/"|"Lojuxta"|"338"|"Lomitapid"|"2015-11-27"|"LDL-Apherese (als „ultima ratio“ bei therapierefraktären Verläufen) ggf. mit begleitender medikamentöser lipidsenkender Therapie."|"gilt als nicht belegt"|NA|"C10AX12"
"175"|"https://www.g-ba.de/bewertungsverfahren/nutzenbewertung/175/"|"Lojuxta"|"339"|"Lomitapid"|"2015-11-27"|"LDL-Apherese (als „ultima ratio“ bei therapierefraktären Verläufen) ggf. mit begleitender medikamentöser lipidsenkender Therapie."|"ist nicht belegt"|NA|"C10AX12"
"175"|"https://www.g-ba.de/bewertungsverfahren/nutzenbewertung/175/"|"Lojuxta"|"340"|"Lomitapid"|"2015-11-27"|"maximal tolerierte medikamentöse und diätetische Therapie zur Lipidsenkung"|"gilt als nicht belegt"|NA|"C10AX12"
"178"|"https://www.g-ba.de/bewertungsverfahren/nutzenbewertung/178/"|"Nulojix"|"558"|"Belatacept"|"2016-01-07"|"Ciclosporin in Kombination mit Corticosteroiden und Mycophenolatmofetil oder Tacrolimus in Kombination mit Corticosteroiden und Mycophenolatmofetil."|"beträchtlich"|"Hinweis"|"L04AA28"
"179"|"https://www.g-ba.de/bewertungsverfahren/nutzenbewertung/179/"|"Opdivo"|"344"|"Nivolumab"|"2016-01-07"|"Vemurafenib"|"ist nicht belegt"|NA|"L01FF01"
"179"|"https://www.g-ba.de/bewertungsverfahren/nutzenbewertung/179/"|"Opdivo"|"345"|"Nivolumab"|"2016-01-07"|"Dacarbazin oder Ipilimumab"|"beträchtlich"|"Hinweis"|"L01FF01"
"179"|"https://www.g-ba.de/bewertungsverfahren/nutzenbewertung/179/"|"Opdivo"|"346"|"Nivolumab"|"2016-01-07"|"Eine patientenindividuelle Therapie nach Maßgabe des behandelnden Arztes unter Berücksichtigung des Zulassungsstatus und der jeweiligen Vortherapie."|"ist nicht belegt"|NA|"L01FF01"
"180"|"https://www.g-ba.de/bewertungsverfahren/nutzenbewertung/180/"|"Lixiana"|"347"|"Edoxaban"|"2016-01-21"|"Vitamin-K-Antagonisten"|"gering"|"Hinweis"|"B01AF03"
"180"|"https://www.g-ba.de/bewertungsverfahren/nutzenbewertung/180/"|"Lixiana"|"348"|"Edoxaban"|"2016-01-21"|"Vitamin-K-Antagonisten"|"ist nicht belegt"|NA|"B01AF03"
"182"|"https://www.g-ba.de/bewertungsverfahren/nutzenbewertung/185/"|"Akynzeo"|"349"|"Netupitant/Palonosetron"|"2016-02-04"|"Zweifachkombination aus Serotonin-Antagonist (Ondansetron oder Granisetron oder Tropisetron oder Palonosetron) + Dexamethason Die Anwendung der Zweifachkombination erfolgt an Tag 1 vor der Chemotherapie. Nach Tag 1 wird die Prävention entweder mit dem Serotonin-Antagonisten (außer Palonosetron), ggf. in Kombination mit Dexamethason, oder mit Dexamethason mono fortgeführt. Die Angaben der jeweiligen Fachinformation, insbesondere zur Dauer der Anwendung, sind zu beachten."|"ist nicht belegt"|NA|"A04AA55"
"182"|"https://www.g-ba.de/bewertungsverfahren/nutzenbewertung/185/"|"Akynzeo"|"350"|"Netupitant/Palonosetron"|"2016-02-04"|"Dreifachkombination aus Serotonin-Antagonist (Ondansetron oder Granisetron oder Tropisetron oder Palonosetron) + Neurokinin-1-Rezeptorantagonist (Aprepitant oder Fosaprepitant) + Dexamethason Die Anwendung der Dreifachkombination erfolgt an Tag 1 vor der Chemotherapie. An den Tagen 2 – 4 wird die Prävention mit Dexamethason, an den Tagen 2 – 3 zusätzlich mit Aprepitant (falls Aprepitant an Tag 1; entfällt für Fosaprepitant an Tag 1), fortgeführt."|"ist nicht belegt"|NA|"A04AA55"
"183"|"https://www.g-ba.de/bewertungsverfahren/nutzenbewertung/183/"|"Spiolto "|"351"|"Olodaterol/Tiotropium"|"2016-02-04"|"langwirksame Beta-2-Sympathomimetika oder langwirksame Anticholinergika (Tiotropium) oder die Kombination beider Wirkstoffklassen"|"gering"|"Hinweis"|"R03AL06"
"183"|"https://www.g-ba.de/bewertungsverfahren/nutzenbewertung/183/"|"Spiolto "|"352"|"Olodaterol/Tiotropium"|"2016-02-04"|"langwirksame Beta-2-Sympathomimetika (LABA) oder langwirksame Anticholinergika (Tiotropium) oder die Kombination beider Wirkstoffklassen und zusätzlich inhalative Corticosteroide (ICS)"|"geringerer Nutzen"|"Anhaltspunkt"|"R03AL06"
"184"|"https://www.g-ba.de/bewertungsverfahren/nutzenbewertung/182/"|"Xultophy"|"353"|"Insulin degludec/Liraglutid"|"2016-02-04"|"Metformin plus Humaninsulin
(Hinweis: Wenn Metformin gemäß Fachinformation nicht geeignet ist, ist Humaninsulin als Therapieoption einzusetzen)"|"ist nicht belegt"|NA|"A10AE56"
"185"|"https://www.g-ba.de/bewertungsverfahren/nutzenbewertung/186/"|"Opdivo"|"519"|"Nivolumab"|"2016-02-04"|"Docetaxel"|"beträchtlich"|"Hinweis"|"L01FF01"
"185"|"https://www.g-ba.de/bewertungsverfahren/nutzenbewertung/186/"|"Opdivo"|"584"|"Nivolumab"|"2016-02-04"|"Best-Supportive-Care"|"ist nicht belegt"|NA|"L01FF01"
"187"|"https://www.g-ba.de/bewertungsverfahren/nutzenbewertung/184/"|"Keytruda"|"355"|"Pembrolizumab"|"2016-02-04"|"Vemurafenib"|"ist nicht belegt"|NA|"L01FF02"
"187"|"https://www.g-ba.de/bewertungsverfahren/nutzenbewertung/184/"|"Keytruda"|"356"|"Pembrolizumab"|"2016-02-04"|"Ipilimumab"|"beträchtlich"|"Anhaltspunkt"|"L01FF02"
"187"|"https://www.g-ba.de/bewertungsverfahren/nutzenbewertung/184/"|"Keytruda"|"357"|"Pembrolizumab"|"2016-02-04"|"Eine patientenindividuelle Therapie nach Maßgabe des behandelnden Arztes unter Berücksichtigung des Zulassungsstatus und der jeweiligen Vortherapie."|"beträchtlich"|"Hinweis"|"L01FF02"
"188"|"https://www.g-ba.de/bewertungsverfahren/nutzenbewertung/188/"|"Perjeta"|"358"|"Pertuzumab"|"2016-02-18"|"Ein Therapieschema, Trastuzumab, ein Taxan (Paclitaxel oder Docetaxel) und ggf. ein Anthrazyklin (Doxorubicin oder Epirubicin) enthaltend. 
Die Kombination von Trastuzumab mit einem Anthrazyklin ist unter Berücksichtigung der
kardiovaskulären Risiken abzuwägen und die kardialen Funktionen engmaschig zu
überwachen."|"ist nicht belegt"|NA|"L01FD02"
"189"|"https://www.g-ba.de/bewertungsverfahren/nutzenbewertung/189/"|"Repatha"|"360"|"Evolocumab"|"2016-03-09"|"andere (als Statine) Lipidsenker (Fibrate oder Anionenaustauscher oder Cholesterinresorptionshemmer) als Monotherapie und diätetische Therapie zur Lipidsenkung"|"ist nicht belegt"|NA|"C10AX13"
"189"|"https://www.g-ba.de/bewertungsverfahren/nutzenbewertung/189/"|"Repatha"|"361"|"Evolocumab"|"2016-03-09"|"LDL-Apherese (als „ultima ratio“ bei therapierefraktären Verläufen) ggf. mit begleitender medikamentöser lipidsenkender Therapie."|"ist nicht belegt"|NA|"C10AX13"
"189"|"https://www.g-ba.de/bewertungsverfahren/nutzenbewertung/189/"|"Repatha"|"362"|"Evolocumab"|"2016-03-09"|"maximal tolerierte medikamentöse und diätetische Therapie zur Lipidsenkung"|"ist nicht belegt"|NA|"C10AX13"
"189"|"https://www.g-ba.de/bewertungsverfahren/nutzenbewertung/189/"|"Repatha"|"1170"|"Evolocumab"|"2016-03-09"|"LDL-Apherese (als „ultima ratio“ bei therapierefraktären Verläufen) ggf. mit begleitender medikamentöser lipidsenkender Therapie."|"ist nicht belegt"|NA|"C10AX13"
"190"|"https://www.g-ba.de/bewertungsverfahren/nutzenbewertung/193/"|"Farydak"|"363"|"Panobinostat"|"2016-03-17"|NA|"nicht quantifizierbar"|NA|"L01XH03"
"191"|"https://www.g-ba.de/bewertungsverfahren/nutzenbewertung/191/"|"Tafinlar"|"530"|"Dabrafenib"|"2016-03-17"|"Vemurafenib"|"beträchtlich"|"Hinweis"|"L01EC02"
"192"|"https://www.g-ba.de/bewertungsverfahren/nutzenbewertung/197/"|"Mekinist"|"364"|"Trametinib"|"2016-03-17"|"Vemurafenib"|"ist nicht belegt"|NA|"L01EE01"
"192"|"https://www.g-ba.de/bewertungsverfahren/nutzenbewertung/197/"|"Mekinist"|"365"|"Trametinib"|"2016-03-17"|"Vemurafenib"|"beträchtlich"|"Hinweis"|"L01EE01"
"195"|"https://www.g-ba.de/bewertungsverfahren/nutzenbewertung/195/"|"Stivarga"|"543"|"Regorafenib"|"2016-03-17"|"Best-Supportive-Care"|"ist nicht belegt"|NA|"L01EX05"
"197"|"https://www.g-ba.de/bewertungsverfahren/nutzenbewertung/194/"|"Imnovid "|"371"|"Pomalidomid"|"2016-03-17"|"In Abhängigkeit von den Vortherapien sowie der Ausprägung und Dauer des jeweiligen Ansprechens sowie unter Beachtung der Zulassung der jeweiligen Arzneimittel,
− eine patientenindividuelle Therapie nach Maßgabe des Arztes."|"beträchtlich"|"Anhaltspunkt"|"L04AX06"
"197"|"https://www.g-ba.de/bewertungsverfahren/nutzenbewertung/194/"|"Imnovid "|"372"|"Pomalidomid"|"2016-03-17"|"In Abhängigkeit von den Vortherapien sowie der Ausprägung und Dauer des jeweiligen Ansprechens sowie unter Beachtung der Zulassung der jeweiligen Arzneimittel,
− eine patientenindividuelle Therapie nach Maßgabe des Arztes."|"ist nicht belegt"|NA|"L04AX06"
"198"|"https://www.g-ba.de/bewertungsverfahren/nutzenbewertung/198/"|"Eklira Genuair"|"525"|"Aclidiniumbromid"|"2016-04-07"|"Langwirksame Beta-2-Sympathomimetika oder langwirksame Anticholinergika (Tiotropium) oder die Kombination beider Wirkstoffklassen."|"ist nicht belegt"|NA|"R03BB05"
"198"|"https://www.g-ba.de/bewertungsverfahren/nutzenbewertung/198/"|"Eklira Genuair"|"1348"|"Aclidiniumbromid"|"2016-04-07"|"Langwirksame Beta-2-Sympathomimetika oder langwirksame Anticholinergika (Tiotropium) oder die Kombination beider Wirkstoffklassen."|"beträchtlich"|"Hinweis"|"R03BB05"
"198"|"https://www.g-ba.de/bewertungsverfahren/nutzenbewertung/198/"|"Eklira Genuair"|"1349"|"Aclidiniumbromid"|"2016-04-07"|"Langwirksame Beta-2-Sympathomimetika oder langwirksame Anticholinergika (Tiotropium) oder die Kombination beider Wirkstoffklassen."|"ist nicht belegt"|NA|"R03BB05"
"198"|"https://www.g-ba.de/bewertungsverfahren/nutzenbewertung/198/"|"Eklira Genuair"|"1350"|"Aclidiniumbromid"|"2016-04-07"|"Langwirksame Beta-2-Sympathomimetika oder langwirksame Anticholinergika (Tiotropium) oder die Kombination beider Wirkstoffklassen und zusätzlich inhalative Corticosteroide (ICS)."|"ist nicht belegt"|NA|"R03BB05"
"199"|"https://www.g-ba.de/bewertungsverfahren/nutzenbewertung/200/"|"Cresemba"|"373"|"Isavuconazol"|"2016-05-04"|NA|"nicht quantifizierbar"|NA|"J02AC05"
"199"|"https://www.g-ba.de/bewertungsverfahren/nutzenbewertung/200/"|"Cresemba"|"374"|"Isavuconazol"|"2016-05-04"|NA|"nicht quantifizierbar"|NA|"J02AC05"
"200"|"https://www.g-ba.de/bewertungsverfahren/nutzenbewertung/199/"|"Praluent"|"376"|"Alirocumab"|"2016-05-04"|"LDL-Apherese (als „ultima ratio“ bei therapierefraktären Verläufen) ggf. mit begleitender medikamentöser lipidsenkender Therapie."|"ist nicht belegt"|NA|"C10AX14"
"201"|"https://www.g-ba.de/bewertungsverfahren/nutzenbewertung/201/"|"Eylea"|"513"|"Aflibercept"|"2016-05-19"|"Ranibizumab"|"ist nicht belegt"|NA|"S01LA05"
"202"|"https://www.g-ba.de/bewertungsverfahren/nutzenbewertung/202/"|"Gilenya"|"508"|"Fingolimod"|"2016-05-19"|"Glatirameracetat oder Interferon-beta (IFN-β) 1a oder 1b, Umstellung in Abhängigkeit von der Vortherapie, ggf. Fortführung bzw. Anpassung der vorangegangenen Therapie"|"ist nicht belegt"|NA|"L04AE01"
"202"|"https://www.g-ba.de/bewertungsverfahren/nutzenbewertung/202/"|"Gilenya"|"509"|"Fingolimod"|"2016-05-19"|"Patientenindividuelle Therapie unter Berücksichtigung der Vortherapie und der Zulassung."|"ist nicht belegt"|NA|"L04AE01"
"203"|"https://www.g-ba.de/bewertungsverfahren/nutzenbewertung/205/"|"Cotellic"|"378"|"Cobimetinib"|"2016-06-02"|"Vemurafenib"|"beträchtlich"|"Hinweis"|"L01EE02"
"206"|"https://www.g-ba.de/bewertungsverfahren/nutzenbewertung/208/"|"Cosentyx"|"1764"|"Secukinumab"|"2016-06-02"|"TNF-alpha-Hemmer (Etanercept oder Adalimumab oder Infliximab oder Golimumab)"|"ist nicht belegt"|NA|"L04AC10"
"208"|"https://www.g-ba.de/bewertungsverfahren/nutzenbewertung/207/"|"Orkambi"|"381"|"Lumacaftor/Ivacaftor"|"2016-06-02"|"Best-Supportive-Care"|"beträchtlich"|"Hinweis"|"R07AX30"
"210"|"https://www.g-ba.de/bewertungsverfahren/nutzenbewertung/210/"|"Elocta"|"382"|"Efmoroctocog alfa"|"2016-06-16"|"rekombinante oder aus humanem Plasma gewonnene Blutgerinnungsfaktor VIII-Präparate"|"ist nicht belegt"|NA|"B02BD32"
"211"|"https://www.g-ba.de/bewertungsverfahren/nutzenbewertung/209/"|"Xalkori"|"583"|"Crizotinib"|"2016-06-16"|"Patienten mit ECOG-Performance-Status 0, 1 oder 2:
− Cisplatin in Kombination mit einem Drittgenerationszytostatikum
(Vinorelbin oder Gemcitabin oder Docetaxel oder Paclitaxel oder Pemetrexed) unter Beachtung des Zulassungsstatus
oder
− Carboplatin in Kombination mit einem Drittgenerationszytostatikum
(nur für Patienten mit erhöhtem Risiko für Cisplatin-induzierte Nebenwirkungen im Rahmen einer Kombinationstherapie; vgl. Anlage VI zum Abschnitt K der Arzneimittel-Richtlinie)
Patienten mit ECOG-Performance-Status 2:
− alternativ zur Platin-basierten Kombinationsbehandlung: eine Monotherapie mit Gemcitabin oder Vinorelbin"|"beträchtlich"|"Anhaltspunkt"|"L01ED01"
"212"|"https://www.g-ba.de/bewertungsverfahren/nutzenbewertung/211/"|"Genvoya"|"383"|"Elvitegravir/Cobicistat/Emtricitabin/Tenofoviralafenamid"|"2016-06-16"|"Efavirenz oder Rilpivirin oder Dolutegravir jeweils in Kombination mit zwei Nukleosid-/Nukleotidanaloga (Tenofovirdisoproxil plus Emtricitabin oder Abacavir plus Lamivudin)"|"ist nicht belegt"|NA|"J05AR18"
"212"|"https://www.g-ba.de/bewertungsverfahren/nutzenbewertung/211/"|"Genvoya"|"384"|"Elvitegravir/Cobicistat/Emtricitabin/Tenofoviralafenamid"|"2016-06-16"|"Efavirenz in Kombination mit Abacavir und Lamivudin"|"ist nicht belegt"|NA|"J05AR18"
"212"|"https://www.g-ba.de/bewertungsverfahren/nutzenbewertung/211/"|"Genvoya"|"385"|"Elvitegravir/Cobicistat/Emtricitabin/Tenofoviralafenamid"|"2016-06-16"|"Individuelle antiretrovirale Therapie in Abhängigkeit der Vortherapie(n) und unter Berücksichtigung des Grundes für den Therapiewechsel, insbesondere Therapieversagen aufgrund eines virologischen Versagens und etwaig einhergehender Resistenzbildung oder aufgrund von Nebenwirkungen."|"ist nicht belegt"|NA|"J05AR18"
"212"|"https://www.g-ba.de/bewertungsverfahren/nutzenbewertung/211/"|"Genvoya"|"386"|"Elvitegravir/Cobicistat/Emtricitabin/Tenofoviralafenamid"|"2016-06-16"|"Individuelle antiretrovirale Therapie in Abhängigkeit der Vortherapie(n) und unter Berücksichtigung des Grundes für den Therapiewechsel, insbesondere Therapieversagen aufgrund eines virologischen Versagens und etwaig einhergehender Resistenzbildung oder aufgrund von Nebenwirkungen."|"ist nicht belegt"|NA|"J05AR18"
"213"|"https://www.g-ba.de/bewertungsverfahren/nutzenbewertung/213/"|"Entresto"|"387"|"Sacubitril/Valsartan"|"2016-06-16"|"ACE-Hemmer und, sofern angezeigt, Betablocker unter Berücksichtigung des Zulassungsstatus"|"beträchtlich"|"Anhaltspunkt"|"C09DX04"
"213"|"https://www.g-ba.de/bewertungsverfahren/nutzenbewertung/213/"|"Entresto"|"388"|"Sacubitril/Valsartan"|"2016-06-16"|"ACE-Hemmer und, sofern angezeigt, Betablocker unter Berücksichtigung des Zulassungsstatus"|"gering"|"Anhaltspunkt"|"C09DX04"
"214"|"https://www.g-ba.de/bewertungsverfahren/nutzenbewertung/212/"|"Edurant"|"536"|"Rilpivirin"|"2016-06-16"|"Efavirenz in Kombination mit Abacavir plus Lamivudin"|"ist nicht belegt"|NA|"J05AG05"
"215"|"https://www.g-ba.de/bewertungsverfahren/nutzenbewertung/214/"|"Incruse"|"393"|"Umeclidinium"|"2016-07-21"|"Langwirksame Beta-2-Sympathomimetika oder langwirksame Anticholinergika (Tiotropium) oder die Kombination beider Wirkstoffklassen."|"ist nicht belegt"|NA|"R03BB07"
"215"|"https://www.g-ba.de/bewertungsverfahren/nutzenbewertung/214/"|"Incruse"|"394"|"Umeclidinium"|"2016-07-21"|"Langwirksame Beta-2-Sympathomimetika oder langwirksame Anticholinergika (Tiotropium) oder die Kombination beider Wirkstoffklassen und zusätzlich inhalative Corticosteroide (ICS)."|"ist nicht belegt"|NA|"R03BB07"
"216"|"https://www.g-ba.de/bewertungsverfahren/nutzenbewertung/216/"|"Nucala"|"389"|"Mepolizumab"|"2016-07-21"|"eine patientenindividuelle Therapieeskalation der mittel- bis hochdosierten inhalativen Corticosteroide und der langwirksamen Bronchodilatatoren (LABA) ggf. mit oralen Corticosteroiden (kurzzeitig) in der niedrigst-wirksamen Dosis oder mit Tiotropium oder ggf. bei IgE-vermittelter Pathogenese des Asthmas Omalizumab zusätzlich zu hochdosierten inhalativen Corticosteroiden und langwirksamen Bronchodilatatoren (LABA) und ggf. der oralen Corticosteroidtherapie."|"ist nicht belegt"|NA|"R03DX09"
"216"|"https://www.g-ba.de/bewertungsverfahren/nutzenbewertung/216/"|"Nucala"|"390"|"Mepolizumab"|"2016-07-21"|"eine patientenindividuelle Therapieeskalation der mittel- bis hochdosierten inhalativen Corticosteroide und der langwirksamen Bronchodilatatoren (LABA) ggf. mit oralen Corticosteroiden (kurzzeitig) in der niedrigst-wirksamen Dosis oder mit Tiotropium oder ggf. bei IgE-vermittelter Pathogenese des Asthmas Omalizumab zusätzlich zu hochdosierten inhalativen Corticosteroiden und langwirksamen Bronchodilatatoren (LABA) und ggf. der oralen Corticosteroidtherapie."|"gering"|"Anhaltspunkt"|"R03DX09"
"217"|"https://www.g-ba.de/bewertungsverfahren/nutzenbewertung/215/"|"Imbruvica"|"391"|"Ibrutinib"|"2016-07-21"|"Eine patientenindividuelle, optimierte Chemotherapie nach Maßgabe des Arztes unter Beachtung des Zulassungsstatus, bevorzugt in Kombination mit Rituximab sofern angezeigt."|"ist nicht belegt"|NA|"L01EL01"
"217"|"https://www.g-ba.de/bewertungsverfahren/nutzenbewertung/215/"|"Imbruvica"|"392"|"Ibrutinib"|"2016-07-21"|"Idelalisib oder Best-Supportive-Care"|"nicht quantifizierbar"|"Anhaltspunkt"|"L01EL01"
"217"|"https://www.g-ba.de/bewertungsverfahren/nutzenbewertung/215/"|"Imbruvica"|"395"|"Ibrutinib"|"2016-07-21"|"Best-Supportive-Care"|"nicht quantifizierbar"|"Anhaltspunkt"|"L01EL01"
"217"|"https://www.g-ba.de/bewertungsverfahren/nutzenbewertung/215/"|"Imbruvica"|"398"|"Ibrutinib"|"2016-07-21"|"Eine patientenindividuelle, optimierte Therapie nach Maßgabe des Arztes, grundsätzlich unter Beachtung des jeweiligen Zulassungsstatus.

Außerhalb der Zulassung:
Unter Beachtung von Anlage VI, Teil A, Nr. VI der Arzneimittelrichtlinie (Off-Label Use):
Fludarabin in Kombination mit Cyclophosphamid, Mitoxantron und Rituximab (FCM-R) bei geeigneten Patienten mit niedrig oder intermediär malignen Non-Hodgkin-Lymphomen der B-Zellreihe (CD20 positive NHL, u. a. lymphozytisch, lymphoplasmozytisch, lymphoplasmazytoid, follikulär Grad 1 oder 2, Mantelzell-, Marginalzonen-, nicht multiples Myelom, nicht Haarzellleukämie) und Resistenz auf CHOP (mit oder ohne Rituximab)."|"beträchtlich"|"Hinweis"|"L01EL01"
"217"|"https://www.g-ba.de/bewertungsverfahren/nutzenbewertung/215/"|"Imbruvica"|"399"|"Ibrutinib"|"2016-07-21"|"Eine patientenindividuelle, optimierte Therapie nach Maßgabe des Arztes, grundsätzlich unter Beachtung des jeweiligen Zulassungsstatus.

Außerhalb der Zulassung:
Unter Beachtung von Anlage VI, Teil A, Nr. VI der Arzneimittelrichtlinie (Off-Label Use):
Fludarabin in Kombination mit Cyclophosphamid, Mitoxantron und Rituximab (FCM-R) bei geeigneten Patienten mit niedrig oder intermediär malignen Non-Hodgkin-Lymphomen der B-Zellreihe (CD20 positive NHL, u. a. lymphozytisch, lymphoplasmozytisch, lymphoplasmazytoid, follikulär Grad 1 oder 2, Mantelzell-, Marginalzonen-, nicht multiples Myelom, nicht Haarzellleukämie) und Resistenz auf CHOP (mit oder ohne Rituximab)."|"ist nicht belegt"|NA|"L01EL01"
"217"|"https://www.g-ba.de/bewertungsverfahren/nutzenbewertung/215/"|"Imbruvica"|"400"|"Ibrutinib"|"2016-07-21"|"Eine patientenindividuelle optimierte Therapie nach Maßgabe des Arztes, grundsätzlich unter Beachtung des Zulassungsstatus, sowie unter Beachtung von Anlage VI der Arzneimittelrichtlinie (Off-Label Use)."|"ist nicht belegt"|NA|"L01EL01"
"218"|"https://www.g-ba.de/bewertungsverfahren/nutzenbewertung/218/"|"Briviact (in Italy: Nubriveo)"|"402"|"Brivaracetam"|"2016-08-04"|"Eine individuelle antiepileptische Zusatztherapie, soweit medizinisch indiziert und falls noch keine Pharmakoresistenz / Unverträglichkeit und Kontraindikationen bekannt sind, mit einem der folgenden Wirkstoffe:
Eslicarbazepin oder Gabapentin oder Lacosamid oder Lamotrigin oder Levetiracetam oder Oxcarbazepin oder Pregabalin oder Topiramat oder Valproinsäure oder Zonisamid.
Die Therapie soll nach Wahl des Arztes in Abhängigkeit von der Basis- und (den)Vortherapie(en) und unter Berücksichtigung des Grundes für den Therapiewechsel und etwaig einhergehender Nebenwirkungen erfolgen. Die jeweilige Zulassung der Präparate ist zu beachten."|"ist nicht belegt"|NA|"N03AX23"
"219"|"https://www.g-ba.de/bewertungsverfahren/nutzenbewertung/219/"|"Erivedge"|"396"|"Vismodegib"|"2016-08-04"|"Best-Supportive-Care"|"ist nicht belegt"|NA|"L01XJ01"
"219"|"https://www.g-ba.de/bewertungsverfahren/nutzenbewertung/219/"|"Erivedge"|"397"|"Vismodegib"|"2016-08-04"|"Best-Supportive-Care"|"gering"|"Anhaltspunkt"|"L01XJ01"
"221"|"https://www.g-ba.de/bewertungsverfahren/nutzenbewertung/220/"|"Jardiance"|"403"|"Empagliflozin"|"2016-09-01"|"Sulfonylharnstoff (Glibenclamid oder Glimepirid) "|"ist nicht belegt"|NA|"A10BK03"
"221"|"https://www.g-ba.de/bewertungsverfahren/nutzenbewertung/220/"|"Jardiance"|"404"|"Empagliflozin"|"2016-09-01"|"Sulfonylharnstoff (Glibenclamid oder Glimepirid)"|"ist nicht belegt"|NA|"A10BK03"
"221"|"https://www.g-ba.de/bewertungsverfahren/nutzenbewertung/220/"|"Jardiance"|"405"|"Empagliflozin"|"2016-09-01"|"Metformin + Sulfonylharnstoff (Glibenclamid oder Glimepirid)"|"gering"|"Anhaltspunkt"|"A10BK03"
"221"|"https://www.g-ba.de/bewertungsverfahren/nutzenbewertung/220/"|"Jardiance"|"406"|"Empagliflozin"|"2016-09-01"|"Metformin + Sulfonylharnstoff (Glibenclamid oder Glimepirid) "|"beträchtlich"|"Anhaltspunkt"|"A10BK03"
"221"|"https://www.g-ba.de/bewertungsverfahren/nutzenbewertung/220/"|"Jardiance"|"407"|"Empagliflozin"|"2016-09-01"|"Metformin + Sulfonylharnstoff (Glibenclamid oder Glimepirid)
(Hinweis: Wenn Metformin gemäß Fachinformation nicht geeignet ist, ist Humaninsulin als Therapieoption einzusetzen.)"|"ist nicht belegt"|NA|"A10BK03"
"221"|"https://www.g-ba.de/bewertungsverfahren/nutzenbewertung/220/"|"Jardiance"|"408"|"Empagliflozin"|"2016-09-01"|"Metformin + Sulfonylharnstoff (Glibenclamid oder Glimepirid) (Hinweis: Wenn Metformin gemäß Fachinformation nicht geeignet ist, ist Humaninsulin als Therapieoption einzusetzen.)"|"beträchtlich"|"Anhaltspunkt"|"A10BK03"
"221"|"https://www.g-ba.de/bewertungsverfahren/nutzenbewertung/220/"|"Jardiance"|"409"|"Empagliflozin"|"2016-09-01"|"Metformin + Humaninsulin
(Hinweis: Therapie nur mit Humaninsulin, wenn Metformin gemäß Fachinformation nicht ausreichend wirksam oder unverträglich ist.)"|"ist nicht belegt"|NA|"A10BK03"
"221"|"https://www.g-ba.de/bewertungsverfahren/nutzenbewertung/220/"|"Jardiance"|"410"|"Empagliflozin"|"2016-09-01"|"Metformin + Humaninsulin
(Hinweis: Therapie nur mit Humaninsulin, wenn Metformin gemäß Fachinformation nicht ausreichend wirksam oder unverträglich ist.)"|"beträchtlich"|"Anhaltspunkt"|"A10BK03"
"221"|"https://www.g-ba.de/bewertungsverfahren/nutzenbewertung/220/"|"Jardiance"|"411"|"Empagliflozin"|"2016-09-01"|"Metformin + Humaninsulin
(Hinweis: Therapie nur mit Humaninsulin, wenn Metformin gemäß Fachinformation nicht ausreichend wirksam oder unverträglich ist.)"|"ist nicht belegt"|NA|"A10BK03"
"221"|"https://www.g-ba.de/bewertungsverfahren/nutzenbewertung/220/"|"Jardiance"|"412"|"Empagliflozin"|"2016-09-01"|"Metformin + Humaninsulin
(Hinweis: Therapie nur mit Humaninsulin, wenn Metformin gemäß Fachinformation nicht ausreichend wirksam oder unverträglich ist.)"|"beträchtlich"|"Anhaltspunkt"|"A10BK03"
"222"|"https://www.g-ba.de/bewertungsverfahren/nutzenbewertung/221/"|"Synjardy"|"413"|"Empagliflozin/Metformin"|"2016-09-01"|"Sulfonylharnstoff (Glibenclamid oder Glimepirid) + Metformin"|"ist nicht belegt"|NA|"A10BD20"
"222"|"https://www.g-ba.de/bewertungsverfahren/nutzenbewertung/221/"|"Synjardy"|"414"|"Empagliflozin/Metformin"|"2016-09-01"|"Sulfonylharnstoff (Glibenclamid oder Glimepirid) + Metformin "|"ist nicht belegt"|NA|"A10BD20"
"222"|"https://www.g-ba.de/bewertungsverfahren/nutzenbewertung/221/"|"Synjardy"|"415"|"Empagliflozin/Metformin"|"2016-09-01"|"Humaninsulin + Metformin
(Hinweis: Therapie nur mit Humaninsulin, wenn Metformin nicht ausreichend wirksam ist)"|"ist nicht belegt"|NA|"A10BD20"
"222"|"https://www.g-ba.de/bewertungsverfahren/nutzenbewertung/221/"|"Synjardy"|"416"|"Empagliflozin/Metformin"|"2016-09-01"|"Humaninsulin + Metformin 
(Hinweis: Therapie nur mit Humaninsulin, wenn Metformin nicht ausreichend wirksam ist)"|"ist nicht belegt"|NA|"A10BD20"
"222"|"https://www.g-ba.de/bewertungsverfahren/nutzenbewertung/221/"|"Synjardy"|"417"|"Empagliflozin/Metformin"|"2016-09-01"|"Humaninsulin + Metformin
(Hinweis: Therapie nur mit Humaninsulin, wenn Metformin nicht ausreichend wirksam ist)"|"ist nicht belegt"|NA|"A10BD20"
"222"|"https://www.g-ba.de/bewertungsverfahren/nutzenbewertung/221/"|"Synjardy"|"418"|"Empagliflozin/Metformin"|"2016-09-01"|"Humaninsulin + Metformin 
(Hinweis: Therapie nur mit Humaninsulin, wenn Metformin nicht ausreichend wirksam ist)"|"ist nicht belegt"|NA|"A10BD20"
"223"|"https://www.g-ba.de/bewertungsverfahren/nutzenbewertung/223/"|"Cyramza"|"419"|"Ramucirumab"|"2016-09-01"|"Kombinations-Chemotherapie aus 5-Fluorouracil + Folinsäure + Irinotecan"|"ist nicht belegt"|NA|"L01FG02"
"224"|"https://www.g-ba.de/bewertungsverfahren/nutzenbewertung/222/"|"Cyramza"|"556"|"Ramucirumab"|"2016-09-01"|"• Docetaxel oder Pemetrexed (Pemetrexed: außer bei überwiegend plattenepithelialer Histologie)
oder
• Gefitinib oder Erlotinib (nur für Patienten mit aktivierenden EGFR-Mutationen, die noch nicht mit Afatinib,Gefitinib oder Erlotinib vorbehandelt wurden)
oder
• Crizotinib (nur für Patienten mit aktivierenden ALK-Mutationen, die noch nicht mit Crizotinib vorbehandelt wurden)"|"ist nicht belegt"|NA|"L01FG02"
"225"|"https://www.g-ba.de/bewertungsverfahren/nutzenbewertung/224/"|"Tagrisso"|"421"|"Osimertinib"|"2016-09-15"|"Best-Supportive-Care"|"ist nicht belegt"|NA|"L01EB04"
"225"|"https://www.g-ba.de/bewertungsverfahren/nutzenbewertung/224/"|"Tagrisso"|"423"|"Osimertinib"|"2016-09-15"|"- Docetaxel oder Pemetrexed
(Pemetrexed: außer bei überwiegend plattenepithelialer Histologie)
oder
− Gefitinib oder Erlotinib
(nur für Patienten mit aktivierenden EGFR-Mutationen, die noch nicht mit Gefitinib oder Erlotinib vorbehandelt wurden)"|"ist nicht belegt"|NA|"L01EB04"
"225"|"https://www.g-ba.de/bewertungsverfahren/nutzenbewertung/224/"|"Tagrisso"|"424"|"Osimertinib"|"2016-09-15"|"- Gefitinib oder Erlotinib oder Afatinib
(nur für Patienten mit aktivierenden EGFR-Mutationen)
oder
- Patienten mit ECOG-Performance-Status 0, 1 oder 2:
•	Cisplatin in Kombination mit einem Drittgenerationszytostatikum (Vinorelbin oder Gemcitabin oder
•	Docetaxel oder Paclitaxel oder Pemetrexed) unter Beachtung des Zulassungsstatus
oder
•	Carboplatin in Kombination mit einem Drittgenerationszytostatikum (nur für Patienten mit erhöhtem Risiko für Cisplatin-induzierte Nebenwirkungen im Rahmen einer Kombinationstherapie; vgl. Anlage VI zum Abschnitt K der Arzneimittel-Richtlinie)
Patienten mit ECOG-Performance-Status 2:
− alternativ zur platinbasierten Kombinationsbehandlung: Monotherapie mit Gemcitabin oder Vinorelbin"|"ist nicht belegt"|NA|"L01EB04"
"225"|"https://www.g-ba.de/bewertungsverfahren/nutzenbewertung/224/"|"Tagrisso"|"425"|"Osimertinib"|"2016-09-15"|"Best-Supportive-Care"|"ist nicht belegt"|NA|"L01EB04"
"226"|"https://www.g-ba.de/bewertungsverfahren/nutzenbewertung/225/"|"Brilique"|"431"|"Ticagrelor"|"2016-09-15"|"ASS-Monotherapie"|"gering"|"Anhaltspunkt"|"B01AC24"
"228"|"https://www.g-ba.de/bewertungsverfahren/nutzenbewertung/226/"|"Zydelig"|"257"|"Idelalisib"|"2016-09-15"|"Eine patientenindividuelle, optimierte Chemotherapie nach Maßgabe des Arztes unter Beachtung des Zulassungsstatus, bevorzugt in Kombination mit Rituximab sofern angezeigt"|"ist nicht belegt"|NA|"L01EM01"
"228"|"https://www.g-ba.de/bewertungsverfahren/nutzenbewertung/226/"|"Zydelig"|"258"|"Idelalisib"|"2016-09-15"|"Ibrutinib oder Best-Supportive-Care"|"nicht quantifizierbar"|"Anhaltspunkt"|"L01EM01"
"229"|"https://www.g-ba.de/bewertungsverfahren/nutzenbewertung/228/"|"Senshio"|"435"|"Ospemifen"|"2016-10-20"|"Für jede Patientin ist eine patientenindividuelle Nutzen-/Schadenabwägung unter Berücksichtigung weiterer Symptome vorzunehmen.
Die zweckmäßige Vergleichstherapie für Ospemifen zur Behandlung der mittelschweren bis schweren symptomatischen vulvovaginalen Atrophie (VVA) bei post-menopausalen Frauen, bei denen eine lokale vaginale Östrogentherapie nicht in Frage kommt, ist:
Best-Supportive-Care
oder
eine systemische Hormontherapie (bei Frauen mit intaktem Uterus (Estrogen/Gestagen Kombination) bzw. bei Frauen ohne Uterus (nur Estrogen))"|"ist nicht belegt"|NA|"G03XC05"
"230"|"https://www.g-ba.de/bewertungsverfahren/nutzenbewertung/229/"|"Cyramza"|"436"|"Ramucirumab"|"2016-10-20"|"Therapie nach Maßgabe des Arztes unter Beachtung der jeweiligen Zulassung."|"gering"|"Anhaltspunkt"|"L01FG02"
"230"|"https://www.g-ba.de/bewertungsverfahren/nutzenbewertung/229/"|"Cyramza"|"437"|"Ramucirumab"|"2016-10-20"|"Best-Supportive-Care"|"ist nicht belegt"|NA|"L01FG02"
"231"|"https://www.g-ba.de/bewertungsverfahren/nutzenbewertung/230/"|"Giotrif"|"438"|"Afatinib"|"2016-10-20"|"Docetaxel"|"ist nicht belegt"|NA|"L01EB03"
"231"|"https://www.g-ba.de/bewertungsverfahren/nutzenbewertung/230/"|"Giotrif"|"439"|"Afatinib"|"2016-10-20"|"Best-Supportive-Care"|"ist nicht belegt"|NA|"L01EB03"
"232"|"https://www.g-ba.de/bewertungsverfahren/nutzenbewertung/231/"|"Opdivo"|"444"|"Nivolumab"|"2016-10-20"|"Sunitinib "|"ist nicht belegt"|NA|"L01FF01"
"232"|"https://www.g-ba.de/bewertungsverfahren/nutzenbewertung/231/"|"Opdivo"|"445"|"Nivolumab"|"2016-10-20"|"Everolimus"|"beträchtlich"|"Hinweis"|"L01FF01"
"233"|"https://www.g-ba.de/bewertungsverfahren/nutzenbewertung/232/"|"Opdivo"|"440"|"Nivolumab"|"2016-10-20"|"- Docetaxel oder Pemetrexed
oder
- Gefitinib oder Erlotinib (nur für Patienten mit aktivierenden EGFR-Mutationen, die noch nicht mit Afatinib, Gefitinib oder Erlotinib vorbehandelt wurden)
oder
- Crizotinib (nur für Patienten mit aktivierenden ALK-Mutationen, die noch nicht mit Crizotinib vorbehandelt wurden)"|"beträchtlich"|"Hinweis"|"L01FF01"
"233"|"https://www.g-ba.de/bewertungsverfahren/nutzenbewertung/232/"|"Opdivo"|"1079"|"Nivolumab"|"2016-10-20"|"Best-Supportive-Care"|"ist nicht belegt"|NA|"L01FF01"
"234"|"https://www.g-ba.de/bewertungsverfahren/nutzenbewertung/233/"|"Descovy"|"446"|"Emtricitabin/Tenofoviralafenamid "|"2016-11-03"|"NRTI-Backbone: Tenofovirdisoproxil plus Emtricitabin oder Abacavir plus Lamivudin 
In Kombination mit dem NRTI-Backbone sollen wirkstoffgleiche dritte Kombinationspartner (Efavirenz oder Rilpivirin oder Dolutegravir) über die Studienarme gleich verteilt eingesetzt werden."|"ist nicht belegt"|NA|"J05AR17"
"234"|"https://www.g-ba.de/bewertungsverfahren/nutzenbewertung/233/"|"Descovy"|"447"|"Emtricitabin/Tenofoviralafenamid "|"2016-11-03"|"Efavirenz in Kombination mit Abacavir plus Lamivudin"|"ist nicht belegt"|NA|"J05AR17"
"234"|"https://www.g-ba.de/bewertungsverfahren/nutzenbewertung/233/"|"Descovy"|"448"|"Emtricitabin/Tenofoviralafenamid "|"2016-11-03"|"Individuelle antiretrovirale Therapie in Abhängigkeit der Vortherapie(n) und unter Berücksichtigung des Grundes für den Therapiewechsel, insbesondere Therapieversagen aufgrund eines virologischen Versagens und etwaig einhergehender Resistenzbildung oder aufgrund von Nebenwirkungen."|"ist nicht belegt"|NA|"J05AR17"
"234"|"https://www.g-ba.de/bewertungsverfahren/nutzenbewertung/233/"|"Descovy"|"449"|"Emtricitabin/Tenofoviralafenamid "|"2016-11-03"|"Individuelle antiretrovirale Therapie in Abhängigkeit der Vortherapie(n) und unter Berücksichtigung des Grundes für den Therapiewechsel, insbesondere Therapieversagen aufgrund eines virologischen Versagens und etwaig einhergehender Resistenzbildung oder aufgrund von Nebenwirkungen."|"ist nicht belegt"|NA|"J05AR17"
"237"|"https://www.g-ba.de/bewertungsverfahren/nutzenbewertung/238/"|"Empliciti"|"451"|"Elotuzumab"|"2016-12-01"|"− Bortezomib als Monotherapie
oder
− Bortezomib in Kombination mit pegyliertem, liposomalen Doxorubicin
oder
− Bortezomib in Kombination mit Dexamethason
oder
− Lenalidomid in Kombination mit Dexamethason"|"gering"|"Anhaltspunkt"|"L01FX08"
"238"|"https://www.g-ba.de/bewertungsverfahren/nutzenbewertung/235/"|"Halaven"|"454"|"Eribulin"|"2016-12-01"|"Eine antineoplastische Arzneimitteltherapie nach Maßgabe des Arztes unter Beachtung des Zulassungsstatus der Arzneimittel und der jeweiligen erfolgten Vortherapie(n)."|"beträchtlich"|"Anhaltspunkt"|"L01XX41"
"238"|"https://www.g-ba.de/bewertungsverfahren/nutzenbewertung/235/"|"Halaven"|"455"|"Eribulin"|"2016-12-01"|"Eine antineoplastische Arzneimitteltherapie nach Maßgabe des Arztes unter Beachtung des Zulassungsstatus der Arzneimittel und der jeweiligen erfolgten Vortherapie(n)."|"ist nicht belegt"|NA|"L01XX41"
"240"|"https://www.g-ba.de/bewertungsverfahren/nutzenbewertung/239/"|"Translarna"|"450"|"Ataluren"|"2016-12-01"|NA|"gering"|NA|"M09AX03"
"242"|"https://www.g-ba.de/bewertungsverfahren/nutzenbewertung/241/"|"Uptravi"|"461"|"Selexipag"|"2016-12-15"|"Eine patientenindividuell optimierte medikamentöse Therapie nach Maßgabe des Arztes unter Berücksichtigung des jeweiligen Zulassungsstatus."|"ist nicht belegt"|NA|"C02KX08"
"243"|"https://www.g-ba.de/bewertungsverfahren/nutzenbewertung/243/"|"Imlygic"|"457"|"Talimogen laherparepvec"|"2016-12-15"|"Vemurafenib oder Vemurafenib in Kombination mit Cobimetinib oder Dabrafenib in Kombination mit Trametinib"|"ist nicht belegt"|NA|"L01XL02"
"243"|"https://www.g-ba.de/bewertungsverfahren/nutzenbewertung/243/"|"Imlygic"|"458"|"Talimogen laherparepvec"|"2016-12-15"|"Pembrolizumab oder Nivolumab"|"ist nicht belegt"|NA|"L01XL02"
"243"|"https://www.g-ba.de/bewertungsverfahren/nutzenbewertung/243/"|"Imlygic"|"459"|"Talimogen laherparepvec"|"2016-12-15"|"Eine patientenindividuelle Therapie nach Maßgabe des behandelnden Arztes unter Berücksichtigung des Zulassungsstatus und der jeweiligen Vortherapie"|"ist nicht belegt"|NA|"L01XL02"
"244"|"https://www.g-ba.de/bewertungsverfahren/nutzenbewertung/240/"|"Opdivo"|"462"|"Nivolumab"|"2016-12-15"|"Vemurafenib oder Vemurafenib plus Cobimetinib oder Dabrafenib plus Trametinib"|"ist nicht belegt"|NA|"L01FF01"
"244"|"https://www.g-ba.de/bewertungsverfahren/nutzenbewertung/240/"|"Opdivo"|"464"|"Nivolumab"|"2016-12-15"|"Eine patientenindividuelle Therapie nach Maßgabe des behandelnden Arztes unter Berücksichtigung des Zulassungsstatus und der jeweiligen Vortherapie"|"ist nicht belegt"|NA|"L01FF01"
"246"|"https://www.g-ba.de/bewertungsverfahren/nutzenbewertung/248/"|"Xalkori"|"471"|"Crizotinib"|"2016-12-15"|"Docetaxel oder Pemetrexed zur Behandlung von Patienten, bei denen eine Chemotherapie angezeigt ist (dies können insbesondere Patienten mit ECOG-Performance-Status 0, 1 und gegebenenfalls 2 sein)."|"beträchtlich"|"Anhaltspunkt"|"L01ED01"
"246"|"https://www.g-ba.de/bewertungsverfahren/nutzenbewertung/248/"|"Xalkori"|"472"|"Crizotinib"|"2016-12-15"|"Best-Supportive-Care"|"ist nicht belegt"|NA|"L01ED01"
"247"|"https://www.g-ba.de/bewertungsverfahren/nutzenbewertung/245/"|"Onglyza"|"528"|"Saxagliptin"|"2016-12-15"|"Metformin + Sulfonylharnstoff (Glibenclamid oder Glimepirid)"|"ist nicht belegt"|NA|"A10BH03"
"247"|"https://www.g-ba.de/bewertungsverfahren/nutzenbewertung/245/"|"Onglyza"|"1312"|"Saxagliptin"|"2016-12-15"|"Humaninsulin + Sulfonylharnstoff (Glibenclamid oder Glimepirid)
(Hinweis: ggf. Therapie nur mit Humaninsulin)"|"ist nicht belegt"|NA|"A10BH03"
"247"|"https://www.g-ba.de/bewertungsverfahren/nutzenbewertung/245/"|"Onglyza"|"1313"|"Saxagliptin"|"2016-12-15"|"Metformin + Humaninsulin
(Hinweis: Therapie nur mit Humaninsulin, wenn Metformin gemäß Fachinformation nicht ausreichend wirksam oder unverträglich ist.)"|"ist nicht belegt"|NA|"A10BH03"
"247"|"https://www.g-ba.de/bewertungsverfahren/nutzenbewertung/245/"|"Onglyza"|"1314"|"Saxagliptin"|"2016-12-15"|"Metformin + Humaninsulin
(Hinweis: Therapie nur mit Humaninsulin, wenn Metformin gemäß Fachinformation nicht ausreichend wirksam oder unverträglich ist.)"|"ist nicht belegt"|NA|"A10BH03"
"248"|"https://www.g-ba.de/bewertungsverfahren/nutzenbewertung/246/"|"Komboglyze"|"473"|"Saxagliptin/Metformin"|"2016-12-15"|"Metformin + Sulfonylharnstoff (Glibenclamid oder Glimepirid)"|"ist nicht belegt"|NA|"A10BD10"
"248"|"https://www.g-ba.de/bewertungsverfahren/nutzenbewertung/246/"|"Komboglyze"|"474"|"Saxagliptin/Metformin"|"2016-12-15"|"Humaninsulin + Metformin
(Hinweis: ggf. Therapie nur mit Humaninsulin, wenn Metformin nicht ausreichend wirksam ist)"|"ist nicht belegt"|NA|"A10BD10"
"249"|"https://www.g-ba.de/bewertungsverfahren/nutzenbewertung/250/"|"Xelevia"|"465"|"Sitagliptin"|"2016-12-15"|"Sulfonylharnstoff (Glibenclamid oder Glimepirid)"|"ist nicht belegt"|NA|"A10BH01"
"249"|"https://www.g-ba.de/bewertungsverfahren/nutzenbewertung/250/"|"Xelevia"|"468"|"Sitagliptin"|"2016-12-15"|"Humaninsulin + Sulfonylharnstoff (Glibenclamid oder Glimepirid). Hinweis: ggf. Therapie nur mit Humaninsulin."|"ist nicht belegt"|NA|"A10BH01"
"249"|"https://www.g-ba.de/bewertungsverfahren/nutzenbewertung/250/"|"Xelevia"|"469"|"Sitagliptin"|"2016-12-15"|"Humaninsulin + Metformin
(Hinweis: Therapie nur mit Humaninsulin, wenn Metformin gemäß Fachinformation nicht ausreichend wirksam oder unverträglich ist.)"|"ist nicht belegt"|NA|"A10BH01"
"249"|"https://www.g-ba.de/bewertungsverfahren/nutzenbewertung/250/"|"Xelevia"|"1321"|"Sitagliptin"|"2016-12-15"|"Humaninsulin + Metformin
(Hinweis: Therapie nur mit Humaninsulin, wenn Metformin gemäß Fachinformation nicht ausreichend wirksam oder unverträglich ist.)"|"ist nicht belegt"|NA|"A10BH01"
"250"|"https://www.g-ba.de/bewertungsverfahren/nutzenbewertung/247/"|"Janumet"|"475"|"Sitagliptin/Metformin"|"2016-12-15"|"Metformin + Sulfonylharnstoff (Glibenclamid oder Glimepirid)"|"ist nicht belegt"|NA|"A10BD07"
"250"|"https://www.g-ba.de/bewertungsverfahren/nutzenbewertung/247/"|"Janumet"|"476"|"Sitagliptin/Metformin"|"2016-12-15"|"Humaninsulin + Metformin
(Hinweis: ggf. Therapie nur mit Humaninsulin, wenn Metformin nicht ausreichend wirksam ist.)"|"ist nicht belegt"|NA|"A10BD07"
"250"|"https://www.g-ba.de/bewertungsverfahren/nutzenbewertung/247/"|"Janumet"|"477"|"Sitagliptin/Metformin"|"2016-12-15"|"Humaninsulin + Metformin
(Hinweis: ggf. Therapie nur mit Humaninsulin, wenn Metformin nicht ausreichend wirksam ist.)"|"ist nicht belegt"|NA|"A10BD07"
"251"|"https://www.g-ba.de/bewertungsverfahren/nutzenbewertung/244/"|"Imbruvica"|"482"|"Ibrutinib"|"2016-12-15"|"Fludarabin in Kombination mit Cyclophosphamid und Rituximab (FCR)"|"ist nicht belegt"|NA|"L01EL01"
"251"|"https://www.g-ba.de/bewertungsverfahren/nutzenbewertung/244/"|"Imbruvica"|"483"|"Ibrutinib"|"2016-12-15"|"Eine Chemo-Immuntherapie nach Maßgabe des Arztes unter Berücksichtigung des Zulassungsstatus"|"ist nicht belegt"|NA|"L01EL01"
"251"|"https://www.g-ba.de/bewertungsverfahren/nutzenbewertung/244/"|"Imbruvica"|"484"|"Ibrutinib"|"2016-12-15"|"Best-Supportive-Care"|"ist nicht belegt"|NA|"L01EL01"
"252"|"https://www.g-ba.de/bewertungsverfahren/nutzenbewertung/251/"|"Epclusa"|"489"|"Sofosbuvir/Velpatasvir"|"2017-01-05"|"Für therapienaive und therapieerfahrene Patienten die Kombination aus Ledipasvir/Sofosbuvir oder die Kombination aus Ombitasvir/Paritaprevir/Ritonavir plus Dasabuvir (ggf. plus Ribavirin)."|"ist nicht belegt"|NA|"J05AP55"
"252"|"https://www.g-ba.de/bewertungsverfahren/nutzenbewertung/251/"|"Epclusa"|"490"|"Sofosbuvir/Velpatasvir"|"2017-01-05"|"Für therapienaive und therapieerfahrene Patienten die Kombination aus Ledipasvir/Sofosbuvir."|"ist nicht belegt"|NA|"J05AP55"
"252"|"https://www.g-ba.de/bewertungsverfahren/nutzenbewertung/251/"|"Epclusa"|"491"|"Sofosbuvir/Velpatasvir"|"2017-01-05"|"Für therapienaive und therapieerfahrene Patienten die Kombination aus Sofosbuvir plus Ribavirin."|"gering"|"Anhaltspunkt"|"J05AP55"
"252"|"https://www.g-ba.de/bewertungsverfahren/nutzenbewertung/251/"|"Epclusa"|"492"|"Sofosbuvir/Velpatasvir"|"2017-01-05"|"Für therapienaive und therapieerfahrene Patienten die Kombination aus Sofosbuvir plus Ribavirin."|"beträchtlich"|"Anhaltspunkt"|"J05AP55"
"252"|"https://www.g-ba.de/bewertungsverfahren/nutzenbewertung/251/"|"Epclusa"|"493"|"Sofosbuvir/Velpatasvir"|"2017-01-05"|"Für therapienaive und therapieerfahrene Patienten die Kombination aus Ledipasvir/Sofosbuvir oder die Kombination aus Ombitasvir/Paritaprevir/Ritonavir plus Ribavirin."|"ist nicht belegt"|NA|"J05AP55"
"252"|"https://www.g-ba.de/bewertungsverfahren/nutzenbewertung/251/"|"Epclusa"|"494"|"Sofosbuvir/Velpatasvir"|"2017-01-05"|"Für therapienaive und therapieerfahrene Patienten die Kombination aus Ledipasvir/Sofosbuvir."|"ist nicht belegt"|NA|"J05AP55"
"252"|"https://www.g-ba.de/bewertungsverfahren/nutzenbewertung/251/"|"Epclusa"|"495"|"Sofosbuvir/Velpatasvir"|"2017-01-05"|"Für therapienaive und therapieerfahrene Patienten die Kombination aus Ledipasvir/Sofosbuvir."|"ist nicht belegt"|NA|"J05AP55"
"252"|"https://www.g-ba.de/bewertungsverfahren/nutzenbewertung/251/"|"Epclusa"|"497"|"Sofosbuvir/Velpatasvir"|"2017-01-05"|"Die Kombination aus Ledipasvir/Sofosbuvir plus Ribavirin."|"ist nicht belegt"|NA|"J05AP55"
"252"|"https://www.g-ba.de/bewertungsverfahren/nutzenbewertung/251/"|"Epclusa"|"498"|"Sofosbuvir/Velpatasvir"|"2017-01-05"|"Best-Supportive-Care"|"nicht quantifizierbar"|"Anhaltspunkt"|"J05AP55"
"253"|"https://www.g-ba.de/bewertungsverfahren/nutzenbewertung/252/"|"Odefsey"|"485"|"Emtricitabin/Rilpivirin/Tenofoviralafenamid"|"2017-01-05"|"Efavirenz oder Rilpivirin oder Dolutegravir jeweils in Kombination mit zwei Nukleosid-/Nukleotidanaloga (Tenofovirdisoproxil plus Emtricitabin oder Abacavir plus Lamivudin)"|"ist nicht belegt"|NA|"J05AR19"
"253"|"https://www.g-ba.de/bewertungsverfahren/nutzenbewertung/252/"|"Odefsey"|"486"|"Emtricitabin/Rilpivirin/Tenofoviralafenamid"|"2017-01-05"|"Efavirenz oder Rilpivirin oder Dolutegravir jeweils in Kombination mit Abacavir plus Lamivudin"|"ist nicht belegt"|NA|"J05AR19"
"253"|"https://www.g-ba.de/bewertungsverfahren/nutzenbewertung/252/"|"Odefsey"|"487"|"Emtricitabin/Rilpivirin/Tenofoviralafenamid"|"2017-01-05"|"Individuelle antiretrovirale Therapie in Abhängigkeit der Vortherapie(n) und unter Berücksichtigung des Grundes für den Therapiewechsel, insbesondere Therapieversagen aufgrund eines virologischen Versagens und etwaig einhergehender Resistenzbildung oder aufgrund von Nebenwirkungen"|"ist nicht belegt"|NA|"J05AR19"
"253"|"https://www.g-ba.de/bewertungsverfahren/nutzenbewertung/252/"|"Odefsey"|"488"|"Emtricitabin/Rilpivirin/Tenofoviralafenamid"|"2017-01-05"|"Individuelle antiretrovirale Therapie in Abhängigkeit der Vortherapie(n) und unter Berücksichtigung des Grundes für den Therapiewechsel, insbesondere Therapieversagen aufgrund eines virologischen Versagens und etwaig einhergehender Resistenzbildung oder aufgrund von Nebenwirkungen"|"ist nicht belegt"|NA|"J05AR19"
"254"|"https://www.g-ba.de/bewertungsverfahren/nutzenbewertung/254/"|"Hetlioz"|"503"|"Tasimelteon"|"2017-01-19"|NA|"nicht quantifizierbar"|NA|"N05CH03"
"255"|"https://www.g-ba.de/bewertungsverfahren/nutzenbewertung/255/"|"Wakix"|"504"|"Pitolisant"|"2017-01-19"|NA|"nicht quantifizierbar"|NA|"N07XX11"
"256"|"https://www.g-ba.de/bewertungsverfahren/nutzenbewertung/256/"|"Adcetris"|"505"|"Brentuximab Vedotin"|"2017-01-19"|NA|"nicht quantifizierbar"|NA|"L01FX05"
"257"|"https://www.g-ba.de/bewertungsverfahren/nutzenbewertung/253/"|"Revestive"|"506"|"Teduglutid"|"2017-01-19"|NA|"nicht quantifizierbar"|NA|"A16AX08"
"259"|"https://www.g-ba.de/bewertungsverfahren/nutzenbewertung/259/"|"Keytruda"|"545"|"Pembrolizumab"|"2017-02-02"|"Docetaxel oder Pemetrexed oder Nivolumab
(Pemetrexed: außer bei überwiegend plattenepithelialer Histologie)"|"beträchtlich"|"Hinweis"|"L01FF02"
"259"|"https://www.g-ba.de/bewertungsverfahren/nutzenbewertung/259/"|"Keytruda"|"594"|"Pembrolizumab"|"2017-02-02"|"Best-Supportive-Care"|"ist nicht belegt"|NA|"L01FF02"
"261"|"https://www.g-ba.de/bewertungsverfahren/nutzenbewertung/263/"|"Zydelig"|"261"|"Idelalisib"|"2017-03-16"|"Best-Supportive-Care"|"nicht quantifizierbar"|"Anhaltspunkt"|"L01EM01"
"261"|"https://www.g-ba.de/bewertungsverfahren/nutzenbewertung/263/"|"Zydelig"|"432"|"Idelalisib"|"2016-09-15"|"Best-Supportive-Care"|"ist nicht belegt"|NA|"L01EM01"
"261"|"https://www.g-ba.de/bewertungsverfahren/nutzenbewertung/263/"|"Zydelig"|"1677"|"Idelalisib"|"2017-03-16"|"Eine patientenindividuelle, optimierte Chemotherapie nach Maßgabe des Arztes unter Beachtung des Zulassungsstatus, bevorzugt in Kombination mit Rituximab sofern angezeigt."|"ist nicht belegt"|NA|"L01EM01"
"261"|"https://www.g-ba.de/bewertungsverfahren/nutzenbewertung/263/"|"Zydelig"|"1704"|"Idelalisib"|"2017-03-16"|"Ibrutinib oder Idelalisib in Kombination mit Rituximab oder Best-Supportive-Care"|"ist nicht belegt"|NA|"L01EM01"
"263"|"https://www.g-ba.de/bewertungsverfahren/nutzenbewertung/260/"|"Ongentys"|"541"|"Opicapon"|"2017-03-16"|"Die zweckmäßige Vergleichstherapie bei erwachsenen Patienten mit idiopathischem Parkinson-Syndrom (Morbus Parkinson) mit motorischen „End-of-dose“-Fluktuationen, bei denen unter Levodopa/DOPA-Decarboxylasehemmern keine Stabilisierung erreicht werden kann, ist die Zusatztherapie mit:
einem Non-Ergot-Dopaminagonisten (Piribedil, Pramipexol, Ropinirol oder Rotigotin)
oder
einem Catechol-O-Methyltransferase-(COMT)-Hemmer (Entacapon)
oder
einem Monoamin-Oxidase-(MAO)-B-Hemmer (Rasagilin, Safinamid oder Selegilin)."|"ist nicht belegt"|NA|"N04BX04"
"264"|"https://www.g-ba.de/bewertungsverfahren/nutzenbewertung/264/"|"Zykadia"|"540"|"Ceritinib"|"2017-03-16"|"Docetaxel oder Pemetrexed"|"beträchtlich"|"Anhaltspunkt"|"L01ED02"
"264"|"https://www.g-ba.de/bewertungsverfahren/nutzenbewertung/264/"|"Zykadia"|"593"|"Ceritinib"|"2017-03-16"|"Best-Supportive-Care"|"ist nicht belegt"|NA|"L01ED02"
"265"|"https://www.g-ba.de/bewertungsverfahren/nutzenbewertung/262/"|"Xalkori"|"588"|"Crizotinib"|"2017-03-16"|"Docetaxel oder Pemetrexed"|"ist nicht belegt"|NA|"L01ED01"
"265"|"https://www.g-ba.de/bewertungsverfahren/nutzenbewertung/262/"|"Xalkori"|"589"|"Crizotinib"|"2017-03-16"|"Best-Supportive-Care"|"ist nicht belegt"|NA|"L01ED01"
"265"|"https://www.g-ba.de/bewertungsverfahren/nutzenbewertung/262/"|"Xalkori"|"591"|"Crizotinib"|"2017-03-16"|"- Patienten mit ECOG-Performance-Status 0, 1 oder 2:
Cisplatin in Kombination mit einem Drittgenerationszytostatikum (Vinorelbin oder Gemcitabin oder Docetaxel oder Paclitaxel oder Pemetrexed) unter Beachtung des Zulassungsstatus
oder
Carboplatin in Kombination mit einem Drittgenerationszytostatikum (nur für Patienten mit erhöhtem Risiko für Cisplatin-induzierte Nebenwirkungen im Rahmen einer Kombinationstherapie; vgl. Anlage VI zum Abschnitt K derArzneimittel-Richtlinie)

- Patienten mit ECOG-Performance-Status 2:
alternativ zur platinbasierten Kombinationsbehandlung: Monotherapie mit Gemcitabin oder Vinorelbin "|"ist nicht belegt"|NA|"L01ED01"
"266"|"https://www.g-ba.de/bewertungsverfahren/nutzenbewertung/265/"|"Imbruvica"|"511"|"Ibrutinib"|"2017-03-16"|"Eine patientenindividuelle, optimierte Chemotherapie nach Maßgabe des Arztes unter Beachtung des Zulassungsstatus, bevorzugt in Kombination mit Rituximab sofern angezeigt."|"beträchtlich"|"Anhaltspunkt"|"L01EL01"
"266"|"https://www.g-ba.de/bewertungsverfahren/nutzenbewertung/265/"|"Imbruvica"|"582"|"Ibrutinib"|"2017-03-16"|"Eine patientenindividuelle, optimierte Chemotherapie nach Maßgabe des Arztes unter Beachtung des Zulassungsstatus, bevorzugt in Kombination mit Rituximab sofern angezeigt."|"ist nicht belegt"|NA|"L01EL01"
"267"|"https://www.g-ba.de/bewertungsverfahren/nutzenbewertung/266/"|"Opsumit"|"532"|"Macitentan"|"2017-04-06"|"Eine patientenindividuell optimierte medikamentöse Therapie nach Maßgabe des Arztes unter Berücksichtigung des jeweiligen Zulassungsstatus."|"ist nicht belegt"|NA|"C02KX04"
"269"|"https://www.g-ba.de/bewertungsverfahren/nutzenbewertung/269/"|"Ibrance"|"1513"|"Palbociclib"|"2017-05-18"|"Tamoxifen in Kombination mit einer Ausschaltung der Ovarialfunktion"|"ist nicht belegt"|NA|"L01EF01"
"271"|"https://www.g-ba.de/bewertungsverfahren/nutzenbewertung/270/"|"Zepatier"|"522"|"Elbasvir/Grazoprevir"|"2017-06-15"|"Für Patienten ohne Zirrhose die Kombination Ledipasvir/Sofosbuvir oder Ombitasvir/Paritaprevir/Ritonavir plus Dasabuvir (ggf. plus Ribavirin). Für Patienten mit kompensierter Zirrhose die Kombination Ledipasvir/Sofosbuvir. 
Die Angaben der Fachinformationen der Kombinationspartner der zweckmäßigen Vergleichstherapie sind zu beachten."|"ist nicht belegt"|NA|"J05AP54"
"271"|"https://www.g-ba.de/bewertungsverfahren/nutzenbewertung/270/"|"Zepatier"|"585"|"Elbasvir/Grazoprevir"|"2017-06-15"|"Für Patienten ohne Zirrhose die Kombination Ledipasvir/Sofosbuvir oder Ombitasvir/Paritaprevir/Ritonavir plus Ribavirin. Für Patienten mit kompensierter Zirrhose die Kombination Ledipasvir/Sofosbuvir. 
Die Angaben der Fachinformationen der Kombinationspartner der zweckmäßigen Vergleichstherapie sind zu beachten."|"ist nicht belegt"|NA|"J05AP54"
"273"|"https://www.g-ba.de/bewertungsverfahren/nutzenbewertung/272/"|"Opdivo"|"517"|"Nivolumab"|"2017-06-15"|"Therapie nach Maßgabe des Arztes unter Berücksichtigung der Zulassung und der Vortherapien"|"ist nicht belegt"|NA|"L01FF01"
"299"|"https://www.g-ba.de/bewertungsverfahren/nutzenbewertung/300/"|"Opdivo"|"622"|"Nivolumab"|"2017-12-21"|"•	Vinflunin 
oder
•	eine erneute Cisplatin-basierte Chemotherapie (für Patienten die, abhängig von Krankheitsverlauf, Allgemeinzustand und Verträglichkeit der Erstlinientherapie, für eine solche in Frage kommen)"|"ist nicht belegt"|NA|"L01FF01"
"302"|"https://www.g-ba.de/bewertungsverfahren/nutzenbewertung/301/"|"Besponsa"|"575"|"Inotuzumab Ozogamicin"|"2018-01-18"|NA|"gering"|NA|"L01FB01"
"303"|"https://www.g-ba.de/bewertungsverfahren/nutzenbewertung/304/"|"Zykadia"|"623"|"Ceritinib"|"2018-02-01"|"Crizotinib"|"ist nicht belegt"|NA|"L01ED02"
"304"|"https://www.g-ba.de/bewertungsverfahren/nutzenbewertung/303/"|"Maviret"|"624"|"Glecaprevir/Pibrentasvir"|"2018-02-01"|"Ledipasvir/Sofosbuvir"|"ist nicht belegt"|NA|"J05AP57"
"304"|"https://www.g-ba.de/bewertungsverfahren/nutzenbewertung/303/"|"Maviret"|"1177"|"Glecaprevir/Pibrentasvir"|"2018-02-01"|"Sofosbuvir plus Ribavirin oder Sofosbuvir/Velpatasvir."|"ist nicht belegt"|NA|"J05AP57"
"304"|"https://www.g-ba.de/bewertungsverfahren/nutzenbewertung/303/"|"Maviret"|"1178"|"Glecaprevir/Pibrentasvir"|"2018-02-01"|"Sofosbuvir plus Ribavirin oder Sofosbuvir/Velpatasvir."|"ist nicht belegt"|NA|"J05AP57"
"304"|"https://www.g-ba.de/bewertungsverfahren/nutzenbewertung/303/"|"Maviret"|"1179"|"Glecaprevir/Pibrentasvir"|"2018-02-01"|"Sofosbuvir plus Ribavirin oder Sofosbuvir/Velpatasvir."|"ist nicht belegt"|NA|"J05AP57"
"304"|"https://www.g-ba.de/bewertungsverfahren/nutzenbewertung/303/"|"Maviret"|"1180"|"Glecaprevir/Pibrentasvir"|"2018-02-01"|"Ledipasvir/Sofosbuvir"|"ist nicht belegt"|NA|"J05AP57"
"304"|"https://www.g-ba.de/bewertungsverfahren/nutzenbewertung/303/"|"Maviret"|"1181"|"Glecaprevir/Pibrentasvir"|"2018-02-01"|"Ledipasvir/Sofosbuvir"|"ist nicht belegt"|NA|"J05AP57"
"304"|"https://www.g-ba.de/bewertungsverfahren/nutzenbewertung/303/"|"Maviret"|"1182"|"Glecaprevir/Pibrentasvir"|"2018-02-01"|"Eine patientenindividuelle Therapie nach Maßgabe des Arztes, unter Beachtung der Vortherapie(n), Genotyp und der jeweiligen Zulassung. Mögliche Kreuzresistenzen bei der Auswahl der antiviralen Therapie v.a. bei Proteaseinhibitoren sind zu berücksichtigen."|"ist nicht belegt"|NA|"J05AP57"
"305"|"https://www.g-ba.de/bewertungsverfahren/nutzenbewertung/302/"|"Komboglyze"|"625"|"Saxagliptin/Metformin"|"2018-02-01"|"•	Humaninsulin + Metformin oder 
•	Humaninsulin + Empagliflozin oder 
•	Humaninsulin + Liraglutid oder 
•	Humaninsulin, wenn Metformin und Empagliflozin und Liraglutid gemäß Fachinformation unverträglich oder kontraindiziert oder aufgrund eines fortgeschrittenen Diabetes mellitus Typ 2 nicht ausreichend wirksam sind

Hinweis: Empagliflozin ​und Liraglutid in Kombination mit weiterer Medikation zur Behandlung der kardiovaskulären Risikofaktoren, insbesondere Antihypertensiva, Antikoagulanzien und/oder Lipidsenker und nur für Patienten mit manifester kardiovaskulärer Erkrankung.​"|"ist nicht belegt"|NA|"A10BD10"
"306"|"https://www.g-ba.de/bewertungsverfahren/nutzenbewertung/305/"|"Kevzara"|"626"|"Sarilumab"|"2018-02-15"|"Alternative klassische DMARDs, sofern geeignet (z. B. Methotrexat, Leflunomid) als Mono- oder Kombinationstherapie"|"ist nicht belegt"|NA|"L04AC14"
"306"|"https://www.g-ba.de/bewertungsverfahren/nutzenbewertung/305/"|"Kevzara"|"1778"|"Sarilumab"|"2018-02-15"|"biotechnologisch hergestellte DMARDs (bDMARDs) (Adalimumab oder Etanercept oder Certolizumab-Pegol oder Tocilizumab) als Monotherapie unter Berücksichtigung jeweiligen Zulassungsstatus bei Methotrexat-Unverträglichkeit"|"beträchtlich"|"Anhaltspunkt"|"L04AC14"
"306"|"https://www.g-ba.de/bewertungsverfahren/nutzenbewertung/305/"|"Kevzara"|"1779"|"Sarilumab"|"2018-02-15"|"biotechnologisch hergestellte DMARDs (bDMARDs) in Kombination mit Methotrexat (Adalimumab oder Etanercept oder Certolizumab-Pegol oder Golimumab oder Abatacept oder Tocilizumab)"|"ist nicht belegt"|NA|"L04AC14"
"306"|"https://www.g-ba.de/bewertungsverfahren/nutzenbewertung/305/"|"Kevzara"|"1780"|"Sarilumab"|"2018-02-15"|"Wechsel der bDMARD-Therapie (Adalimumab oder Etanercept oder Certolizumab-Pegol oder Golimumab oder Abatacept oder Tocilizumab; in Kombination mit Merthotrexat (MTX) ggf. als Monotherapie unter Berücksichtigung des jeweiligen Zulassungsstatus bei MTX-Unverträglichkeit; oder bei Patienten mit schwerer rheumatoider Arthritis Rituximab unter Berücksichtigung der Zulassung) in Abhängigkeit von der Vortherapie."|"ist nicht belegt"|NA|"L04AC14"
"307"|"https://www.g-ba.de/bewertungsverfahren/nutzenbewertung/306/"|"Vosevi"|"627"|"Sofosbuvir/Velpatasvir/Voxilaprevir"|"2018-02-15"|"Ledipasvir/Sofosbuvir"|"ist nicht belegt"|NA|"J05AP56"
"307"|"https://www.g-ba.de/bewertungsverfahren/nutzenbewertung/306/"|"Vosevi"|"1196"|"Sofosbuvir/Velpatasvir/Voxilaprevir"|"2018-02-15"|"Sofosbuvir plus Ribavirin oder Sofosbuvir/Velpatasvir"|"ist nicht belegt"|NA|"J05AP56"
"307"|"https://www.g-ba.de/bewertungsverfahren/nutzenbewertung/306/"|"Vosevi"|"1197"|"Sofosbuvir/Velpatasvir/Voxilaprevir"|"2018-02-15"|"Sofosbuvir plus Ribavirin oder Sofosbuvir/Velpatasvir"|"ist nicht belegt"|NA|"J05AP56"
"307"|"https://www.g-ba.de/bewertungsverfahren/nutzenbewertung/306/"|"Vosevi"|"1198"|"Sofosbuvir/Velpatasvir/Voxilaprevir"|"2018-02-15"|"Ledipasvir/Sofosbuvir"|"ist nicht belegt"|NA|"J05AP56"
"307"|"https://www.g-ba.de/bewertungsverfahren/nutzenbewertung/306/"|"Vosevi"|"1199"|"Sofosbuvir/Velpatasvir/Voxilaprevir"|"2018-02-15"|"Ledipasvir/Sofosbuvir"|"ist nicht belegt"|NA|"J05AP56"
"307"|"https://www.g-ba.de/bewertungsverfahren/nutzenbewertung/306/"|"Vosevi"|"1200"|"Sofosbuvir/Velpatasvir/Voxilaprevir"|"2018-02-15"|"Eine patientenindividuelle Therapie nach Maßgabe des Arztes, unter Beachtung der Vortherapie(n), Genotyp und der jeweiligen Zulassung. Mögliche Kreuzresistenzen bei der Auswahl der antiviralen Therapie v.a. bei Proteaseinhibitoren sind zu berücksichtigen."|"ist nicht belegt"|NA|"J05AP56"
"308"|"https://www.g-ba.de/bewertungsverfahren/nutzenbewertung/308/"|"Kyprolis"|"628"|"Carfilzomib"|"2018-02-15"|"- Bortezomib in Kombination mit pegyliertem, liposomalen Doxorubicin
oder
- Bortezomib in Kombination mit Dexamethason
oder
- Lenalidomid in Kombination mit Dexamethason
oder
- Elotuzumab in Kombination mit Lenalidomid und Dexamethason"|"beträchtlich"|"Anhaltspunkt"|"L01XG02"
"308"|"https://www.g-ba.de/bewertungsverfahren/nutzenbewertung/308/"|"Kyprolis"|"988"|"Carfilzomib"|"2018-02-15"|"- Bortezomib in Kombination mit pegyliertem, liposomalen Doxorubicin
oder
- Bortezomib in Kombination mit Dexamethason
oder
- Lenalidomid in Kombination mit Dexamethason
oder
- Elotuzumab in Kombination mit Lenalidomid und Dexamethason"|"beträchtlich"|"Anhaltspunkt"|"L01XG02"
"309"|"https://www.g-ba.de/bewertungsverfahren/nutzenbewertung/309/"|"Harvoni"|"629"|"Ledipasvir/Sofosbuvir"|"2018-02-15"|"Ribavirin plus Peginterferon alfa 
Die Angaben der Fachinformationen der Kombinationspartner der zweckmäßigen Vergleichstherapie sind zu beachten."|"nicht quantifizierbar"|"Anhaltspunkt"|"J05AP51"
"309"|"https://www.g-ba.de/bewertungsverfahren/nutzenbewertung/309/"|"Harvoni"|"1191"|"Ledipasvir/Sofosbuvir"|"2018-02-15"|"Ribavirin plus Peginterferon alfa 
Die Angaben der Fachinformationen der Kombinationspartner der zweckmäßigen Vergleichstherapie sind zu beachten."|"ist nicht belegt"|NA|"J05AP51"
"309"|"https://www.g-ba.de/bewertungsverfahren/nutzenbewertung/309/"|"Harvoni"|"1192"|"Ledipasvir/Sofosbuvir"|"2018-02-15"|"Best-Supportive-Care"|"nicht quantifizierbar"|"Anhaltspunkt"|"J05AP51"
"309"|"https://www.g-ba.de/bewertungsverfahren/nutzenbewertung/309/"|"Harvoni"|"1193"|"Ledipasvir/Sofosbuvir"|"2018-02-15"|"Best-Supportive-Care"|"ist nicht belegt"|NA|"J05AP51"
"310"|"https://www.g-ba.de/bewertungsverfahren/nutzenbewertung/307/"|"Darzalex"|"991"|"Daratumumab"|"2018-02-15"|"Eine patientenindividuelle Therapie nach Maßgabe des Arztes, insbesondere in Abhängigkeit von den Vortherapien sowie der Ausprägung und Dauer des Ansprechens sowie unter Beachtung der Zulassung der jeweiligen Arzneimittel."|"ist nicht belegt"|NA|"L01FC01"
"311"|"https://www.g-ba.de/bewertungsverfahren/nutzenbewertung/310/"|"Kyntheum"|"631"|"Brodalumab"|"2018-03-01"|"Fumarsäureester oder Ciclosporin oder Methotrexat oder Phototherapie (NB1-UV-B, Photosoletherapie) oder Secukinumab"|"ist nicht belegt"|NA|"L04AC12"
"311"|"https://www.g-ba.de/bewertungsverfahren/nutzenbewertung/310/"|"Kyntheum"|"1393"|"Brodalumab"|"2018-03-01"|"Adalimumab oder Infliximab oder Secukinumab oder Ustekinumab"|"nicht quantifizierbar"|"Hinweis"|"L04AC12"
"313"|"https://www.g-ba.de/bewertungsverfahren/nutzenbewertung/312/"|"Keytruda"|"1407"|"Pembrolizumab"|"2018-03-16"|"•	Vinflunin
oder 
•	Eine erneute Cisplatin-basierte Chemotherapie (für Patienten die, abhängig von Krankheitsverlauf, Allgemeinzustand und Verträglichkeit der Erstlinientherapie, für eine solche in Frage kommen)"|"beträchtlich"|"Hinweis"|"L01FF02"
"314"|"https://www.g-ba.de/bewertungsverfahren/nutzenbewertung/313/"|"Vimizim"|"634"|"Elosulfase alfa"|"2018-03-16"|NA|"gering"|NA|"A16AB12"
"316"|"https://www.g-ba.de/bewertungsverfahren/nutzenbewertung/314/"|"Tecentriq"|"636"|"Atezolizumab"|"2018-03-16"|"Docetaxel oder Pemetrexed oder Nivolumab oder Pembrolizumab (Pemetrexed: außer bei überwiegend plattenepithelialer Histologie, Pembrolizumab: nur für Patienten mit PD-L1 exprimierenden Tumoren (TPS ≥ 1 %))"|"beträchtlich"|"Hinweis"|"L01FF05"
"316"|"https://www.g-ba.de/bewertungsverfahren/nutzenbewertung/314/"|"Tecentriq"|"1702"|"Atezolizumab"|"2018-03-16"|"Best-Supportive-Care"|"ist nicht belegt"|NA|"L01FF05"
"317"|"https://www.g-ba.de/bewertungsverfahren/nutzenbewertung/315/"|"Tecentriq"|"637"|"Atezolizumab"|"2018-03-16"|"•	Vinflunin
oder
•	Eine erneute Cisplatin-basierte Chemotherapie (für Patienten die, abhängig von Krankheitsverlauf, Allgemeinzustand und Verträglichkeit der Erstlinientherapie, für eine solche in Frage kommen)"|"gering"|"Anhaltspunkt"|"L01FF05"
"318"|"https://www.g-ba.de/bewertungsverfahren/nutzenbewertung/317/"|"Skilarence"|"638"|"Dimethylfumarat"|"2018-03-16"|"Fumarsäureester oder Ciclosporin oder Methotrexat oder Secukinumab

Die jeweilige Zulassung der Arzneimittel ist zu berücksichtigen."|"ist nicht belegt"|NA|"D05BX02"
"318"|"https://www.g-ba.de/bewertungsverfahren/nutzenbewertung/317/"|"Skilarence"|"1396"|"Dimethylfumarat"|"2018-03-16"|"Adalimumab oder Infliximab oder Secukinumab oder Ustekinumab"|"ist nicht belegt"|NA|"D05BX02"
"319"|"https://www.g-ba.de/bewertungsverfahren/nutzenbewertung/318/"|"Symtuza"|"639"|"Darunavir/Cobicistat/Emtricitabin/Tenofoviralafenamid"|"2018-03-16"|"Rilpivirin in Kombination mit Tenofovirdisoproxil/-alafenamid plus Emtricitabin oder in Kombination mit Abacavir plus Lamivudin 
oder 
Dolutegravir in Kombination mit Tenofovirdisoproxil/-alafenamid plus Emtricitabin oder in Kombination mit Abacavir plus Lamivudin"|"ist nicht belegt"|NA|"J05AR22"
"319"|"https://www.g-ba.de/bewertungsverfahren/nutzenbewertung/318/"|"Symtuza"|"1242"|"Darunavir/Cobicistat/Emtricitabin/Tenofoviralafenamid"|"2018-03-16"|"Rilpivirin in Kombination mit Tenofoviralafenamid plus Emtricitabin oder in Kombination mit Abacavir plus Lamivudin 
oder 
Dolutegravir in Kombination mit Tenofoviralafenamid plus Emtricitabin oder in Kombination mit Abacavir plus Lamivudin"|"ist nicht belegt"|NA|"J05AR22"
"319"|"https://www.g-ba.de/bewertungsverfahren/nutzenbewertung/318/"|"Symtuza"|"1243"|"Darunavir/Cobicistat/Emtricitabin/Tenofoviralafenamid"|"2018-03-16"|"Eine individuelle antiretrovirale Therapie in Abhängigkeit der Vortherapie(n) und unter Berücksichtigung des Grundes für den Therapiewechsel, insbesondere Therapieversagen aufgrund eines virologischen Versagens und etwaig einhergehender Resistenzbildung oder aufgrund von Nebenwirkungen"|"ist nicht belegt"|NA|"J05AR22"
"319"|"https://www.g-ba.de/bewertungsverfahren/nutzenbewertung/318/"|"Symtuza"|"1244"|"Darunavir/Cobicistat/Emtricitabin/Tenofoviralafenamid"|"2018-03-16"|"Eine individuelle antiretrovirale Therapie in Abhängigkeit der Vortherapie(n) und unter Berücksichtigung des Grundes für den Therapiewechsel, insbesondere Therapieversagen aufgrund eines virologischen Versagens und etwaig einhergehender Resistenzbildung oder aufgrund von Nebenwirkungen"|"ist nicht belegt"|NA|"J05AR22"
"350"|"https://www.g-ba.de/bewertungsverfahren/nutzenbewertung/350/"|"Taltz"|"669"|"Ixekizumab"|"2018-08-16"|"Leflunomid"|"ist nicht belegt"|NA|"L04AC13"
"350"|"https://www.g-ba.de/bewertungsverfahren/nutzenbewertung/350/"|"Taltz"|"1357"|"Ixekizumab"|"2018-08-16"|"TNF-alpha-Hemmer (Adalimumab oder Certolizumab Pegol oder Etanercept oder Golimumab oder Infliximab) ggf. in Kombination mit Methotrexat"|"gering"|"Anhaltspunkt"|"L04AC13"
"350"|"https://www.g-ba.de/bewertungsverfahren/nutzenbewertung/350/"|"Taltz"|"1358"|"Ixekizumab"|"2018-08-16"|"der Wechsel auf ein anderes biologisches krankheitsmodifizierendes Antirheumatikum (Adalimumab oder Certolizumab Pegol oder Etanercept oder Golimumab oder Infliximab oder Secukinumab oder Ustekinumab) ggf. in Kombination mit Methotrexat"|"ist nicht belegt"|NA|"L04AC13"
"351"|"https://www.g-ba.de/bewertungsverfahren/nutzenbewertung/353/"|"Suliqua"|"670"|"Insulin glargin/Lixisenatid"|"2018-08-16"|"− Humaninsulin + Metformin oder
− Humaninsulin + Empagliflozin oder
− Humaninsulin + Liraglutid oder
− Humaninsulin, wenn die bestimmten Kombinationspartner gemäß Fachinformation unverträglich oder kontraindiziert oder aufgrund eines fortgeschrittenen Diabetes mellitus Typ 2 nicht ausreichend wirksam sind.

Hinweis: Empagliflozin ​und Liraglutid in Kombination mit weiterer Medikation zur Behandlung der kardiovaskulären Risikofaktoren, insbesondere Antihypertensiva, Antikoagulanzien und/oder Lipidsenker und nur für Patienten mit manifester kardiovaskulärer Erkrankung.​"|"ist nicht belegt"|NA|"A10AE54"
"351"|"https://www.g-ba.de/bewertungsverfahren/nutzenbewertung/353/"|"Suliqua"|"1315"|"Insulin glargin/Lixisenatid"|"2018-08-16"|"Die Optimierung des Humaninsulinregimes (ggf. + Metformin oder Empagliflozin oder Liraglutid)

Hinweis: Empagliflozin ​und Liraglutid in Kombination mit weiterer Medikation zur Behandlung der kardiovaskulären Risikofaktoren, insbesondere Antihypertensiva, Antikoagulanzien und/oder Lipidsenker und nur für Patienten mit manifester kardiovaskulärer Erkrankung.​"|"ist nicht belegt"|NA|"A10AE54"
"352"|"https://www.g-ba.de/bewertungsverfahren/nutzenbewertung/352/"|"Trelegy Ellipta"|"671"|"Vilanterol/Umeclidinium/Fluticason"|"2018-08-16"|"eine patientenindividuelle Therapieoptimierung - unter Berücksichtigung der Vortherapie - mit einem langwirksamen Beta-2-Sympathomimetika (LABA) und einem langwirksamen Anticholinergika (LAMA) und ggf. einem inhalativen Corticosteroid (ICS)"|"ist nicht belegt"|NA|"R03AL08"
"353"|"https://www.g-ba.de/bewertungsverfahren/nutzenbewertung/354/"|"Repatha"|"1164"|"Evolocumab"|"2018-09-06"|"maximal tolerierte medikamentöse und diätetische Therapie zur Lipidsenkung"|"ist nicht belegt"|NA|"C10AX13"
"353"|"https://www.g-ba.de/bewertungsverfahren/nutzenbewertung/354/"|"Repatha"|"1166"|"Evolocumab"|"2018-09-06"|"Alirocumab oder LDL-Apherese (als „ultima ratio“ bei therapierefraktären Verläufen) ggf. mit begleitender medikamentöser lipidsenkender Therapie."|"ist nicht belegt"|NA|"C10AX13"
"353"|"https://www.g-ba.de/bewertungsverfahren/nutzenbewertung/354/"|"Repatha"|"1201"|"Evolocumab"|"2018-09-06"|"maximal tolerierte medikamentöse und diätetische Therapie zur Lipidsenkung"|"ist nicht belegt"|NA|"C10AX13"
"354"|"https://www.g-ba.de/bewertungsverfahren/nutzenbewertung/355/"|"Hemlibra"|"673"|"Emicizumab"|"2018-09-20"|"-	eine patientenindividuelle Therapie unter Berücksichtigung von Faktoren wie z.B. dem Hemmkörper-Titer, Blutungsereignissen, Blutungsrisiko und Verträglichkeit unter Verwendung eines Präparats mit Bypassing-Aktivität (mit Faktor VIII-Inhibitor-Bypassing-Aktivität angereicherte Humanplasmafraktion)
Die Zulassungen der jeweiligen Arzneimittel sind zu beachten"|"nicht quantifizierbar"|"Anhaltspunkt"|"B02BX06"
"354"|"https://www.g-ba.de/bewertungsverfahren/nutzenbewertung/355/"|"Hemlibra"|"1046"|"Emicizumab"|"2018-09-20"|"-	eine patientenindividuelle Therapie unter Berücksichtigung von Faktoren wie z.B. dem Hemmkörper-Titer, Blutungsereignissen, Blutungsrisiko und Verträglichkeit unter Verwendung eines Präparats mit Bypassing-Aktivität (mit Faktor VIII-Inhibitor-Bypassing-Aktivität angereicherte Humanplasmafraktion)
Die Zulassungen der jeweiligen Arzneimittel sind zu beachten"|"ist nicht belegt"|NA|"B02BX06"
"355"|"https://www.g-ba.de/bewertungsverfahren/nutzenbewertung/356/"|"Veltassa"|"674"|"Patiromer"|"2018-09-20"|"Eine patientenindividuelle Therapie unter Berücksichtigung der Ätiologie, des Schweregrads und der Symptomatik.
Optimierung der Behandlung der Grund- und Begleiterkrankungen, insbesondere Anpassung der medikamentösen Therapie, sowie ggf. Ernährungsumstellung sind Maßnahmen im Rahmen der patientenindividuellen Therapie, die in der Behandlung der Hyperkaliämie die Standardtherapie darstellen.
Die jeweilige Zulassung der Arzneimittel ist zu berücksichtigen."|"ist nicht belegt"|NA|"V03AE09"
"356"|"https://www.g-ba.de/bewertungsverfahren/nutzenbewertung/357/"|"Sialanar"|"675"|"Glycopyrronium"|"2018-09-20"|"Best-Supportive-Care"|"nicht quantifizierbar"|"Anhaltspunkt"|"A03AB02"
"357"|"https://www.g-ba.de/bewertungsverfahren/nutzenbewertung/358/"|"Zinplava"|"676"|"Bezlotoxumab"|"2018-09-20"|"Beobachtendes Abwarten"|"gering"|"Hinweis"|"J06BC03"
"359"|"https://www.g-ba.de/bewertungsverfahren/nutzenbewertung/360/"|"Reagila"|"747"|"Cariprazin"|"2018-10-04"|"Amisulprid oder Aripiprazol oder Olanzapin oder Paliperidon oder Quetiapin oder Risperidon oder Ziprasidon."|"ist nicht belegt"|NA|"N05AX15"
"359"|"https://www.g-ba.de/bewertungsverfahren/nutzenbewertung/360/"|"Reagila"|"748"|"Cariprazin"|"2018-10-04"|"Amisulprid oder Aripiprazol oder Olanzapin oder Paliperidon oder Quetiapin oder Risperidon oder Ziprasidon."|"gering"|"Hinweis"|"N05AX15"
"359"|"https://www.g-ba.de/bewertungsverfahren/nutzenbewertung/360/"|"Reagila"|"987"|"Cariprazin"|"2018-10-04"|"Amisulprid oder Aripiprazol oder Olanzapin oder Paliperidon oder Quetiapin oder Risperidon oder Ziprasidon."|"ist nicht belegt"|NA|"N05AX15"
"361"|"https://www.g-ba.de/bewertungsverfahren/nutzenbewertung/362/"|"Sativex"|"679"|"Extrakt aus Cannabis sativa"|"2018-11-01"|"Optimierte Standardtherapie mit Baclofen (oral) oder Tizanidin oder Dantrolen unter Berücksichtigung der zugelassenen Dosierungen. Es sollen mindestens zwei vorangegangene Therapien erfolgt sein, in denen jeweils verschiedene orale Spasmolytika, davon mindestens ein Arzneimittel mit Baclofen oder Tizanidin, optimiert eingesetzt sind."|"gering"|"Hinweis"|"N02BG10"
"362"|"https://www.g-ba.de/bewertungsverfahren/nutzenbewertung/365/"|"Adynovi"|"680"|"Rurioctocog alfa pegol"|"2018-11-01"|"Rekombinante oder aus humanem Plasma gewonnene Blutgerinnungsfaktor-VIII-Präparate"|"ist nicht belegt"|NA|"B02BD38"
"363"|"https://www.g-ba.de/bewertungsverfahren/nutzenbewertung/363/"|"Alkindi"|"681"|"Hydrocortison"|"2018-11-01"|"Hydrocortison"|"ist nicht belegt"|NA|"H02AB09"
"364"|"https://www.g-ba.de/bewertungsverfahren/nutzenbewertung/364/"|"Steglujan"|"682"|"Ertugliflozin/Sitagliptin"|"2018-11-01"|"− Humaninsulin + Metformin oder 
− Humaninsulin + Empagliflozin* oder 
− Humaninsulin + Liraglutid* oder 
− Humaninsulin, wenn die bestimmten Kombinationspartner gemäß Fachinformation unverträglich oder kontraindiziert oder aufgrund eines fortgeschrittenen Diabetes mellitus Typ 2 nicht ausreichend wirksam sind 

* Empagliflozin und Liraglutid in Kombination mit weiterer Medikation zur Behandlung der kardiovaskulären Risikofaktoren, insbesondere Antihypertensiva, Antikoagulanzien und/oder Lipidsenker und nur für Patienten mit manifester kardiovaskulärer Erkrankung."|"ist nicht belegt"|NA|"A10BD24"
"366"|"https://www.g-ba.de/bewertungsverfahren/nutzenbewertung/366/"|"Alofisel"|"684"|"Darvadstrocel"|"2018-11-22"|NA|"nicht quantifizierbar"|NA|"L04AX08"
"367"|"https://www.g-ba.de/bewertungsverfahren/nutzenbewertung/369/"|"Lynparza"|"685"|"Olaparib"|"2018-12-06"|"Beobachtendes Abwarten"|"gering"|"Anhaltspunkt"|"L01XK01"
"368"|"https://www.g-ba.de/bewertungsverfahren/nutzenbewertung/370/"|"Juluca"|"686"|"Dolutegravir/Rilpivirin"|"2018-12-06"|"Eine individuelle antiretrovirale Therapie (ART) in Abhängigkeit der Vortherapie(n) und ggf. unter Berücksichtigung von Nebenwirkungen"|"ist nicht belegt"|NA|"J05AR21"
"369"|"https://www.g-ba.de/bewertungsverfahren/nutzenbewertung/371/"|"Cabometyx "|"687"|"Cabozantinib"|"2018-12-06"|"- Bevacizumab in Kombination mit Interferon alfa-2a
oder
- Monotherapie mit Pazopanib
oder
- Monotherapie mit Sunitinib"|"ist nicht belegt"|NA|"L01EX07"
"369"|"https://www.g-ba.de/bewertungsverfahren/nutzenbewertung/371/"|"Cabometyx "|"1218"|"Cabozantinib"|"2018-12-06"|"- Temsirolimus
oder
- Sunitinib"|"ist nicht belegt"|NA|"L01EX07"
"371"|"https://www.g-ba.de/bewertungsverfahren/nutzenbewertung/372/"|"Opdivo"|"689"|"Nivolumab"|"2018-12-20"|"Nivolumab oder Pembrolizumab"|"geringerer Nutzen"|"Hinweis"|"L01FF01"
"400"|"https://www.g-ba.de/bewertungsverfahren/nutzenbewertung/394/"|"Ibrance"|"718"|"Palbociclib"|"2019-03-22"|"Eine weitere endokrine Therapie in Abhängigkeit der Vortherapie mit:
- Tamoxifen
oder
- Anastrozol
oder
- Fulvestrant; nur für Patientinnen mit Rezidiv oder Progress nach einer Antiöstrogen-Behandlung,
oder
- Letrozol; nur für Patientinnen mit Rezidiv oder Progress nach einer Antiöstrogen-Behandlung,
oder
- Exemestan; nur für Patientinnen mit Progress nach einer Antiöstrogen-Behandlung,
oder
- Everolimus in Kombination mit Exemestan; nur für Patientinnen ohne symptomatische viszerale Metastasierung, nachdem es zu einer Progression nach einem nicht-steroidalen Aromataseinhibitor gekommen ist"|"ist nicht belegt"|NA|"L01EF01"
"400"|"https://www.g-ba.de/bewertungsverfahren/nutzenbewertung/394/"|"Ibrance"|"1512"|"Palbociclib"|"2019-03-22"|"Eine endokrine Therapie nach Maßgabe des Arztes, unter Beachtung der jeweiligen Zulassung.
Im vorliegenden Anwendungsgebiet sind Tamoxifen, Letrozol, Exemestan, Megestrolacetat und Medroxyprogesteronacetat zugelassen."|"ist nicht belegt"|NA|"L01EF01"
"402"|"https://www.g-ba.de/bewertungsverfahren/nutzenbewertung/403/"|"Keytruda"|"720"|"Pembrolizumab"|"2019-04-04"|"Nivolumab"|"ist nicht belegt"|NA|"L01FF02"
"403"|"https://www.g-ba.de/bewertungsverfahren/nutzenbewertung/404/"|"Jetrea"|"721"|"Ocriplasmin"|"2019-04-04"|"Beobachtendes Abwarten"|"gering"|"Anhaltspunkt"|"S01XA22"
"403"|"https://www.g-ba.de/bewertungsverfahren/nutzenbewertung/404/"|"Jetrea"|"959"|"Ocriplasmin"|"2019-04-04"|"Pars-plana-Vitrektomie"|"ist nicht belegt"|NA|"S01XA22"
"404"|"https://www.g-ba.de/bewertungsverfahren/nutzenbewertung/405/"|"Imfinzi"|"722"|"Durvalumab"|"2019-04-04"|"Best-Supportive-Care"|"beträchtlich"|"Anhaltspunkt"|"L01FF03"
"405"|"https://www.g-ba.de/bewertungsverfahren/nutzenbewertung/410/"|"Verzenios"|"723"|"Abemaciclib"|"2019-05-02"|"Tamoxifen in Kombination mit einer Ausschaltung der Ovarialfunktion"|"ist nicht belegt"|NA|"L01EF03"
"405"|"https://www.g-ba.de/bewertungsverfahren/nutzenbewertung/410/"|"Verzenios"|"1508"|"Abemaciclib"|"2019-05-02"|"eine weitere endokrine Therapie in Abhängigkeit der Vortherapie mit:
• Tamoxifen oder
• Anastrozol oder
• Fulvestrant; nur für Patientinnen mit Rezidiv oder Progress nach einer Antiöstrogen-
Behandlung oder
• Letrozol; nur für Patientinnen mit Rezidiv oder Progress nach einer Antiöstrogen-
Behandlung oder
• Exemestan; nur für Patientinnen mit Progress nach einer Antiöstrogen-Behandlung
oder
• Everolimus in Kombination mit Exemestan; nur für Patientinnen ohne symptomatische
viszerale Metastasierung, nachdem es zu einer Progression nach einem nicht-steroidalen Aromataseinhibitor gekommen ist."|"ist nicht belegt"|NA|"L01EF03"
"405"|"https://www.g-ba.de/bewertungsverfahren/nutzenbewertung/410/"|"Verzenios"|"1509"|"Abemaciclib"|"2019-05-02"|"eine endokrine Therapie nach Maßgabe des Arztes, unter Beachtung der jeweiligen Zulassung.
Im vorliegenden Anwendungsgebiet sind Tamoxifen, Letrozol, Exemestan, Megestrolacetat und Medroxyprogesteronacetat zugelassen."|"ist nicht belegt"|NA|"L01EF03"
"406"|"https://www.g-ba.de/bewertungsverfahren/nutzenbewertung/409/"|"Verzenios"|"994"|"Abemaciclib"|"2019-05-02"|"Tamoxifen in Kombination mit einer Ausschaltung der Ovarialfunktion."|"ist nicht belegt"|NA|"L01EF03"
"407"|"https://www.g-ba.de/bewertungsverfahren/nutzenbewertung/412/"|"Ozempic"|"725"|"Semaglutid"|"2019-05-02"|"Sulfonylharnstoff (Glibenclamid oder Glimepirid)"|"ist nicht belegt"|NA|"A10BJ06"
"407"|"https://www.g-ba.de/bewertungsverfahren/nutzenbewertung/412/"|"Ozempic"|"2122"|"Semaglutid"|"2019-05-02"|"Sulfonylharnstoff (Glibenclamid oder Glimepirid)"|"ist nicht belegt"|NA|"A10BJ06"
"407"|"https://www.g-ba.de/bewertungsverfahren/nutzenbewertung/412/"|"Ozempic"|"2123"|"Semaglutid"|"2019-05-02"|"• Metformin + Sulfonylharnstoff (Glibenclamid oder Glimepirid) oder • Metformin + Empagliflozin oder • Humaninsulin, wenn Metformin gemäß Fachinformation unverträglich oder kontraindiziert ist"|"ist nicht belegt"|NA|"A10BJ06"
"407"|"https://www.g-ba.de/bewertungsverfahren/nutzenbewertung/412/"|"Ozempic"|"2124"|"Semaglutid"|"2019-05-02"|"• Metformin + Sulfonylharnstoff (Glibenclamid oder Glimepirid) oder • Metformin + Empagliflozin oder • Metformin + Liraglutid • Humaninsulin, wenn Metformin gemäß Fachinformation unverträglich oder kontraindiziert ist"|"gering"|"Anhaltspunkt"|"A10BJ06"
"407"|"https://www.g-ba.de/bewertungsverfahren/nutzenbewertung/412/"|"Ozempic"|"2125"|"Semaglutid"|"2019-05-02"|"• Humaninsulin + Metformin oder • nur Humaninsulin, wenn Metformin gemäß Fachinformation unverträglich oder kontraindiziert oder aufgrund eines fortgeschrittenen Diabetes mellitus Typ 2 nicht ausreichend wirksam ist"|"ist nicht belegt"|NA|"A10BJ06"
"407"|"https://www.g-ba.de/bewertungsverfahren/nutzenbewertung/412/"|"Ozempic"|"2126"|"Semaglutid"|"2019-05-02"|"• Humaninsulin + Metformin oder • Humaninsulin + Empagliflozin oder  • Humaninsulin + Liraglutid oder • Humaninsulin, wenn die bestimmten Kombinationspartner gemäß Fachinformation unverträglich oder kontraindiziert oder aufgrund eines fortgeschrittenen Diabetes mellitus Typ 2 nicht ausreichend wirksam sind"|"gering"|"Anhaltspunkt"|"A10BJ06"
"407"|"https://www.g-ba.de/bewertungsverfahren/nutzenbewertung/412/"|"Ozempic"|"2127"|"Semaglutid"|"2019-05-02"|"• Die Optimierung des Humaninsulinregimes (ggf. + Metformin)"|"ist nicht belegt"|NA|"A10BJ06"
"407"|"https://www.g-ba.de/bewertungsverfahren/nutzenbewertung/412/"|"Ozempic"|"2128"|"Semaglutid"|"2019-05-02"|"Die Optimierung des Humaninsulinregimes (ggf. + Metformin oder Empagliflozin oder Liraglutid)"|"gering"|"Anhaltspunkt"|"A10BJ06"
"409"|"https://www.g-ba.de/bewertungsverfahren/nutzenbewertung/411/"|"Aimovig"|"1040"|"Erenumab"|"2019-05-02"|"Best-Supportive-Care"|"beträchtlich"|"Anhaltspunkt"|"N02CD01"
"410"|"https://www.g-ba.de/bewertungsverfahren/nutzenbewertung/407/"|"Praluent"|"728"|"Alirocumab"|"2019-05-02"|"maximal tolerierte medikamentöse und diätetische Therapie zur Lipidsenkung"|"ist nicht belegt"|NA|"C10AX14"
"410"|"https://www.g-ba.de/bewertungsverfahren/nutzenbewertung/407/"|"Praluent"|"1113"|"Alirocumab"|"2019-05-02"|"maximal tolerierte medikamentöse und diätetische Therapie zur Lipidsenkung"|"ist nicht belegt"|NA|"C10AX14"
"410"|"https://www.g-ba.de/bewertungsverfahren/nutzenbewertung/407/"|"Praluent"|"1114"|"Alirocumab"|"2019-05-02"|"andere (als Statine) Lipidsenker (Fibrate oder Anionenaustauscher oder Cholesterinresorptionshemmer) als Monotherapie und diätetische Therapie zur Lipidsenkung"|"ist nicht belegt"|NA|"C10AX14"
"410"|"https://www.g-ba.de/bewertungsverfahren/nutzenbewertung/407/"|"Praluent"|"1115"|"Alirocumab"|"2019-05-02"|"andere (als Statine) Lipidsenker (Fibrate oder Anionenaustauscher oder Cholesterinresorptionshemmer) als Monotherapie und diätetische Therapie zur Lipidsenkung"|"ist nicht belegt"|NA|"C10AX14"
"412"|"https://www.g-ba.de/bewertungsverfahren/nutzenbewertung/414/"|"Ilumetri"|"730"|"Tildrakizumab"|"2019-05-02"|"Adalimumab oder Guselkumab oder Ixekizumab oder Secukinumab"|"ist nicht belegt"|NA|"L04AC17"
"412"|"https://www.g-ba.de/bewertungsverfahren/nutzenbewertung/414/"|"Ilumetri"|"1395"|"Tildrakizumab"|"2019-05-02"|"Adalimumab oder Guselkumab oder Infliximab oder Ixekizumab oder Secukinumab oder Ustekinumab"|"ist nicht belegt"|NA|"L04AC17"
"413"|"https://www.g-ba.de/bewertungsverfahren/nutzenbewertung/413/"|"Elebrato Ellipta"|"731"|"Vilanterol/Umeclidinium/Fluticason"|"2019-05-02"|"langwirksamen Beta2-Agonisten (LABA) und langwirksame Muscarinrezeptor-Antagonisten (LAMA) und inhalative Corticoide (ICS)"|"ist nicht belegt"|NA|"R03AL08"
"414"|"https://www.g-ba.de/bewertungsverfahren/nutzenbewertung/415/"|"Tresiba"|"732"|"Insulin degludec"|"2019-05-16"|"Humaninsulin + Metformin oder
• Humaninsulin + Empagliflozin oder
• Humaninsulin + Liraglutid oder
• Humaninsulin, wenn die bestimmten Kombinationspartner gemäß Fachinformation unverträglich oder kontraindiziert oder aufgrund eines fortgeschrittenen Diabetes mellitus Typ 2 nicht ausreichend wirksam sind

Hinweis: Empagliflozin ​und Liraglutid in Kombination mit weiterer Medikation zur Behandlung der kardiovaskulären Risikofaktoren, insbesondere Antihypertensiva, Antikoagulanzien und/oder Lipidsenker und nur für Patienten mit manifester kardiovaskulärer Erkrankung.​"|"ist nicht belegt"|NA|"A10AE06"
"414"|"https://www.g-ba.de/bewertungsverfahren/nutzenbewertung/415/"|"Tresiba"|"1316"|"Insulin degludec"|"2019-05-16"|"Die Optimierung des Humaninsulinregimes (ggf. + Metformin oder Empagliflozin oder Liraglutid)

Hinweis: Empagliflozin ​und Liraglutid in Kombination mit weiterer Medikation zur Behandlung der kardiovaskulären Risikofaktoren, insbesondere Antihypertensiva, Antikoagulanzien und/oder Lipidsenker und nur für Patienten mit manifester kardiovaskulärer Erkrankung.​"|"ist nicht belegt"|NA|"A10AE06"
"417"|"https://www.g-ba.de/bewertungsverfahren/nutzenbewertung/418/"|"Venclyxto"|"735"|"Venetoclax"|"2019-05-16"|"Eine patientenindividuelle Chemo-Immuntherapie unter Auswahl von Bendamustin, Chlorambucil, Fludarabin mit Cyclophosphamid und Ibrutinib mit Bendamustin, jeweils in Kombination mit Rituximab, sowie unter Berücksichtigung des Allgemeinzustandes sowie Erfolg und Verträglichkeit der Vortherapie."|"gering"|"Hinweis"|"L01XX52"
"417"|"https://www.g-ba.de/bewertungsverfahren/nutzenbewertung/418/"|"Venclyxto"|"1698"|"Venetoclax"|"2019-05-16"|"Eine patientenindividuelle Chemo-Immuntherapie unter Auswahl von Bendamustin, Chlorambucil, Fludarabin mit Cyclophosphamid und Ibrutinib mit Bendamustin, jeweils in Kombination mit Rituximab, sowie unter Berücksichtigung des Allgemeinzustandes sowie Erfolg und Verträglichkeit der Vortherapie."|"ist nicht belegt"|NA|"L01XX52"
"417"|"https://www.g-ba.de/bewertungsverfahren/nutzenbewertung/418/"|"Venclyxto"|"1699"|"Venetoclax"|"2019-05-16"|"Ibrutinib
oder
Idelalisib + Rituximab
oder
Best-Supportive-Care (nur für Patienten, bei denen eine vorangehende Therapie mit Ibrutinib oder Idelalisib + Rituximab versagt hat)"|"ist nicht belegt"|NA|"L01XX52"
"418"|"https://www.g-ba.de/bewertungsverfahren/nutzenbewertung/419/"|"Venclyxto"|"736"|"Venetoclax"|"2019-05-16"|"Ibrutinib
oder
Idelalisib + Rituximab
oder
Best-Supportive-Care (nur für Patienten, bei denen eine vorangehende Therapie mit Ibrutinib oder Idelalisib + Rituximab versagt hat)
"|"ist nicht belegt"|NA|"L01XX52"
"418"|"https://www.g-ba.de/bewertungsverfahren/nutzenbewertung/419/"|"Venclyxto"|"1700"|"Venetoclax"|"2019-05-16"|"Ibrutinib
oder
Idelalisib + Rituximab
oder
Best-Supportive-Care"|"ist nicht belegt"|NA|"L01XX52"
"435"|"https://www.g-ba.de/bewertungsverfahren/nutzenbewertung/468/"|"Blincyto"|"749"|"Blinatumomab"|"2019-08-15"|NA|"nicht quantifizierbar"|NA|"L01FX07"
"421"|"https://www.g-ba.de/bewertungsverfahren/nutzenbewertung/425/"|"Gilenya"|"739"|"Fingolimod"|"2019-06-20"|"Therapie nach Maßgabe des Arztes"|"ist nicht belegt"|NA|"L04AE01"
"421"|"https://www.g-ba.de/bewertungsverfahren/nutzenbewertung/425/"|"Gilenya"|"1442"|"Fingolimod"|"2019-06-20"|"Interferon beta-1a oder Interferon beta-1b oder Glatirameracetat, unter Berücksichtigung des Zulassungsstatus"|"nicht quantifizierbar"|"Anhaltspunkt"|"L04AE01"
"421"|"https://www.g-ba.de/bewertungsverfahren/nutzenbewertung/425/"|"Gilenya"|"1443"|"Fingolimod"|"2019-06-20"|"Interferon beta-1a oder Interferon beta-1b oder Glatirameracetat, unter Berücksichtigung des Zulassungsstatus"|"nicht quantifizierbar"|"Anhaltspunkt"|"L04AE01"
"421"|"https://www.g-ba.de/bewertungsverfahren/nutzenbewertung/425/"|"Gilenya"|"1444"|"Fingolimod"|"2019-06-20"|"Therapie nach Maßgabe des Arztes"|"ist nicht belegt"|NA|"L04AE01"
"420"|"https://www.g-ba.de/bewertungsverfahren/nutzenbewertung/422/"|"Cabometyx "|"738"|"Cabozantinib"|"2019-06-06"|"Best-Supportive-Care"|"gering"|"Anhaltspunkt"|"L01EX07"
"422"|"https://www.g-ba.de/bewertungsverfahren/nutzenbewertung/426/"|"Tecentriq"|"740"|"Atezolizumab"|"2019-06-20"|"Eine Chemotherapie nach Maßgabe des Arztes."|"ist nicht belegt"|NA|"L01FF05"
"386"|"https://www.g-ba.de/bewertungsverfahren/nutzenbewertung/395/"|"Lenvima"|"865"|"Lenvatinib"|"2019-03-22"|"Sorafenib"|"ist nicht belegt"|NA|"L01EX08"
"386"|"https://www.g-ba.de/bewertungsverfahren/nutzenbewertung/395/"|"Lenvima"|"866"|"Lenvatinib"|"2019-03-22"|"Best-Supportive-Care"|"ist nicht belegt"|NA|"L01EX08"
"388"|"https://www.g-ba.de/bewertungsverfahren/nutzenbewertung/396/"|"Vyxeos"|"706"|"Daunorubicin/Cytarabin liposomal"|"2019-03-22"|NA|"beträchtlich"|NA|"L01XY01"
"389"|"https://www.g-ba.de/bewertungsverfahren/nutzenbewertung/388/"|"Tafinlar"|"707"|"Dabrafenib"|"2019-03-22"|"Beobachtendes Abwarten"|"beträchtlich"|"Hinweis"|"L01EC02"
"390"|"https://www.g-ba.de/bewertungsverfahren/nutzenbewertung/387/"|"Mekinist"|"708"|"Trametinib"|"2019-03-22"|"Beobachtendes Abwarten"|"beträchtlich"|"Hinweis"|"L01EE01"
"391"|"https://www.g-ba.de/bewertungsverfahren/nutzenbewertung/391/"|"Myalepta"|"709"|"Metreleptin"|"2019-03-22"|NA|"nicht quantifizierbar"|NA|"A16AA07"
"391"|"https://www.g-ba.de/bewertungsverfahren/nutzenbewertung/391/"|"Myalepta"|"1119"|"Metreleptin"|"2019-03-22"|NA|"nicht quantifizierbar"|NA|"A16AA07"
"392"|"https://www.g-ba.de/bewertungsverfahren/nutzenbewertung/400/"|"Cablivi"|"710"|"Caplacizumab"|"2019-03-22"|NA|"nicht quantifizierbar"|NA|"B01AX07"
"393"|"https://www.g-ba.de/bewertungsverfahren/nutzenbewertung/392/"|"Mektovi"|"711"|"Binimetinib"|"2019-03-22"|"- Vemurafenib in Kombination mit Cobimetinib
oder
- Dabrafenib in Kombination mit Trametinib"|"ist nicht belegt"|NA|"L01EE03"
"393"|"https://www.g-ba.de/bewertungsverfahren/nutzenbewertung/392/"|"Mektovi"|"1555"|"Binimetinib"|"2019-03-22"|"Eine patientenindividuelle Therapie nach Maßgabe des behandelnden Arztes in Abhängigkeit von der jeweiligen Vortherapie und unter Berücksichtigung des Zulassungsstatus (hiervon ausgenommen: Dacarbazin und Lomustin)."|"ist nicht belegt"|NA|"L01EE03"
"394"|"https://www.g-ba.de/bewertungsverfahren/nutzenbewertung/393/"|"Braftovi"|"712"|"Encorafenib"|"2019-03-22"|"- Vemurafenib in Kombination mit Cobimetinib
oder
- Dabrafenib in Kombination mit Trametinib"|"ist nicht belegt"|NA|"L01EC03"
"394"|"https://www.g-ba.de/bewertungsverfahren/nutzenbewertung/393/"|"Braftovi"|"1554"|"Encorafenib"|"2019-03-22"|"Eine patientenindividuelle Therapie nach Maßgabe des behandelnden Arztes in Abhängigkeit von der jeweiligen Vortherapie und unter Berücksichtigung des Zulassungsstatus (hiervon ausgenommen: Dacarbazin und Lomustin)."|"ist nicht belegt"|NA|"L01EC03"
"396"|"https://www.g-ba.de/bewertungsverfahren/nutzenbewertung/389/"|"Onpattro"|"714"|"Patisiran"|"2019-03-22"|NA|"beträchtlich"|NA|"N07XX12"
"397"|"https://www.g-ba.de/bewertungsverfahren/nutzenbewertung/401/"|"Mepsevii"|"715"|"Vestronidase alfa"|"2019-03-22"|NA|"nicht quantifizierbar"|NA|"A16AB18"
"398"|"https://www.g-ba.de/bewertungsverfahren/nutzenbewertung/398/"|"Januvia"|"466"|"Sitagliptin"|"2019-03-22"|"− Metformin + Sulfonylharnstoff (Glibenclamid oder Glimepirid) oder
− Metformin + Empagliflozin oder
− Metformin + Liraglutid

Hinweis: Liraglutid in Kombination mit weiterer Medikation zur Behandlung der kardiovaskulären Risikofaktoren, insbesondere Antihypertensiva, Antikoagulanzien und/oder Lipidsenker und nur für Patienten mit manifester kardiovaskulärer Erkrankung.​"|"gering"|"Anhaltspunkt"|"A10BH01"
"436"|"https://www.g-ba.de/bewertungsverfahren/nutzenbewertung/442/"|"Lenvima"|"1433"|"Lenvatinib"|"2019-08-15"|"Sorafenib"|"ist nicht belegt"|NA|"L01EX08"
"437"|"https://www.g-ba.de/bewertungsverfahren/nutzenbewertung/443/"|"Blincyto"|"869"|"Blinatumomab"|"2019-08-15"|NA|"nicht quantifizierbar"|NA|"L01FX07"
"463"|"https://www.g-ba.de/bewertungsverfahren/nutzenbewertung/431/"|"Kalydeco"|"801"|"Ivacaftor"|"2020-02-20"|"Best-Supportive-Care"|"nicht quantifizierbar"|"Anhaltspunkt"|"R07AX02"
"463"|"https://www.g-ba.de/bewertungsverfahren/nutzenbewertung/431/"|"Kalydeco"|"802"|"Ivacaftor"|"2020-02-20"|"Best-Supportive-Care"|"beträchtlich"|"Anhaltspunkt"|"R07AX02"
"1"|"https://www.g-ba.de/bewertungsverfahren/nutzenbewertung/18/"|"Brilique"|"595"|"Ticagrelor"|"2011-12-15"|"Clopidogrel + ASS"|"beträchtlich"|"Beleg"|"B01AC24"
"1"|"https://www.g-ba.de/bewertungsverfahren/nutzenbewertung/18/"|"Brilique"|"980"|"Ticagrelor"|"2011-12-15"|"Clopidogrel + ASS"|"ist nicht belegt"|NA|"B01AC24"
"1"|"https://www.g-ba.de/bewertungsverfahren/nutzenbewertung/18/"|"Brilique"|"981"|"Ticagrelor"|"2011-12-15"|"Prasugrel + ASS"|"ist nicht belegt"|NA|"B01AC24"
"1"|"https://www.g-ba.de/bewertungsverfahren/nutzenbewertung/18/"|"Brilique"|"982"|"Ticagrelor"|"2011-12-15"|"ASS-Monotherapie"|"ist nicht belegt"|NA|"B01AC24"
"424"|"https://www.g-ba.de/bewertungsverfahren/nutzenbewertung/423/"|"Jivi"|"742"|"Damoctocog alfa pegol"|"2019-06-20"|"Rekombinante oder aus humanem Plasma gewonnene Blutgerinnungsfaktor-VIII-Präparate"|"ist nicht belegt"|NA|"B02BD39"
"425"|"https://www.g-ba.de/bewertungsverfahren/nutzenbewertung/428/"|"Pifeltro"|"743"|"Doravirin"|"2019-07-04"|"Rilpivirin in Kombination mit Tenofovirdisoproxil/-alafenamid plus Emtricitabin oder in Kombination mit Abacavir plus Lamivudin 
oder 
Dolutegravir in Kombination mit Tenofovirdisoproxil/-alafenamid plus Emtricitabin oder in Kombination mit Abacavir plus Lamivudin"|"ist nicht belegt"|NA|"J05AG06"
"425"|"https://www.g-ba.de/bewertungsverfahren/nutzenbewertung/428/"|"Pifeltro"|"1271"|"Doravirin"|"2019-07-04"|"Individuelle antiretrovirale Therapie in Abhängigkeit der Vortherapie(n) und unter Berücksichtigung des Grundes für den Therapiewechsel, insbesondere Therapieversagen aufgrund eines virologischen Versagens und etwaig einhergehender Resistenzbildung oder aufgrund von Nebenwirkungen"|"ist nicht belegt"|NA|"J05AG06"
"426"|"https://www.g-ba.de/bewertungsverfahren/nutzenbewertung/429/"|"Delstrigo"|"744"|"Doravirin/Lamivudin/Tenofovirdisoproxil"|"2019-07-04"|"Rilpivirin in Kombination mit Tenofovirdisoproxil/-alafenamid plus Emtricitabin oder in Kombination mit Abacavir plus Lamivudin 
oder 
Dolutegravir in Kombination mit Tenofovirdisoproxil/-alafenamid plus Emtricitabin oder in Kombination mit Abacavir plus Lamivudin"|"ist nicht belegt"|NA|"J05AR24"
"426"|"https://www.g-ba.de/bewertungsverfahren/nutzenbewertung/429/"|"Delstrigo"|"1272"|"Doravirin/Lamivudin/Tenofovirdisoproxil"|"2019-07-04"|"Individuelle antiretrovirale Therapie in Abhängigkeit der Vortherapie(n) und unter Berücksichtigung des Grundes für den Therapiewechsel, insbesondere Therapieversagen aufgrund eines virologischen Versagens und etwaig einhergehender Resistenzbildung oder aufgrund von Nebenwirkungen"|"ist nicht belegt"|NA|"J05AR24"
"430"|"https://www.g-ba.de/bewertungsverfahren/nutzenbewertung/434/"|"Alunbrig"|"746"|"Brigatinib"|"2019-07-04"|"Ceritinib oder Alectinib"|"ist nicht belegt"|NA|"L01ED04"
"373"|"https://www.g-ba.de/bewertungsverfahren/nutzenbewertung/375/"|"Biktarvy"|"751"|"Bictegravir/Emtricitabin/Tenofoviralafenamid"|"2018-12-20"|"Rilpivirin in Kombination mit Tenofovirdisoproxil/-alafenamid plus Emtricitabin oder in Kombination mit Abacavir plus Lamivudin 
oder 
Dolutegravir in Kombination mit Tenofovirdisoproxil/-alafenamid plus Emtricitabin oder in Kombination mit Abacavir plus Lamivudin"|"ist nicht belegt"|NA|"J05AR20"
"373"|"https://www.g-ba.de/bewertungsverfahren/nutzenbewertung/375/"|"Biktarvy"|"752"|"Bictegravir/Emtricitabin/Tenofoviralafenamid"|"2018-12-20"|"Eine individuelle antiretrovirale Therapie in Abhängigkeit der Vortherapie(n) und unter Berücksichtigung des Grundes für den Therapiewechsel, insbesondere Therapieversagen aufgrund eines virologischen Versagens und etwaig einhergehender Resistenzbildung oder aufgrund von Nebenwirkungen."|"ist nicht belegt"|NA|"J05AR20"
"470"|"https://www.g-ba.de/bewertungsverfahren/nutzenbewertung/470/"|"Xigduo"|"761"|"Dapagliflozin/Metformin"|"2019-12-19"|"Metformin + Sulfonylharnstoff (Glibenclamid oder Glimepirid) oder Metformin + Empagliflozin"|"ist nicht belegt"|NA|"A10BD15"
"470"|"https://www.g-ba.de/bewertungsverfahren/nutzenbewertung/470/"|"Xigduo"|"763"|"Dapagliflozin/Metformin"|"2019-12-19"|"Metformin + Sulfonylharnstoff (Glibenclamid oder Glimepirid) oder Metformin + Empagliflozin oder Metformin + Liraglutid

Hinweis: Empagliflozin ​und Liraglutid in Kombination mit weiterer Medikation zur Behandlung der kardiovaskulären Risikofaktoren, insbesondere Antihypertensiva, Antikoagulanzien und/oder Lipidsenker und nur für Patienten mit manifester kardiovaskulärer Erkrankung.​"|"gering"|"Anhaltspunkt"|"A10BD15"
"470"|"https://www.g-ba.de/bewertungsverfahren/nutzenbewertung/470/"|"Xigduo"|"771"|"Dapagliflozin/Metformin"|"2019-12-19"|"Humaninsulin + Metformin"|"ist nicht belegt"|NA|"A10BD15"
"470"|"https://www.g-ba.de/bewertungsverfahren/nutzenbewertung/470/"|"Xigduo"|"921"|"Dapagliflozin/Metformin"|"2019-12-19"|"Humaninsulin + Metformin oder Humaninsulin + Empagliflozin oder Humaninsulin + Liraglutid oder Humaninsulin, wenn die bestimmten Kombinationspartner gemäß Fachinformation unverträglich oder kontraindiziert oder aufgrund eines fortgeschrittenen Diabetes mellitus Typ 2 nicht ausreichend wirksam sind.

Hinweis: Empagliflozin ​und Liraglutid in Kombination mit weiterer Medikation zur Behandlung der kardiovaskulären Risikofaktoren, insbesondere Antihypertensiva, Antikoagulanzien und/oder Lipidsenker und nur für Patienten mit manifester kardiovaskulärer Erkrankung.​"|"gering"|"Anhaltspunkt"|"A10BD15"
"470"|"https://www.g-ba.de/bewertungsverfahren/nutzenbewertung/470/"|"Xigduo"|"922"|"Dapagliflozin/Metformin"|"2019-12-19"|"Die Optimierung des Humaninsulinregimes (ggf. + Metformin)"|"ist nicht belegt"|NA|"A10BD15"
"470"|"https://www.g-ba.de/bewertungsverfahren/nutzenbewertung/470/"|"Xigduo"|"923"|"Dapagliflozin/Metformin"|"2019-12-19"|"Die Optimierung des Humaninsulinregimes (ggf. + Metformin oder Empagliflozin oder Liraglutid)

Hinweis: Empagliflozin ​und Liraglutid in Kombination mit weiterer Medikation zur Behandlung der kardiovaskulären Risikofaktoren, insbesondere Antihypertensiva, Antikoagulanzien und/oder Lipidsenker und nur für Patienten mit manifester kardiovaskulärer Erkrankung.​"|"gering"|"Anhaltspunkt"|"A10BD15"
"471"|"https://www.g-ba.de/bewertungsverfahren/nutzenbewertung/469/"|"Forxiga"|"762"|"Dapagliflozin"|"2019-12-19"|"Sulfonylharnstoff (Glibenclamid oder Glimepirid)"|"ist nicht belegt"|NA|"A10BK01"
"471"|"https://www.g-ba.de/bewertungsverfahren/nutzenbewertung/469/"|"Forxiga"|"764"|"Dapagliflozin"|"2019-12-19"|"Sulfonylharnstoff (Glibenclamid oder Glimepirid)"|"ist nicht belegt"|NA|"A10BK01"
"471"|"https://www.g-ba.de/bewertungsverfahren/nutzenbewertung/469/"|"Forxiga"|"765"|"Dapagliflozin"|"2019-12-19"|"Metformin + Sulfonylharnstoff (Glibenclamid oder Glimepirid) oder Metformin + Empagliflozin"|"ist nicht belegt"|NA|"A10BK01"
"471"|"https://www.g-ba.de/bewertungsverfahren/nutzenbewertung/469/"|"Forxiga"|"766"|"Dapagliflozin"|"2019-12-19"|"Metformin + Sulfonylharnstoff (Glibenclamid oder Glimepirid) oder Metformin + Empagliflozin oder Metformin + Liraglutid

Hinweis: Liraglutid in Kombination mit weiterer Medikation zur Behandlung der kardiovaskulären Risikofaktoren, insbesondere Antihypertensiva, Antikoagulanzien und/oder Lipidsenker und nur für Patienten mit manifester kardiovaskulärer Erkrankung.​"|"gering"|"Anhaltspunkt"|"A10BK01"
"471"|"https://www.g-ba.de/bewertungsverfahren/nutzenbewertung/469/"|"Forxiga"|"767"|"Dapagliflozin"|"2019-12-19"|"Humaninsulin + Metformin oder nur Humaninsulin, wenn Metformin gemäß Fachinformation unverträglich oder kontraindiziert oder aufgrund eines fortgeschrittenen Diabetes mellitus Typ 2 nicht ausreichend wirksam ist"|"ist nicht belegt"|NA|"A10BK01"
"471"|"https://www.g-ba.de/bewertungsverfahren/nutzenbewertung/469/"|"Forxiga"|"768"|"Dapagliflozin"|"2019-12-19"|"Humaninsulin + Metformin oder Humaninsulin + Empagliflozin oder Humaninsulin + Liraglutid oder Humaninsulin, wenn die bestimmten Kombinationspartner gemäß Fachinformation unverträglich oder kontraindiziert oder aufgrund eines fortgeschrittenen Diabetes mellitus Typ 2 nicht ausreichend wirksam sind

Hinweis: Empagliflozin ​und Liraglutid in Kombination mit weiterer Medikation zur Behandlung der kardiovaskulären Risikofaktoren, insbesondere Antihypertensiva, Antikoagulanzien und/oder Lipidsenker und nur für Patienten mit manifester kardiovaskulärer Erkrankung.​"|"gering"|"Anhaltspunkt"|"A10BK01"
"471"|"https://www.g-ba.de/bewertungsverfahren/nutzenbewertung/469/"|"Forxiga"|"769"|"Dapagliflozin"|"2019-12-19"|"Die Optimierung des Humaninsulinregimes (ggf. + Metformin)"|"ist nicht belegt"|NA|"A10BK01"
"471"|"https://www.g-ba.de/bewertungsverfahren/nutzenbewertung/469/"|"Forxiga"|"770"|"Dapagliflozin"|"2019-12-19"|"Die Optimierung des Humaninsulinregimes (ggf. + Metformin oder Empagliflozin oder Liraglutid)

Hinweis: Empagliflozin ​und Liraglutid in Kombination mit weiterer Medikation zur Behandlung der kardiovaskulären Risikofaktoren, insbesondere Antihypertensiva, Antikoagulanzien und/oder Lipidsenker und nur für Patienten mit manifester kardiovaskulärer Erkrankung.​"|"gering"|"Anhaltspunkt"|"A10BK01"
"465"|"https://www.g-ba.de/bewertungsverfahren/nutzenbewertung/467/"|"Imnovid "|"772"|"Pomalidomid"|"2019-12-05"|"•	Bortezomib in Kombination mit pegyliertem liposomalen Doxorubicin
oder
•	Bortezomib in Kombination mit Dexamethason
oder
•	Lenalidomid in Kombination mit Dexamethason
oder
•	Elotuzumab in Kombination mit Lenalidomid und Dexamethason
oder
•	Carfilzomib in Kombination mit Lenalidomid und Dexamethason
oder
•	Carfilzomib in Kombination mit Dexamethason
oder
•	Daratumumab in Kombination mit Lenalidomid und Dexamethason
oder
•	Daratumumab in Kombination mit Bortezomib und Dexamethason"|"ist nicht belegt"|NA|"L04AX06"
"474"|"https://www.g-ba.de/bewertungsverfahren/nutzenbewertung/491/"|"Imbruvica"|"775"|"Ibrutinib"|"2020-02-20"|"Eine patientenindividuelle Therapie unter Berücksichtigung des Allgemeinzustands und ggf. von Vortherapien."|"ist nicht belegt"|NA|"L01EL01"
"475"|"https://www.g-ba.de/bewertungsverfahren/nutzenbewertung/471/"|"Palynziq"|"776"|"Pegvaliase"|"2019-12-19"|NA|"nicht quantifizierbar, weil die wissenschaftliche Datengrundlage dies nicht zulässt"|"Anhaltspunkt"|"A16AB19"
"477"|"https://www.g-ba.de/bewertungsverfahren/nutzenbewertung/490/"|"Imbruvica"|"777"|"Ibrutinib"|"2020-02-20"|"Fludarabin in Kombination mit Cyclophosphamid und Rituximab (FCR)"|"ist nicht belegt"|NA|"L01EL01"
"477"|"https://www.g-ba.de/bewertungsverfahren/nutzenbewertung/490/"|"Imbruvica"|"778"|"Ibrutinib"|"2020-02-20"|"Bendamustin in Kombination mit Rituximab
oder
Chlorambucil in Kombination mit Rituximab oder Obinutuzumab"|"gering"|"Anhaltspunkt"|"L01EL01"
"477"|"https://www.g-ba.de/bewertungsverfahren/nutzenbewertung/490/"|"Imbruvica"|"780"|"Ibrutinib"|"2020-02-20"|"Ibrutinib"|"ist nicht belegt"|NA|"L01EL01"
"476"|"https://www.g-ba.de/bewertungsverfahren/nutzenbewertung/479/"|"Waylivra"|"788"|"Volanesorsen "|"2020-02-20"|NA|"nicht quantifizierbar, weil die wissenschaftliche Datengrundlage dies nicht zulässt"|"Anhaltspunkt"|"C10AX18"
"479"|"https://www.g-ba.de/bewertungsverfahren/nutzenbewertung/505/"|"Strensiq"|"782"|"Asfotase alfa"|"2020-04-02"|"Best-Supportive-Care"|"nicht quantifizierbar"|"Anhaltspunkt"|"A16AB13"
"479"|"https://www.g-ba.de/bewertungsverfahren/nutzenbewertung/505/"|"Strensiq"|"874"|"Asfotase alfa"|"2020-04-02"|"Best-Supportive-Care"|"ist nicht belegt"|NA|"A16AB13"
"479"|"https://www.g-ba.de/bewertungsverfahren/nutzenbewertung/505/"|"Strensiq"|"875"|"Asfotase alfa"|"2020-04-02"|"Best-Supportive-Care"|"ist nicht belegt"|NA|"A16AB13"
"483"|"https://www.g-ba.de/bewertungsverfahren/nutzenbewertung/509/"|"Xospata"|"786"|"Gilteritinib"|"2020-05-14"|NA|"beträchtlich"|"Anhaltspunkt"|"L01EX13"
"467"|"https://www.g-ba.de/bewertungsverfahren/nutzenbewertung/463/"|"Lynparza"|"791"|"Olaparib"|"2020-01-16"|"Capecitabin oder Vinorelbin oder Eribulin oder ggf. eine Anthrazyklin- oder Taxan-haltige Therapie"|"gering"|"Anhaltspunkt"|"L01XK01"
"486"|"https://www.g-ba.de/bewertungsverfahren/nutzenbewertung/476/"|"Ultomiris"|"792"|"Ravulizumab"|"2020-02-06"|"Eculizumab"|"ist nicht belegt"|NA|"L04AJ02"
"486"|"https://www.g-ba.de/bewertungsverfahren/nutzenbewertung/476/"|"Ultomiris"|"925"|"Ravulizumab"|"2020-02-06"|"Eculizumab"|"ist nicht belegt"|NA|"L04AJ02"
"455"|"https://www.g-ba.de/bewertungsverfahren/nutzenbewertung/455/"|"Xofigo"|"794"|"Radium-223-dichlorid"|"2019-10-17"|"Patientenindividuelle Therapie unter Berücksichtigung der Vortherapien und unter Auswahl von Abirateron, Enzalutamid, Cabazitaxel und Docetaxel"|"ist nicht belegt"|NA|"V10XX03"
"455"|"https://www.g-ba.de/bewertungsverfahren/nutzenbewertung/455/"|"Xofigo"|"795"|"Radium-223-dichlorid"|"2019-10-17"|"Best-Supportive-Care (insbesondere adäquate Schmerztherapie, Behandlung mit Bisphosphonaten, Denosumab und/oder Radionukliden)"|"ist nicht belegt"|NA|"V10XX03"
"487"|"https://www.g-ba.de/bewertungsverfahren/nutzenbewertung/492/"|"Besremi"|"799"|"Ropeginterferon alfa-2b"|"2020-03-05"|"Hydroxyurea"|"ist nicht belegt"|NA|"L03AB15"
"487"|"https://www.g-ba.de/bewertungsverfahren/nutzenbewertung/492/"|"Besremi"|"800"|"Ropeginterferon alfa-2b"|"2020-03-05"|"Ruxolitinib"|"ist nicht belegt"|NA|"L03AB15"
"488"|"https://www.g-ba.de/bewertungsverfahren/nutzenbewertung/480/"|"Cyramza"|"803"|"Ramucirumab"|"2020-02-20"|" Best-Supportive-Care oder Cabozantinib"|"gering"|"Beleg"|"L01FG02"
"489"|"https://www.g-ba.de/bewertungsverfahren/nutzenbewertung/513/"|"Keytruda"|"804"|"Pembrolizumab"|"2020-05-14"|"Cetuximab + Cisplatin oder Carboplatin + 5-FU"|"gering"|"Hinweis"|"L01FF02"
"490"|"https://www.g-ba.de/bewertungsverfahren/nutzenbewertung/510/"|"Nerlynx"|"805"|"Neratinib"|"2020-05-14"|"Beobachtendes Abwarten"|"gering"|"Anhaltspunkt"|"L01EH02"
"491"|"https://www.g-ba.de/bewertungsverfahren/nutzenbewertung/507/"|"Dupixent"|"806"|"Dupilumab"|"2020-05-14"|"eine Therapie mit intranasalen Kortikosteroiden (Budesonid oder Mometasonfuroat) "|"beträchtlich"|"Hinweis"|"D11AH05"
"492"|"https://www.g-ba.de/bewertungsverfahren/nutzenbewertung/508/"|"Bavencio"|"807"|"Avelumab"|"2020-05-14"|"−	Bevacizumab in Kombination mit Interferon alfa-2a 
oder 
−	Nivolumab in Kombination mit Ipilimumab (nur für Patienten mit intermediärem Risikoprofil)
oder
−	Monotherapie mit Pazopanib 
oder 
−	Monotherapie mit Sunitinib"|"ist nicht belegt"|NA|"L01FF04"
"492"|"https://www.g-ba.de/bewertungsverfahren/nutzenbewertung/508/"|"Bavencio"|"816"|"Avelumab"|"2020-05-14"|"−	Nivolumab in Kombination mit Ipilimumab
oder
−	Sunitinib
oder
−	Temsirolimus"|"beträchtlich"|"Anhaltspunkt"|"L01FF04"
"493"|"https://www.g-ba.de/bewertungsverfahren/nutzenbewertung/511/"|"Keytruda"|"808"|"Pembrolizumab"|"2020-05-14"|"− Bevacizumab in Kombination mit Interferon alfa-2a 
oder 
− Nivolumab in Kombination mit Ipilimumab (nur für Patienten mit intermediärem Risikoprofil)
oder
− Monotherapie mit Pazopanib 
oder 
− Monotherapie mit Sunitinib"|"beträchtlich"|"Anhaltspunkt"|"L01FF02"
"493"|"https://www.g-ba.de/bewertungsverfahren/nutzenbewertung/511/"|"Keytruda"|"813"|"Pembrolizumab"|"2020-05-14"|"− Nivolumab in Kombination mit Ipilimumab
oder
− Sunitinib
oder
− Temsirolimus"|"beträchtlich"|"Hinweis"|"L01FF02"
"494"|"https://www.g-ba.de/bewertungsverfahren/nutzenbewertung/512/"|"Keytruda"|"809"|"Pembrolizumab"|"2020-05-14"|"Cetuximab + Cisplatin oder Carboplatin + 5-FU"|"beträchtlich"|"Anhaltspunkt"|"L01FF02"
"495"|"https://www.g-ba.de/bewertungsverfahren/nutzenbewertung/498/"|"Benlysta"|"810"|"Belimumab"|"2020-05-14"|"Eine patientenindividuelle Therapie unter Berücksichtigung des jeweiligen Organbefalls, der Vortherapie und der Krankheitsaktivität und unter Auswahl von folgenden Therapien:
- Hydroxychloroquin, Chloroquin
- nichtsteroidale Antirheumatika (NSAIDs)
- Glukokortikoide
- Azathioprin
"|"nicht quantifizierbar"|"Anhaltspunkt"|"L04AG04"
"451"|"https://www.g-ba.de/bewertungsverfahren/nutzenbewertung/453/"|"Keytruda"|"811"|"Pembrolizumab"|"2019-09-19"|"− Cisplatin in Kombination mit einem Drittgenerationszytostatikum (Vinorelbin oder
Gemcitabin oder Docetaxel oder Paclitaxel)
oder
− Carboplatin in Kombination mit einem Drittgenerationszytostatikum (Vinorelbin oder
Gemcitabin oder Docetaxel oder Paclitaxel; vgl. Anlage VI zum Abschnitt K der Arzneimittel-Richtlinie)
oder
− Carboplatin in Kombination mit nab-Paclitaxel"|"beträchtlich"|"Anhaltspunkt"|"L01FF02"
"451"|"https://www.g-ba.de/bewertungsverfahren/nutzenbewertung/453/"|"Keytruda"|"1715"|"Pembrolizumab"|"2019-09-19"|"Pembrolizumab als Monotherapie"|"ist nicht belegt"|NA|"L01FF02"
"449"|"https://www.g-ba.de/bewertungsverfahren/nutzenbewertung/451/"|"Keytruda"|"812"|"Pembrolizumab"|"2019-09-19"|"Beobachtendes Abwarten"|"nicht quantifizierbar"|"Hinweis"|"L01FF02"
"496"|"https://www.g-ba.de/bewertungsverfahren/nutzenbewertung/515/"|"Kadcyla"|"817"|"Trastuzumab Emtansin"|"2020-07-02"|"Fortführung der präoperativ begonnenen, anti-HER2-gerichteten Therapie mit Trastuzumab"|"gering"|"Hinweis"|"L01FD03"
"498"|"https://www.g-ba.de/bewertungsverfahren/nutzenbewertung/516/"|"Rinvoq"|"818"|"Upadacitinib"|"2020-07-16"|"Alternative klassische DMARDs, sofern geeignet (z. B. MTX, Leflunomid) als Mono- oder Kombinationstherapie"|"ist nicht belegt"|NA|"L04AF03"
"498"|"https://www.g-ba.de/bewertungsverfahren/nutzenbewertung/516/"|"Rinvoq"|"876"|"Upadacitinib"|"2020-07-16"|"Alternative klassische DMARDs, sofern geeignet (z. B. MTX, Leflunomid) als Mono- oder Kombinationstherapie"|"ist nicht belegt"|NA|"L04AF03"
"498"|"https://www.g-ba.de/bewertungsverfahren/nutzenbewertung/516/"|"Rinvoq"|"877"|"Upadacitinib"|"2020-07-16"|"bDMARDs oder tsDMARDs (Abatacept oder Adalimumab oder Baricitinib oder Certolizumab-Pegol oder Etanercept oder Golimumab oder Infliximab oder Sarilumab oder Tocilizumab oder Tofacitinib, in Kombination mit MTX; ggf. als Monotherapie unter Berücksichtigung des jeweiligen Zulassungsstatus bei MTX-Unverträglichkeit oder Ungeeignetheit)"|"ist nicht belegt"|NA|"L04AF03"
"498"|"https://www.g-ba.de/bewertungsverfahren/nutzenbewertung/516/"|"Rinvoq"|"884"|"Upadacitinib"|"2020-07-16"|"bDMARDs oder tsDMARDs (Abatacept oder Adalimumab oder Baricitinib oder Certolizumab-Pegol oder Etanercept oder Golimumab oder Infliximab oder Sarilumab oder Tocilizumab oder Tofacitinib, in Kombination mit MTX; ggf. als Monotherapie unter Berücksichtigung des jeweiligen Zulassungsstatus bei MTX-Unverträglichkeit oder Ungeeignetheit)"|"beträchtlich"|"Anhaltspunkt"|"L04AF03"
"498"|"https://www.g-ba.de/bewertungsverfahren/nutzenbewertung/516/"|"Rinvoq"|"885"|"Upadacitinib"|"2020-07-16"|"Wechsel der bDMARD- oder tsDMARD-Therapie (Abatacept oder Adalimumab oder Baricitinib oder Certolizumab-Pegol oder Etanercept oder Golimumab oder Infliximab oder Sarilumab oder Tocilizumab oder Tofacitinib, in Kombination mit MTX; ggf. als Monotherapie unter Berücksichtigung des jeweiligen Zulassungsstatus bei MTX-Unverträglichkeit oder Ungeeignetheit; oder bei Patienten mit schwerer rheumatoider Arthritis Rituximab unter Berücksichtigung der Zulassung) in Abhängigkeit von der Vortherapie."|"ist nicht belegt"|NA|"L04AF03"
"498"|"https://www.g-ba.de/bewertungsverfahren/nutzenbewertung/516/"|"Rinvoq"|"886"|"Upadacitinib"|"2020-07-16"|"Wechsel der bDMARD- oder tsDMARD-Therapie (Abatacept oder Adalimumab oder Baricitinib oder Certolizumab-Pegol oder Etanercept oder Golimumab oder Infliximab oder Sarilumab oder Tocilizumab oder Tofacitinib, in Kombination mit MTX; ggf. als Monotherapie unter Berücksichtigung des jeweiligen Zulassungsstatus bei MTX-Unverträglichkeit oder Ungeeignetheit; oder bei Patienten mit schwerer rheumatoider Arthritis Rituximab unter Berücksichtigung der Zulassung) in Abhängigkeit von der Vortherapie."|"gering"|"Anhaltspunkt"|"L04AF03"
"498"|"https://www.g-ba.de/bewertungsverfahren/nutzenbewertung/516/"|"Rinvoq"|"889"|"Upadacitinib"|"2020-07-16"|"Wechsel der bDMARD- oder tsDMARD-Therapie (Abatacept oder Adalimumab oder Baricitinib oder Certolizumab-Pegol oder Etanercept oder Golimumab oder Infliximab oder Sarilumab oder Tocilizumab oder Tofacitinib, in Kombination mit MTX; ggf. als Monotherapie unter Berücksichtigung des jeweiligen Zulassungsstatus bei MTX-Unverträglichkeit oder Ungeeignetheit; oder bei Patienten mit schwerer rheumatoider Arthritis Rituximab unter Berücksichtigung der Zulassung) in Abhängigkeit von der Vortherapie."|"ist nicht belegt"|NA|"L04AF03"
"500"|"https://www.g-ba.de/bewertungsverfahren/nutzenbewertung/517/"|"Trulicity"|"819"|"Dulaglutid"|"2020-07-16"|"Sulfonylharnstoff (Glibenclamid oder Glimepirid)"|"ist nicht belegt"|NA|"A10BJ05"
"500"|"https://www.g-ba.de/bewertungsverfahren/nutzenbewertung/517/"|"Trulicity"|"879"|"Dulaglutid"|"2020-07-16"|"•	Metformin + Sulfonylharnstoff (Glibenclamid oder Glimepirid) oder
•	Metformin + Empagliflozin oder
•	Metformin + Liraglutid
Liraglutid nur für Patienten mit manifester kardiovaskulärer Erkrankung, die weitere Medikation zur Behandlung der kardiovaskulären Risikofaktoren, insbesondere Antihypertensiva, Antikoagulanzien und/oder Lipidsenker erhalten"|"ist nicht belegt"|NA|"A10BJ05"
"500"|"https://www.g-ba.de/bewertungsverfahren/nutzenbewertung/517/"|"Trulicity"|"881"|"Dulaglutid"|"2020-07-16"|"•	Humaninsulin + Metformin oder
•	Humaninsulin + Empagliflozin oder 
•	Humaninsulin + Liraglutid oder
•	Humaninsulin, wenn die bestimmten Kombinationspartner gemäß Fachinformation unverträglich oder kontraindiziert oder aufgrund eines fortgeschrittenen Diabetes mellitus Typ 2 nicht ausreichend wirksam sind

Empagliflozin bzw. Liraglutid nur für Patienten mit manifester kardiovaskulärer Erkrankung, die weitere Medikation zur Behandlung der kardiovaskulären Risikofaktoren, insbesondere Antihypertensiva, Antikoagulanzien und/oder Lipidsenker erhalten"|"ist nicht belegt"|NA|"A10BJ05"
"500"|"https://www.g-ba.de/bewertungsverfahren/nutzenbewertung/517/"|"Trulicity"|"883"|"Dulaglutid"|"2020-07-16"|"Die Optimierung des Humaninsulinregimes (ggf. + Metformin oder Empagliflozin oder Liraglutid) 

Empagliflozin bzw. Liraglutid nur für Patienten mit manifester kardiovaskulärer Erkrankung, die weitere Medikation zur Behandlung der kardiovaskulären Risikofaktoren, insbesondere Antihypertensiva, Antikoagulanzien und/oder Lipidsenker erhalten"|"gering"|"Anhaltspunkt"|"A10BJ05"
"500"|"https://www.g-ba.de/bewertungsverfahren/nutzenbewertung/517/"|"Trulicity"|"892"|"Dulaglutid"|"2020-07-16"|"•	Die Optimierung des Humaninsulinregimes (ggf. + Metformin oder Liraglutid)

Liraglutid nur für Patienten mit manifester kardiovaskulärer Erkrankung, die weitere Medikation zur Behandlung der kardiovaskulären Risikofaktoren, insbesondere Antihypertensiva, Antikoagulanzien und/oder Lipidsenker erhalten"|"gering"|"Anhaltspunkt"|"A10BJ05"
"501"|"https://www.g-ba.de/bewertungsverfahren/nutzenbewertung/514/"|"Kalydeco"|"820"|"Ivacaftor"|"2020-06-04"|"Best-Supportive-Care"|"nicht quantifizierbar"|"Anhaltspunkt"|"R07AX02"
"502"|"https://www.g-ba.de/bewertungsverfahren/nutzenbewertung/495/"|"Tecentriq"|"821"|"Atezolizumab"|"2020-04-02"|"Pembrolizumab"|"ist nicht belegt"|NA|"L01FF05"
"502"|"https://www.g-ba.de/bewertungsverfahren/nutzenbewertung/495/"|"Tecentriq"|"1703"|"Atezolizumab"|"2020-04-02"|"•	Cisplatin in Kombination mit einem Drittgenerationszytostatikum (Vinorelbin oder Gemcitabin oder Docetaxel oder Paclitaxel oder Pemetrexed)
oder
•	Carboplatin in Kombination mit einem Drittgenerationszytostatikum (Vinorelbin oder Gemcitabin oder Docetaxel oder Paclitaxel oder Pemetrexed) vgl. Anlage VI zum Abschnitt K der Arzneimittel-Richtlinie
oder
•	Carboplatin in Kombination mit nab-Paclitaxel
oder
•	Pembrolizumab in Kombination mit Pemetrexed und Platin-Chemotherapie"|"ist nicht belegt"|NA|"L01FF05"
"505"|"https://www.g-ba.de/bewertungsverfahren/nutzenbewertung/519/"|"Mayzent"|"825"|"Siponimod"|"2020-08-20"|"Interferon-beta 1a oder Interferon-beta 1b oder Ocrelizumab"|"ist nicht belegt"|NA|"L04AE03"
"505"|"https://www.g-ba.de/bewertungsverfahren/nutzenbewertung/519/"|"Mayzent"|"891"|"Siponimod"|"2020-08-20"|"Best-Supportive-Care"|"ist nicht belegt"|NA|"L04AE03"
"507"|"https://www.g-ba.de/bewertungsverfahren/nutzenbewertung/523/"|"Cyramza"|"827"|"Ramucirumab"|"2020-08-20"|"Afatinib oder Gefitinib oder Erlotinib oder Osimertinib"|"ist nicht belegt"|NA|"L01FG02"
"507"|"https://www.g-ba.de/bewertungsverfahren/nutzenbewertung/523/"|"Cyramza"|"863"|"Ramucirumab"|"2020-08-20"|"Eine patientenindividuelle Therapie in Abhängigkeit von der aktivierenden EGFR-Mutation unter Auswahl von: 
-	Afatinib, Gefitinib, Erlotinib, Osimertinib
-	Cisplatin in Kombination mit einem Drittgenerationszytostatikum (Vinorelbin oder Gemcitabin oder Docetaxel oder Paclitaxel oder Pemetrexed) 
-	Carboplatin in Kombination mit einem Drittgenerationszytostatikum (Vinorelbin oder Gemcitabin oder Docetaxel oder Paclitaxel oder Pemetrexed) (vgl. Anlage VI zum Abschnitt K der Arzneimittel-Richtlinie) 
-	Carboplatin in Kombination mit nab-Paclitaxel 
und 
-	Monotherapie mit Gemcitabin oder Vinorelbin (nur für Patienten mit ECOG-Performance-Status 2 als Alternative zur Platin-basierten Kombinationsbehandlung)."|"ist nicht belegt"|NA|"L01FG02"
"508"|"https://www.g-ba.de/bewertungsverfahren/nutzenbewertung/529/"|"Evenity"|"828"|"Romosozumab"|"2020-09-03"|"Alendronsäure oder Risedronsäure oder Zoledronsäure oder Denosumab oder Teriparatid"|"gering"|"Hinweis"|"M05BX06"
"509"|"https://www.g-ba.de/bewertungsverfahren/nutzenbewertung/526/"|"Kisqali"|"829"|"Ribociclib"|"2020-08-20"|"Anastrozol oder Letrozol oder Fulvestrant oder ggf. Tamoxifen, wenn Aromatasehemmer nicht geeignet sind."|"gering"|"Anhaltspunkt"|"L01EF02"
"510"|"https://www.g-ba.de/bewertungsverfahren/nutzenbewertung/527/"|"Kisqali"|"830"|"Ribociclib"|"2020-08-20"|"Anastrozol oder Letrozol oder Fulvestrant, oder ggf. Tamoxifen, wenn Aromatasehemmer nicht geeignet sind. "|"gering"|"Hinweis"|"L01EF02"
"510"|"https://www.g-ba.de/bewertungsverfahren/nutzenbewertung/527/"|"Kisqali"|"890"|"Ribociclib"|"2020-08-20"|"eine weitere endokrine Therapie in Abhängigkeit der Vortherapie mit:
•	Tamoxifen oder
•	Anastrozol oder
•	Fulvestrant; nur für Patientinnen mit Rezidiv oder Progress nach einer Antiöstrogen-Behandlung oder
•	Letrozol; nur für Patientinnen mit Rezidiv oder Progress nach einer Antiöstrogen-Behandlung oder
•	Exemestan; nur für Patientinnen mit Progress nach einer Antiöstrogen-Behandlung oder
•	Everolimus in Kombination mit Exemestan; nur für Patientinnen ohne symptomatische viszerale Metastasierung, nachdem es zu einer Progression nach einem nicht-steroidalen Aromataseinhibitor gekommen ist."|"gering"|"Anhaltspunkt"|"L01EF02"
"511"|"https://www.g-ba.de/bewertungsverfahren/nutzenbewertung/530/"|"Dificlir"|"831"|"Fidaxomicin"|"2020-09-03"|"Metronidazol oder Vancomycin"|"ist nicht belegt"|NA|"A07AA12"
"511"|"https://www.g-ba.de/bewertungsverfahren/nutzenbewertung/530/"|"Dificlir"|"932"|"Fidaxomicin"|"2020-09-03"|"Vancomycin"|"beträchtlich"|"Anhaltspunkt"|"A07AA12"
"512"|"https://www.g-ba.de/bewertungsverfahren/nutzenbewertung/520/"|"Sirturo"|"832"|"Bedaquilin"|"2020-08-20"|NA|"nicht quantifizierbar, weil die wissenschaftliche Datengrundlage dies nicht zulässt"|"Anhaltspunkt"|"J04AK05"
"513"|"https://www.g-ba.de/bewertungsverfahren/nutzenbewertung/521/"|"Darzalex"|"833"|"Daratumumab"|"2020-08-20"|"Daratumumab in Kombination mit Bortezomib, Melphalan und Prednison 
oder
Bortezomib in Kombination mit Melphalan und Prednison
oder
Bortezomib in Kombination mit Lenalidomid und Dexamethason
oder
Thalidomid in Kombination mit Melphalan und Prednison
oder
Lenalidomid in Kombination mit Dexamethason
"|"gering"|"Anhaltspunkt"|"L01FC01"
"514"|"https://www.g-ba.de/bewertungsverfahren/nutzenbewertung/522/"|"Darzalex"|"834"|"Daratumumab"|"2020-08-20"|"- eine Induktionstherapie bestehend aus:
einer Bortezomib-Dexamethason-basierten Dreifach-Kombinationstherapie nach Maßgabe des Arztes
- gefolgt von einer Hochdosistherapie mit Melphalan und anschließender autologer Stammzelltransplantation"|"nicht quantifizierbar"|"Anhaltspunkt"|"L01FC01"
"516"|"https://www.g-ba.de/bewertungsverfahren/nutzenbewertung/534/"|"Adempas"|"836"|"Riociguat"|"2020-09-03"|"Best-Supportive-Care"|"ist nicht belegt"|NA|"C02KX05"
"517"|"https://www.g-ba.de/bewertungsverfahren/nutzenbewertung/531/"|"Adempas"|"837"|"Riociguat"|"2020-09-03"|"Patientenindividuell optimierte medikamentöse Therapie unter Berücksichtigung der Vortherapien und des Gesundheitszustandes, unter Berücksichtigung folgender Therapien:

-	Endothelin-Rezeptor-Antagonisten (Ambrisentan, Bosentan, Macitentan)
-	Phosphodiesterase-Typ-5-Inhibitoren (Sildenafil, Tadalafil)
-	Prostazyklin-Analoga (Iloprost)
-	Selektive Prostazyklin-Rezeptor-Agonisten (Selexipag)
"|"ist nicht belegt"|NA|"C02KX05"
"520"|"https://www.g-ba.de/bewertungsverfahren/nutzenbewertung/535/"|"Verzenios"|"934"|"Abemaciclib"|"2020-09-03"|"eine endokrine Therapie nach Maßgabe des Arztes, unter Beachtung der jeweiligen Zulassung.

Im vorliegenden Anwendungsgebiet sind Tamoxifen, Letrozol, Exemestan, Megestrolacetat und Medroxyprogesteronacetat zugelassen.
"|"ist nicht belegt"|NA|"L01EF03"
"521"|"https://www.g-ba.de/bewertungsverfahren/nutzenbewertung/525/"|"Erleada"|"841"|"Apalutamid"|"2020-08-20"|"- die konventionelle Androgendeprivation in Kombination mit Docetaxel mit oder ohne Prednison oder Prednisolon (nur für Patienten mit Fernmetastasen (M1-Stadium) und gutem Allgemeinzustand (nach ECOG / WHO 0 bis 1 bzw. Karnofsky Index ≥ 70 %)
oder
- die konventionelle Androgendeprivation in Kombination mit Abirateronacetat und Prednison oder Prednisolon (nur für Patienten mit neu diagnostiziertem Hochrisiko-metastasiertem hormonsensitivem Prostatakarzinom)"|"ist nicht belegt"|NA|"L02BB05"
"522"|"https://www.g-ba.de/bewertungsverfahren/nutzenbewertung/544/"|"Venclyxto"|"842"|"Venetoclax"|"2020-10-15"|"Fludarabin in Kombination mit Cyclophosphamid und Rituximab (FCR)"|"ist nicht belegt"|NA|"L01XX52"
"522"|"https://www.g-ba.de/bewertungsverfahren/nutzenbewertung/544/"|"Venclyxto"|"961"|"Venetoclax"|"2020-10-15"|"Bendamustin in Kombination mit Rituximab
oder
Chlorambucil in Kombination mit Rituximab oder Obinutuzumab"|"ist nicht belegt"|NA|"L01XX52"
"522"|"https://www.g-ba.de/bewertungsverfahren/nutzenbewertung/544/"|"Venclyxto"|"962"|"Venetoclax"|"2020-10-15"|"Ibrutinib"|"ist nicht belegt"|NA|"L01XX52"
"523"|"https://www.g-ba.de/bewertungsverfahren/nutzenbewertung/540/"|"Bavencio"|"843"|"Avelumab"|"2020-10-01"|"Therapie nach Maßgabe des Arztes"|"ist nicht belegt"|NA|"L01FF04"
"524"|"https://www.g-ba.de/bewertungsverfahren/nutzenbewertung/541/"|"Lonsurf"|"844"|"Trifluridin/Tipiracil"|"2020-10-01"|"Best-Supportive-Care"|"gering"|"Anhaltspunkt"|"L01BC59"
"525"|"https://www.g-ba.de/bewertungsverfahren/nutzenbewertung/546/"|"Givlaari "|"845"|"Givosiran"|"2020-10-15"|NA|"beträchtlich"|"Hinweis"|"A16AX16"
"526"|"https://www.g-ba.de/bewertungsverfahren/nutzenbewertung/543/"|"Tybost"|"846"|"Cobicistat"|"2020-10-01"|"Ritonavir in Kombination mit Atazanavir oder Darunavir"|"ist nicht belegt"|NA|"V03AX03"
"530"|"https://www.g-ba.de/bewertungsverfahren/nutzenbewertung/542/"|"Erleada"|"850"|"Apalutamid"|"2020-10-01"|"Das abwartende Vorgehen unter Beibehaltung der bestehenden konventionellen Androgendeprivation (ADT)."|"gering"|"Hinweis"|"L02BB05"
"531"|"https://www.g-ba.de/bewertungsverfahren/nutzenbewertung/545/"|"Suliqua"|"851"|"Insulin glargin/Lixisenatid"|"2020-10-15"|"•	Humaninsulin + Metformin oder
•	Humaninsulin + Empagliflozin oder 
•	Humaninsulin + Liraglutid oder
•	Humaninsulin, wenn die bestimmten Kombinationspartner gemäß Fachinformation unverträglich oder kontraindiziert oder aufgrund eines fortgeschrittenen Diabetes mellitus Typ 2 nicht ausreichend wirksam sind
Empagliflozin bzw. Liraglutid nur für Patienten mit manifester kardiovaskulärer Erkrankung, die weitere Medikation zur Behandlung der kardiovaskulären Risikofaktoren, insbesondere Antihypertensiva, Antikoagulanzien und/oder Lipidsenker erhalten
"|"ist nicht belegt"|NA|"A10AE54"
"531"|"https://www.g-ba.de/bewertungsverfahren/nutzenbewertung/545/"|"Suliqua"|"946"|"Insulin glargin/Lixisenatid"|"2020-10-15"|"•	Die Optimierung des Humaninsulinregimes (ggf. + Metformin oder Empagliflozin oder Liraglutid) 
Empagliflozin bzw. Liraglutid nur für Patienten mit manifester kardiovaskulärer Erkrankung, die weitere Medikation zur Behandlung der kardiovaskulären Risikofaktoren, insbesondere Antihypertensiva, Antikoagulanzien und/oder Lipidsenker erhalten"|"ist nicht belegt"|NA|"A10AE54"
"532"|"https://www.g-ba.de/bewertungsverfahren/nutzenbewertung/550/"|"Otezla"|"852"|"Apremilast"|"2020-11-05"|"Therapie nach Maßgabe des Arztes. Neben Azathioprin stellen auch die Arzneimittel Ciclosporin, Colchicin, Interferon-alpha und Thalidomid sowie TNF-alpha-Inhibitoren geeignete Komparatoren für die vorliegende Nutzenbewertung im Rahmen einer Therapie nach Maßgabe des Arztes dar. Diese Arzneimittel sind jedoch in dem vorliegenden Anwendungsgebiet nicht zugelassen."|"ist nicht belegt"|NA|"L04AA32"
"533"|"https://www.g-ba.de/bewertungsverfahren/nutzenbewertung/551/"|"Xtandi"|"853"|"Enzalutamid"|"2020-11-05"|"Das abwartende Vorgehen unter Beibehaltung der bestehenden konventionellen Androgendeprivation (ADT)."|"gering"|"Hinweis"|"L02BB04"
"497"|"https://www.g-ba.de/bewertungsverfahren/nutzenbewertung/547/"|"Alunbrig"|"854"|"Brigatinib"|"2020-10-15"|"- Crizotinib 
oder 
 -Alectinib"|"beträchtlich"|"Anhaltspunkt"|"L01ED04"
"497"|"https://www.g-ba.de/bewertungsverfahren/nutzenbewertung/547/"|"Alunbrig"|"967"|"Brigatinib"|"2020-10-15"|"- Crizotinib 
oder 
 -Alectinib"|"gering"|"Anhaltspunkt"|"L01ED04"
"534"|"https://www.g-ba.de/bewertungsverfahren/nutzenbewertung/548/"|"Nubeqa"|"855"|"Darolutamid"|"2020-10-15"|"Das abwartende Vorgehen unter Beibehaltung der bestehenden konventionellen Androgendeprivation (ADT)."|"beträchtlich"|"Hinweis"|"L02BB06"
"535"|"https://www.g-ba.de/bewertungsverfahren/nutzenbewertung/553/"|"Sunosi"|"856"|"Solriamfetol"|"2020-11-05"|"Modafinil oder Pitolisant"|"ist nicht belegt"|NA|"N06BA14"
"535"|"https://www.g-ba.de/bewertungsverfahren/nutzenbewertung/553/"|"Sunosi"|"963"|"Solriamfetol"|"2020-11-05"|"Natriumoxybat oder Pitolisant"|"ist nicht belegt"|NA|"N06BA14"
"504"|"https://www.g-ba.de/bewertungsverfahren/nutzenbewertung/549/"|"Rizmoic"|"858"|"Naldemedin"|"2020-11-05"|"ein weiteres nicht verschreibungspflichtiges Abführmittel (gemäß AM-RL Anlage I Nr. 1) oder ein verordnungsfähiges Medizinprodukt zur Behandlung der Obstipation (gemäß AM-RL Abschnitt J und Anlage V) oder Kombinationen dieser"|"ist nicht belegt"|NA|"A06AH05"
"504"|"https://www.g-ba.de/bewertungsverfahren/nutzenbewertung/549/"|"Rizmoic"|"968"|"Naldemedin"|"2020-11-05"|"Methylnaltrexon oder Naloxegol"|"ist nicht belegt"|NA|"A06AH05"
"536"|"https://www.g-ba.de/bewertungsverfahren/nutzenbewertung/486/"|"Kalydeco"|"860"|"Ivacaftor"|"2020-02-20"|"Best-Supportive-Care"|"nicht quantifizierbar"|"Anhaltspunkt"|"R07AX02"
"537"|"https://www.g-ba.de/bewertungsverfahren/nutzenbewertung/483/"|"Kalydeco"|"861"|"Ivacaftor"|"2020-02-20"|"Best-Supportive-Care"|"nicht quantifizierbar"|"Anhaltspunkt"|"R07AX02"
"538"|"https://www.g-ba.de/bewertungsverfahren/nutzenbewertung/481/"|"Kalydeco"|"862"|"Ivacaftor"|"2020-02-20"|"Lumacaftor/Ivacaftor"|"ist nicht belegt"|NA|"R07AX02"
"540"|"https://www.g-ba.de/bewertungsverfahren/nutzenbewertung/554/"|"Talzenna"|"864"|"Talazoparib"|"2020-11-20"|"− Capecitabin oder 
− Eribulin oder 
− Vinorelbin oder 
− eine Anthrazyklin- oder Taxan-haltige Therapie (Nur für Patienten, die noch keine Anthrazyklin- und Taxan-haltige Therapie erhalten haben oder für die eine erneute Anthrazyklin- oder Taxan-haltige Therapie infrage kommt.)"|"beträchtlich"|"Anhaltspunkt"|"L01XK04"
"440"|"https://www.g-ba.de/bewertungsverfahren/nutzenbewertung/440/"|"Yervoy"|"1219"|"Ipilimumab"|"2019-08-15"|"− Bevacizumab in Kombination mit Interferon alfa-2a
oder
− Monotherapie mit Pazopanib
oder
− Monotherapie mit Sunitinib"|"beträchtlich"|"Hinweis"|"L01FX04"
"440"|"https://www.g-ba.de/bewertungsverfahren/nutzenbewertung/440/"|"Yervoy"|"1220"|"Ipilimumab"|"2019-08-15"|"− Sunitinib
oder
− Temsirolimus"|"beträchtlich"|"Hinweis"|"L01FX04"
"542"|"https://www.g-ba.de/bewertungsverfahren/nutzenbewertung/555/"|"Iclusig"|"871"|"Ponatinib"|"2020-11-20"|NA|"nicht quantifizierbar, weil die wissenschaftliche Datengrundlage dies nicht zulässt"|"Anhaltspunkt"|"L01EA05"
"543"|"https://www.g-ba.de/bewertungsverfahren/nutzenbewertung/556/"|"Iclusig"|"872"|"Ponatinib"|"2020-11-20"|NA|"nicht quantifizierbar, weil die wissenschaftliche Datengrundlage dies nicht zulässt"|"Anhaltspunkt"|"L01EA05"
"544"|"https://www.g-ba.de/bewertungsverfahren/nutzenbewertung/502/"|"Vitrakvi"|"873"|"Larotrectinib"|"2020-04-02"|"Patientenindividuelle Therapie unter Auswahl von
− Best-Supportive-Care
und
− chirurgische Resektion, die wahrscheinlich zu schwerer Morbidität führt, für die patientenindividuell ein klinischer Nutzen zu erwarten ist."|"ist nicht belegt"|NA|"L01EX12"
"545"|"https://www.g-ba.de/bewertungsverfahren/nutzenbewertung/558/"|"Poteligeo"|"887"|"Mogamulizumab"|"2020-12-03"|NA|"nicht quantifizierbar, weil die wissenschaftliche Datengrundlage dies nicht zulässt"|"Anhaltspunkt"|"L01FX09"
"548"|"https://www.g-ba.de/bewertungsverfahren/nutzenbewertung/559/"|"Braftovi"|"894"|"Encorafenib"|"2020-12-17"|"-	Eine patientenindividuelle Therapie unter Auswahl von 
•	5-Fluorouracil + Folinsäure + Oxaliplatin ± Bevacizumab 
•	Capecitabin + Oxaliplatin ± Bevacizumab 
•	5-Fluorouracil + Folinsäure + Irinotecan ± Aflibercept oder Ramucirumab oder Bevacizumab oder Cetuximab oder Panitumumab
•	Irinotecan ± Cetuximab oder Panitumumab
•	Trifluridin/Tipiracil 
•	5-Fluorouracil ± Bevacizumab 
•	Capecitabin ± Bevacizumab 
-	unter Berücksichtigung des Allgemeinzustandes und der Art und Anzahl der Vortherapien."|"beträchtlich"|"Anhaltspunkt"|"L01EC03"
"549"|"https://www.g-ba.de/bewertungsverfahren/nutzenbewertung/563/"|"Symkevi"|"895"|"Tezacaftor/Ivacaftor"|"2020-12-17"|"Lumacaftor/Ivacaftor"|"ist nicht belegt"|NA|"R07AX31"
"550"|"https://www.g-ba.de/bewertungsverfahren/nutzenbewertung/564/"|"Symkevi"|"896"|"Tezacaftor/Ivacaftor"|"2020-12-17"|"Best-Supportive-Care"|"ist nicht belegt"|NA|"R07AX31"
"551"|"https://www.g-ba.de/bewertungsverfahren/nutzenbewertung/562/"|"Kalydeco"|"897"|"Ivacaftor"|"2020-12-17"|"Best-Supportive-Care"|"nicht quantifizierbar"|"Anhaltspunkt"|"R07AX02"
"551"|"https://www.g-ba.de/bewertungsverfahren/nutzenbewertung/562/"|"Kalydeco"|"993"|"Ivacaftor"|"2020-12-17"|"Best-Supportive-Care"|"nicht quantifizierbar"|"Anhaltspunkt"|"R07AX02"
"552"|"https://www.g-ba.de/bewertungsverfahren/nutzenbewertung/560/"|"Tavlesse"|"898"|"Fostamatinib"|"2020-12-17"|"Eltrombopag oder Romiplostim"|"ist nicht belegt"|NA|"B02BX09"
"553"|"https://www.g-ba.de/bewertungsverfahren/nutzenbewertung/567/"|"Cablivi"|"899"|"Caplacizumab"|"2021-01-07"|NA|"nicht quantifizierbar, weil die wissenschaftliche Datengrundlage dies nicht zulässt"|"Anhaltspunkt"|"B01AX07"
"554"|"https://www.g-ba.de/bewertungsverfahren/nutzenbewertung/566/"|"Zeposia"|"900"|"Ozanimod"|"2021-01-07"|"Interferon beta-1a oder Interferon beta-1b oder Glatirameracetat oder Ocrelizumab unter Berücksichtigung der Zulassung"|"gering"|"Hinweis"|"L04AE02"
"554"|"https://www.g-ba.de/bewertungsverfahren/nutzenbewertung/566/"|"Zeposia"|"1018"|"Ozanimod"|"2021-01-07"|"Alemtuzumab oder Fingolimod oder Natalizumab"|"ist nicht belegt"|NA|"L04AE02"
"555"|"https://www.g-ba.de/bewertungsverfahren/nutzenbewertung/568/"|"Isturisa"|"901"|"Osilodrostat"|"2021-01-07"|NA|"nicht quantifizierbar"|"Anhaltspunkt"|"H02CA02"
"454"|"https://www.g-ba.de/bewertungsverfahren/nutzenbewertung/457/"|"Ofev"|"902"|"Nintedanib"|"2019-10-17"|"Pirfenidon (nur für Patientinnen oder Patienten mit leichter bis mittelschwerer idiopathischer Lungenfibrose entsprechend der Zulassung) oder Best-Supportive-Care"|"beträchtlich"|"Anhaltspunkt"|"L01EX09"
"464"|"https://www.g-ba.de/bewertungsverfahren/nutzenbewertung/464/"|"Lorviqua"|"903"|"Lorlatinib"|"2019-11-22"|"Eine patientenindividuelle Therapie unter Berücksichtigung der ALK-Inhibitoren Alectinib und Ceritinib sowie von Kombinations- oder Mono-Chemotherapien"|"ist nicht belegt"|NA|"L01ED05"
"464"|"https://www.g-ba.de/bewertungsverfahren/nutzenbewertung/464/"|"Lorviqua"|"904"|"Lorlatinib"|"2019-11-22"|"Best-Supportive-Care"|"ist nicht belegt"|NA|"L01ED05"
"461"|"https://www.g-ba.de/bewertungsverfahren/nutzenbewertung/465/"|"Skyrizi"|"905"|"Risankizumab"|"2019-11-22"|"Adalimumab oder Guselkumab oder Ixekizumab oder Secukinumab"|"ist nicht belegt"|NA|"L04AC18"
"461"|"https://www.g-ba.de/bewertungsverfahren/nutzenbewertung/465/"|"Skyrizi"|"913"|"Risankizumab"|"2019-11-22"|"Adalimumab oder Brodalumab oder Guselkumab oder Infliximab oder Ixekizumab oder Secukinumab oder Ustekinumab"|"beträchtlich"|"Beleg"|"L04AC18"
"558"|"https://www.g-ba.de/bewertungsverfahren/nutzenbewertung/575/"|"Ultomiris"|"908"|"Ravulizumab"|"2021-01-21"|"Eculizumab"|"ist nicht belegt"|NA|"L04AJ02"
"559"|"https://www.g-ba.de/bewertungsverfahren/nutzenbewertung/573/"|"Sovaldi"|"909"|"Sofosbuvir"|"2021-01-21"|"Beobachtendes Abwarten"|"nicht quantifizierbar"|"Anhaltspunkt"|"J05AP08"
"560"|"https://www.g-ba.de/bewertungsverfahren/nutzenbewertung/571/"|"Harvoni"|"910"|"Ledipasvir/Sofosbuvir"|"2021-01-21"|"Beobachtendes Abwarten"|"nicht quantifizierbar"|"Anhaltspunkt"|"J05AP51"
"560"|"https://www.g-ba.de/bewertungsverfahren/nutzenbewertung/571/"|"Harvoni"|"1019"|"Ledipasvir/Sofosbuvir"|"2021-01-21"|"Beobachtendes Abwarten"|"ist nicht belegt"|NA|"J05AP51"
"561"|"https://www.g-ba.de/bewertungsverfahren/nutzenbewertung/570/"|"Taltz"|"911"|"Ixekizumab"|"2021-01-21"|"ein TNF-α-Inhibitor (Etanercept oder Adalimumab oder Infliximab oder Golimumab oder Certolizumab pegol) oder ein IL17-Inhibitor (Secukinumab)"|"ist nicht belegt"|NA|"L04AC13"
"561"|"https://www.g-ba.de/bewertungsverfahren/nutzenbewertung/570/"|"Taltz"|"1020"|"Ixekizumab"|"2021-01-21"|"der Wechsel auf ein anderes biologisches krankheitsmodifizierendes Antirheumatikum: TNF-α-Inhibitor (Adalimumab oder Certolizumab pegol oder Etanercept oder Golimumab oder Infliximab) oder IL17-Inhibitor (Secukinumab)"|"ist nicht belegt"|NA|"L04AC13"
"561"|"https://www.g-ba.de/bewertungsverfahren/nutzenbewertung/570/"|"Taltz"|"1021"|"Ixekizumab"|"2021-01-21"|"ein TNF-α-Inhibitor (Etanercept oder Adalimumab oder Golimumab oder Certolizumab pegol)"|"ist nicht belegt"|NA|"L04AC13"
"562"|"https://www.g-ba.de/bewertungsverfahren/nutzenbewertung/569/"|"Taltz"|"912"|"Ixekizumab"|"2021-01-21"|"Adalimumab oder Etanercept oder Ustekinumab"|"ist nicht belegt"|NA|"L04AC13"
"457"|"https://www.g-ba.de/bewertungsverfahren/nutzenbewertung/459/"|"Elvanse Adult"|"914"|"Lisdexamfetamindimesilat"|"2019-10-17"|"Eine patientenindividuelle Therapie unter Auswahl von Atomoxetin und Methylphenidat, bei der auch die mögliche Fortführung oder Wiederaufnahme mit einem bereits eingesetzten Arzneimittel zu prüfen und darzustellen ist, im Rahmen einer therapeutischen Gesamtstrategie."|"ist nicht belegt"|NA|"N06BA12"
"457"|"https://www.g-ba.de/bewertungsverfahren/nutzenbewertung/459/"|"Elvanse Adult"|"915"|"Lisdexamfetamindimesilat"|"2019-10-17"|"Atomoxetin oder Methylphenidat, im Rahmen einer therapeutischen Gesamtstrategie."|"ist nicht belegt"|NA|"N06BA12"
"466"|"https://www.g-ba.de/bewertungsverfahren/nutzenbewertung/466/"|"Glyxambi"|"917"|"Empagliflozin/Linagliptin"|"2019-11-22"|"-	Humaninsulin + Metformin oder
-	Humaninsulin + Empagliflozin oder
-	Humaninsulin + Liraglutid oder
-	Humaninsulin, wenn die bestimmten Kombinationspartner gemäß Fachinformation unverträglich oder kontraindiziert oder aufgrund eines fortgeschrittenen Diabetes mellitus Typ 2 nicht ausreichend wirksam sind

Hinweis: Empagliflozin ​und Liraglutid in Kombination mit weiterer Medikation zur Behandlung der kardiovaskulären Risikofaktoren, insbesondere Antihypertensiva, Antikoagulanzien und/oder Lipidsenker und nur für Patienten mit manifester kardiovaskulärer Erkrankung.​"|"ist nicht belegt"|NA|"A10BD19"
"460"|"https://www.g-ba.de/bewertungsverfahren/nutzenbewertung/462/"|"Ajovy"|"918"|"Fremanezumab"|"2019-11-07"|"Metoprolol oder Propranolol oder Flunarizin oder Topiramat oder Amitriptylin unter Berücksichtigung der Zulassung und der Vortherapie"|"ist nicht belegt"|NA|"N02CD03"
"460"|"https://www.g-ba.de/bewertungsverfahren/nutzenbewertung/462/"|"Ajovy"|"919"|"Fremanezumab"|"2019-11-07"|"Valproinsäure[1] oder Clostridium botulinum Toxin Typ A[2]

[1] Entsprechend Anlage VI zum Abschnitt K der Arzneimittel-Richtlinie: wenn eine Behandlung mit allen anderen dafür zugelassenen Arzneimitteln nicht erfolgreich war oder kontraindiziert ist.
[2] Entsprechend der Zulassung nur für die chronische Migräne."|"ist nicht belegt"|NA|"N02CD03"
"460"|"https://www.g-ba.de/bewertungsverfahren/nutzenbewertung/462/"|"Ajovy"|"920"|"Fremanezumab"|"2019-11-07"|"Best-Supportive-Care"|"beträchtlich"|"Anhaltspunkt"|"N02CD03"
"439"|"https://www.g-ba.de/bewertungsverfahren/nutzenbewertung/439/"|"Opdivo"|"924"|"Nivolumab"|"2019-08-15"|"− Bevacizumab in Kombination mit Interferon alfa-2a
oder
− Monotherapie mit Pazopanib
oder
− Monotherapie mit Sunitinib"|"beträchtlich"|"Hinweis"|"L01FF01"
"439"|"https://www.g-ba.de/bewertungsverfahren/nutzenbewertung/439/"|"Opdivo"|"1221"|"Nivolumab"|"2019-08-15"|"− Sunitinib
oder
− Temsirolimus"|"beträchtlich"|"Hinweis"|"L01FF01"
"563"|"https://www.g-ba.de/bewertungsverfahren/nutzenbewertung/477/"|"Dovato"|"926"|"Dolutegravir/Lamivudin"|"2020-02-06"|"Rilpivirin in Kombination mit Tenofovirdisoproxil/-alafenamid plus Emtricitabin oder in Kombination mit Abacavir plus Lamivudin
oder 
Dolutegravir in Kombination mit Tenofovirdisoproxil/-alafenamid plus Emtricitabin oder in Kombination mit Abacavir plus Lamivudin"|"ist nicht belegt"|NA|"J05AR25"
"563"|"https://www.g-ba.de/bewertungsverfahren/nutzenbewertung/477/"|"Dovato"|"927"|"Dolutegravir/Lamivudin"|"2020-02-06"|"Eine patientenindividuelle antiretrovirale Therapie unter Auswahl der zugelassenen Wirkstoffe; unter Berücksichtigung der Vortherapie(n) und des Grundes für den Therapiewechsel, insbesondere Therapieversagen aufgrund eines virologischen Versagens und etwaig einhergehender Resistenzbildung oder aufgrund von Nebenwirkungen."|"ist nicht belegt"|NA|"J05AR25"
"563"|"https://www.g-ba.de/bewertungsverfahren/nutzenbewertung/477/"|"Dovato"|"928"|"Dolutegravir/Lamivudin"|"2020-02-06"|"Rilpivirin in Kombination mit Tenofoviralafenamid plus Emtricitabin oder in Kombination mit Abacavir plus Lamivudin
oder
Dolutegravir in Kombination mit Tenofoviralafenamid plus Emtricitabin oder in Kombination mit Abacavir plus Lamivudin"|"ist nicht belegt"|NA|"J05AR25"
"563"|"https://www.g-ba.de/bewertungsverfahren/nutzenbewertung/477/"|"Dovato"|"929"|"Dolutegravir/Lamivudin"|"2020-02-06"|"Eine patientenindividuelle antiretrovirale Therapie unter Auswahl der zugelassenen Wirkstoffe; unter Berücksichtigung der Vortherapie(n) und des Grundes für den Therapiewechsel, insbesondere Therapieversagen aufgrund eines virologischen Versagens und etwaig einhergehender Resistenzbildung oder aufgrund von Nebenwirkungen."|"ist nicht belegt"|NA|"J05AR25"
"564"|"https://www.g-ba.de/bewertungsverfahren/nutzenbewertung/475/"|"Libtayo"|"930"|"Cemiplimab"|"2020-02-06"|"Eine systemische antineoplastische Therapie nach Maßgabe des Arztes"|"ist nicht belegt"|NA|"L01FF06"
"564"|"https://www.g-ba.de/bewertungsverfahren/nutzenbewertung/475/"|"Libtayo"|"931"|"Cemiplimab"|"2020-02-06"|"Best-Supportive-Care"|"ist nicht belegt"|NA|"L01FF06"
"567"|"https://www.g-ba.de/bewertungsverfahren/nutzenbewertung/478/"|"Esperoct"|"935"|"Turoctocog alfa pegol"|"2020-02-06"|"Rekombinante oder aus humanem Plasma gewonnene Blutgerinnungsfaktor-VIII-Präparate"|"ist nicht belegt"|NA|"B02BD41"
"568"|"https://www.g-ba.de/bewertungsverfahren/nutzenbewertung/552/"|"Ofev"|"936"|"Nintedanib"|"2021-02-04"|"Best-Supportive-Care"|"ist nicht belegt"|NA|"L01EX09"
"569"|"https://www.g-ba.de/bewertungsverfahren/nutzenbewertung/579/"|"Daurismo"|"937"|"Glasdegib"|"2021-02-18"|NA|"beträchtlich"|"Anhaltspunkt"|"L01XJ03"
"570"|"https://www.g-ba.de/bewertungsverfahren/nutzenbewertung/578/"|"Ofev"|"938"|"Nintedanib"|"2021-02-04"|"Best-Supportive-Care"|"gering"|"Hinweis"|"L01EX09"
"571"|"https://www.g-ba.de/bewertungsverfahren/nutzenbewertung/577/"|"Enerzair Breezhaler"|"939"|"Indacaterol/Glycopyrronium/Mometason"|"2021-02-04"|"hochdosiertes ICS und LABA und LAMA"|"ist nicht belegt"|NA|"R03AL12"
"573"|"https://www.g-ba.de/bewertungsverfahren/nutzenbewertung/493/"|"Tecentriq"|"940"|"Atezolizumab"|"2020-04-02"|"Eine Anthrazyklin- und/oder Taxan-haltige systemische Therapie unter Berücksichtigung der Zulassung der Arzneimittel."|"nicht quantifizierbar"|"Anhaltspunkt"|"L01FF05"
"575"|"https://www.g-ba.de/bewertungsverfahren/nutzenbewertung/494/"|"Tecentriq"|"942"|"Atezolizumab"|"2020-04-02"|"Pembrolizumab"|"ist nicht belegt"|NA|"L01FF05"
"575"|"https://www.g-ba.de/bewertungsverfahren/nutzenbewertung/494/"|"Tecentriq"|"943"|"Atezolizumab"|"2020-04-02"|"•	Cisplatin in Kombination mit einem Drittgenerationszytostatikum (Vinorelbin oder Gemcitabin oder Docetaxel oder Paclitaxel oder Pemetrexed) unter Beachtung des Zulassungsstatus
oder
•	Carboplatin in Kombination mit einem Drittgenerationszytostatikum (nur für Patienten mit erhöhtem Risiko für Cisplatin-induzierte Nebenwirkungen im Rahmen einer Kombinationstherapie; vgl. Anlage VI zum Abschnitt K der Arzneimittel-Richtlinie)
oder
•	Carboplatin in Kombination mit nab-Paclitaxel 
oder
•	Pembrolizumab in Kombination mit Pemetrexed und platinhaltiger Chemotherapie (nur für Patienten ohne EGFR- oder ALK-positive Tumormutationen)"|"ist nicht belegt"|NA|"L01FF05"
"577"|"https://www.g-ba.de/bewertungsverfahren/nutzenbewertung/581/"|"Piqray"|"947"|"Alpelisib"|"2021-02-18"|"-	Ribociclib in Kombination mit einem nicht-steroidalen Aromatasehemmer 
oder 
-	Ribociclib in Kombination mit Fulvestrant 
oder 
-	Anastrozol 
oder 
-	Letrozol 
oder 
-	Fulvestrant 
oder 
-	ggf. Tamoxifen, wenn Aromatasehemmer nicht geeignet sind"|"geringerer Nutzen"|"Hinweis"|"L01EM03"
"577"|"https://www.g-ba.de/bewertungsverfahren/nutzenbewertung/581/"|"Piqray"|"1042"|"Alpelisib"|"2021-02-18"|"Therapie nach Maßgabe des Arztes."|"ist nicht belegt"|NA|"L01EM03"
"577"|"https://www.g-ba.de/bewertungsverfahren/nutzenbewertung/581/"|"Piqray"|"1043"|"Alpelisib"|"2021-02-18"|"-	Abemaciclib in Kombination mit Fulvestrant 
oder
-	Ribociclib in Kombination mit Fulvestrant 
oder 
-	Tamoxifen 
oder 
-	Anastrozol 
oder 
-	Fulvestrant als Monotherapie; nur für Patientinnen mit Rezidiv oder Progress nach einer Antiöstrogen-Behandlung 
oder
-	 Letrozol; nur für Patientinnen mit Rezidiv oder Progress nach einer Antiöstrogen-Behandlung 
oder 
-	Exemestan; nur für Patientinnen mit Progress nach einer Antiöstrogen-Behandlung 
oder 
-	Everolimus in Kombination mit Exemestan; nur für Patientinnen ohne symptomatische viszerale Metastasierung, nachdem es zu einer Progression nach einem nicht-steroidalen Aromataseinhibitor gekommen ist"|"geringerer Nutzen"|"Hinweis"|"L01EM03"
"577"|"https://www.g-ba.de/bewertungsverfahren/nutzenbewertung/581/"|"Piqray"|"1044"|"Alpelisib"|"2021-02-18"|"Therapie nach Maßgabe des Arztes."|"ist nicht belegt"|NA|"L01EM03"
"577"|"https://www.g-ba.de/bewertungsverfahren/nutzenbewertung/581/"|"Piqray"|"1062"|"Alpelisib"|"2021-02-18"|"-	Ribociclib in Kombination mit einem nicht-steroidalen Aromatasehemmer 
oder 
-	Ribociclib in Kombination mit Fulvestrant 
oder 
-	Anastrozol 
oder 
-	Letrozol 
oder 
-	Fulvestrant 
oder 
-	ggf. Tamoxifen, wenn Aromatasehemmer nicht geeignet sind"|"ist nicht belegt"|NA|"L01EM03"
"578"|"https://www.g-ba.de/bewertungsverfahren/nutzenbewertung/590/"|"Cosentyx"|"948"|"Secukinumab"|"2021-02-18"|"ein TNF-alpha-Antagonist (Adalimumab oder Certolizumab Pegol oder Etanercept oder Golimumab oder Infliximab) oder ein Interleukin-Inhibitor (Ixekizumab oder Ustekinumab), ggf. in Kombination mit Methotrexat "|"gering"|"Hinweis"|"L04AC10"
"578"|"https://www.g-ba.de/bewertungsverfahren/nutzenbewertung/590/"|"Cosentyx"|"1041"|"Secukinumab"|"2021-02-18"|"der Wechsel auf ein anderes biologisches krankheitsmodifizierendes Antirheumatikum (Adalimumab oder Certolizumab Pegol oder Etanercept oder Golimumab oder Infliximab oder Ixekizumab oder Ustekinumab), ggf. in Kombination mit Methotrexat "|"ist nicht belegt"|NA|"L04AC10"
"578"|"https://www.g-ba.de/bewertungsverfahren/nutzenbewertung/590/"|"Cosentyx"|"1058"|"Secukinumab"|"2021-02-18"|"ein TNF-alpha-Antagonist (Adalimumab oder Certolizumab Pegol oder Etanercept oder Golimumab oder Infliximab) oder ein Interleukin-Inhibitor (Ixekizumab oder Ustekinumab), ggf. in Kombination mit Methotrexat "|"ist nicht belegt"|NA|"L04AC10"
"579"|"https://www.g-ba.de/bewertungsverfahren/nutzenbewertung/591/"|"Cosentyx"|"949"|"Secukinumab"|"2021-02-18"|"Adalimumab oder Etanercept oder Ustekinumab"|"gering"|"Anhaltspunkt"|"L04AC10"
"580"|"https://www.g-ba.de/bewertungsverfahren/nutzenbewertung/592/"|"Cosentyx"|"950"|"Secukinumab"|"2021-02-18"|"ein TNF-α-Inhibitor (Etanercept oder Adalimumab oder Golimumab oder Certolizumab pegol)"|"ist nicht belegt"|NA|"L04AC10"
"581"|"https://www.g-ba.de/bewertungsverfahren/nutzenbewertung/582/"|"Hepcludex"|"951"|"Bulevirtid"|"2021-02-18"|NA|"nicht quantifizierbar, weil die wissenschaftliche Datengrundlage dies nicht zulässt"|"Anhaltspunkt"|"J05AX28"
"583"|"https://www.g-ba.de/bewertungsverfahren/nutzenbewertung/583/"|"Kaftrio"|"953"|"Ivacaftor/Tezacaftor/Elexacaftor"|"2021-02-18"|"Best-Supportive-Care"|"erheblich"|"Anhaltspunkt"|"R07AX32"
"584"|"https://www.g-ba.de/bewertungsverfahren/nutzenbewertung/584/"|"Kaftrio"|"954"|"Ivacaftor/Tezacaftor/Elexacaftor"|"2021-02-18"|"Lumacaftor/Ivacaftor
oder
Tezacaftor/Ivacaftor in Kombination mit Ivacaftor"|"erheblich"|"Hinweis"|"R07AX32"
"585"|"https://www.g-ba.de/bewertungsverfahren/nutzenbewertung/585/"|"Kalydeco"|"955"|"Ivacaftor"|"2021-02-18"|"Best-Supportive-Care"|"erheblich"|"Anhaltspunkt"|"R07AX02"
"586"|"https://www.g-ba.de/bewertungsverfahren/nutzenbewertung/586/"|"Kalydeco"|"956"|"Ivacaftor"|"2021-02-18"|"Lumacaftor/Ivacaftor
oder
Tezacaftor/Ivacaftor in Kombination mit Ivacaftor"|"erheblich"|"Hinweis"|"R07AX02"
"572"|"https://www.g-ba.de/bewertungsverfahren/nutzenbewertung/576/"|"Selgamis"|"957"|"Trifaroten"|"2021-02-04"|"- eine topische Kombinationstherapie aus Adapalen + Benzoylperoxid
oder
- eine topische Kombinationstherapie aus Clindamycin + Benzoylperoxid
"|"ist nicht belegt"|NA|"D10AD06"
"576"|"https://www.g-ba.de/bewertungsverfahren/nutzenbewertung/587/"|"Rozlytrek"|"964"|"Entrectinib"|"2021-02-18"|"Crizotinib"|"ist nicht belegt"|NA|"L01EX14"
"588"|"https://www.g-ba.de/bewertungsverfahren/nutzenbewertung/588/"|"Rozlytrek"|"965"|"Entrectinib"|"2021-02-18"|"Patientenindividuelle Therapie unter Auswahl von
- Best-Supportive-Care 
und
- chirurgische Resektion, die wahrscheinlich zu schwerer Morbidität führt, für die patientenindividuell ein klinischer Nutzen zu erwarten ist.
"|"ist nicht belegt"|NA|"L01EX14"
"589"|"https://www.g-ba.de/bewertungsverfahren/nutzenbewertung/597/"|"Epclusa"|"969"|"Sofosbuvir/Velpatasvir"|"2021-04-01"|"Ledipasvir/Sofosbuvir"|"ist nicht belegt"|NA|"J05AP55"
"589"|"https://www.g-ba.de/bewertungsverfahren/nutzenbewertung/597/"|"Epclusa"|"1072"|"Sofosbuvir/Velpatasvir"|"2021-04-01"|"Sofosbuvir plus Ribavirin"|"ist nicht belegt"|NA|"J05AP55"
"589"|"https://www.g-ba.de/bewertungsverfahren/nutzenbewertung/597/"|"Epclusa"|"1073"|"Sofosbuvir/Velpatasvir"|"2021-04-01"|"Ledipasvir/Sofosbuvir 
oder 
Glecaprevir/Pibrentasvir

"|"ist nicht belegt"|NA|"J05AP55"
"589"|"https://www.g-ba.de/bewertungsverfahren/nutzenbewertung/597/"|"Epclusa"|"1074"|"Sofosbuvir/Velpatasvir"|"2021-04-01"|"Sofosbuvir plus Ribavirin 
oder 
Glecaprevir/Pibrentasvir"|"ist nicht belegt"|NA|"J05AP55"
"590"|"https://www.g-ba.de/bewertungsverfahren/nutzenbewertung/596/"|"Imfinzi"|"970"|"Durvalumab"|"2021-04-01"|"˗	Cisplatin in Kombination mit Etoposid
oder
˗	Carboplatin in Kombination mit Etoposid
oder
˗	Atezolizumab in Kombination mit Carboplatin und Etoposid"|"gering"|"Anhaltspunkt"|"L01FF03"
"591"|"https://www.g-ba.de/bewertungsverfahren/nutzenbewertung/595/"|"Imbruvica"|"971"|"Ibrutinib"|"2021-04-01"|"Fludarabin in Kombination mit Cyclophosphamid und Rituximab (FCR)"|"beträchtlich"|"Anhaltspunkt"|"L01EL01"
"591"|"https://www.g-ba.de/bewertungsverfahren/nutzenbewertung/595/"|"Imbruvica"|"1059"|"Ibrutinib"|"2021-04-01"|"-	Bendamustin in Kombination mit Rituximab
oder
-	Chlorambucil in Kombination mit Rituximab oder Obinutuzumab"|"ist nicht belegt"|NA|"L01EL01"
"591"|"https://www.g-ba.de/bewertungsverfahren/nutzenbewertung/595/"|"Imbruvica"|"1060"|"Ibrutinib"|"2021-04-01"|"Ibrutinib"|"ist nicht belegt"|NA|"L01EL01"
"594"|"https://www.g-ba.de/bewertungsverfahren/nutzenbewertung/602/"|"Ayvakyt"|"974"|"Avapritinib"|"2021-04-15"|NA|"nicht quantifizierbar, weil die wissenschaftliche Datengrundlage dies nicht zulässt"|"Anhaltspunkt"|"L01EX18"
"595"|"https://www.g-ba.de/bewertungsverfahren/nutzenbewertung/601/"|"Jyseleca"|"975"|"Filgotinib"|"2021-04-15"|"Alternative klassische DMARDs, sofern geeignet (MTX, Leflunomid, Sulfasalazin) als Mono- oder Kombinationstherapie"|"ist nicht belegt"|NA|"L04AF04"
"595"|"https://www.g-ba.de/bewertungsverfahren/nutzenbewertung/601/"|"Jyseleca"|"1089"|"Filgotinib"|"2021-04-15"|"Alternative klassische DMARDs, sofern geeignet (MTX, Leflunomid, Sulfasalazin) als Mono- oder Kombinationstherapie"|"ist nicht belegt"|NA|"L04AF04"
"595"|"https://www.g-ba.de/bewertungsverfahren/nutzenbewertung/601/"|"Jyseleca"|"1090"|"Filgotinib"|"2021-04-15"|"bDMARDs oder tsDMARDs (Abatacept oder Adalimumab oder Baricitinib oder Certolizumab-Pegol oder Etanercept oder Golimumab oder Infliximab oder Sarilumab oder Tocilizumab oder Tofacitinib oder Upadacitinib) in Kombination mit MTX; ggf. als Monotherapie unter Berücksichtigung des jeweiligen Zulassungsstatus bei MTX-Unverträglichkeit oder Ungeeignetheit"|"ist nicht belegt"|NA|"L04AF04"
"595"|"https://www.g-ba.de/bewertungsverfahren/nutzenbewertung/601/"|"Jyseleca"|"1091"|"Filgotinib"|"2021-04-15"|"bDMARDs oder tsDMARDs (Abatacept oder Adalimumab oder Baricitinib oder Certolizumab-Pegol oder Etanercept oder Golimumab oder Infliximab oder Sarilumab oder Tocilizumab oder Tofacitinib oder Upadacitinib) in Kombination mit MTX"|"gering"|"Anhaltspunkt"|"L04AF04"
"595"|"https://www.g-ba.de/bewertungsverfahren/nutzenbewertung/601/"|"Jyseleca"|"1092"|"Filgotinib"|"2021-04-15"|"Wechsel der bDMARD- oder tsDMARD-Therapie (Abatacept oder Adalimumab oder Baricitinib oder Certolizumab-Pegol oder Etanercept oder Golimumab oder Infliximab oder Sarilumab oder Tocilizumab oder Tofacitinib oder Upadacitinib, in Kombination mit MTX; ggf. als Monotherapie unter Berücksichtigung des jeweiligen Zulassungsstatus bei MTX-Unverträglichkeit oder Ungeeignetheit; oder bei Patienten mit schwerer rheumatoider Arthritis Rituximab unter Berücksichtigung der Zulassung) in Abhängigkeit von der Vortherapie."|"ist nicht belegt"|NA|"L04AF04"
"595"|"https://www.g-ba.de/bewertungsverfahren/nutzenbewertung/601/"|"Jyseleca"|"1093"|"Filgotinib"|"2021-04-15"|"Wechsel der bDMARD- oder tsDMARD-Therapie (Abatacept oder Adalimumab oder Baricitinib oder Certolizumab-Pegol oder Etanercept oder Golimumab oder Infliximab oder Sarilumab oder Tocilizumab oder Tofacitinib oder Upadacitinib, in Kombination mit MTX; oder bei Patienten mit schwerer rheumatoider Arthritis Rituximab unter Berücksichtigung der Zulassung) in Abhängigkeit von der Vortherapie."|"ist nicht belegt"|NA|"L04AF04"
"598"|"https://www.g-ba.de/bewertungsverfahren/nutzenbewertung/604/"|"Nilemdo"|"985"|"Bempedoinsäure"|"2021-04-15"|"maximal tolerierte medikamentöse Therapie nach Maßgabe des Arztes unter Berücksichtigung von Statinen, Cholesterinresorptionshemmern und Anionenaustauschern"|"ist nicht belegt"|NA|"C10AX15"
"598"|"https://www.g-ba.de/bewertungsverfahren/nutzenbewertung/604/"|"Nilemdo"|"1087"|"Bempedoinsäure"|"2021-04-15"|"Evolocumab* oder LDL-Apherese (als „ultima ratio“ bei therapierefraktären Verläufen) ggf. mit begleitender medikamentöser lipidsenkender Therapie.

* Die Vorgaben hinsichtlich der Verordnungseinschränkung der Arzneimittel-Richtlinie (AM-RL) Anlage III sind zu beachten."|"ist nicht belegt"|NA|"C10AX15"
"599"|"https://www.g-ba.de/bewertungsverfahren/nutzenbewertung/605/"|"Nustendi"|"986"|"Bempedoinsäure/Ezetimib"|"2021-04-15"|"maximal tolerierte medikamentöse Therapie nach Maßgabe des Arztes unter Berücksichtigung von Statinen, Cholesterinresorptionshemmern und Anionenaustauschern"|"ist nicht belegt"|NA|"C10BA10"
"599"|"https://www.g-ba.de/bewertungsverfahren/nutzenbewertung/605/"|"Nustendi"|"1088"|"Bempedoinsäure/Ezetimib"|"2021-04-15"|"Evolocumab* oder LDL-Apherese (als „ultima ratio“ bei therapierefraktären Verläufen) ggf. mit begleitender medikamentöser lipidsenkender Therapie.

* Die Vorgaben hinsichtlich der Verordnungseinschränkung der Arzneimittel-Richtlinie (AM-RL) Anlage III sind zu beachten."|"ist nicht belegt"|NA|"C10BA10"
"601"|"https://www.g-ba.de/bewertungsverfahren/nutzenbewertung/608/"|"Olumiant"|"989"|"Baricitinib"|"2021-05-06"|"Dupilumab"|"ist nicht belegt"|NA|"L04AF02"
"602"|"https://www.g-ba.de/bewertungsverfahren/nutzenbewertung/580/"|"Lynparza"|"997"|"Olaparib"|"2021-06-03"|"Beobachtendes Abwarten"|"ist nicht belegt"|NA|"L01XK01"
"604"|"https://www.g-ba.de/bewertungsverfahren/nutzenbewertung/610/"|"Calquence"|"999"|"Acalabrutinib"|"2021-06-03"|"Fludarabin in Kombination mit Cyclophosphamid und Rituximab (FCR)"|"ist nicht belegt"|NA|"L01EL02"
"604"|"https://www.g-ba.de/bewertungsverfahren/nutzenbewertung/610/"|"Calquence"|"1135"|"Acalabrutinib"|"2021-06-03"|"Bendamustin in Kombination mit Rituximab
oder
Chlorambucil in Kombination mit Rituximab oder Obinutuzumab"|"gering"|"Anhaltspunkt"|"L01EL02"
"604"|"https://www.g-ba.de/bewertungsverfahren/nutzenbewertung/610/"|"Calquence"|"1136"|"Acalabrutinib"|"2021-06-03"|"Ibrutinib"|"ist nicht belegt"|NA|"L01EL02"
"605"|"https://www.g-ba.de/bewertungsverfahren/nutzenbewertung/611/"|"Calquence"|"1000"|"Acalabrutinib"|"2021-06-03"|"Fludarabin in Kombination mit Cyclophosphamid und Rituximab (FCR)"|"ist nicht belegt"|NA|"L01EL02"
"605"|"https://www.g-ba.de/bewertungsverfahren/nutzenbewertung/611/"|"Calquence"|"1137"|"Acalabrutinib"|"2021-06-03"|"Bendamustin in Kombination mit Rituximab
oder
Chlorambucil in Kombination mit Rituximab oder Obinutuzumab
"|"gering"|"Anhaltspunkt"|"L01EL02"
"605"|"https://www.g-ba.de/bewertungsverfahren/nutzenbewertung/611/"|"Calquence"|"1138"|"Acalabrutinib"|"2021-06-03"|"Ibrutinib"|"ist nicht belegt"|NA|"L01EL02"
"606"|"https://www.g-ba.de/bewertungsverfahren/nutzenbewertung/609/"|"Calquence"|"1001"|"Acalabrutinib"|"2021-08-05"|"eine patientenindividuelle Therapie unter Auswahl von 
• Rituximab in Kombination mit Fludarabin und Cyclophosphamid (FCR), 
• Rituximab in Kombination mit Bendamustin (BR), 
• Venetoclax in Kombination mit Rituximab und 
• Rituximab in Kombination mit Chlorambucil (ClbR); 
unter Berücksichtigung der molekular-zytogenetischen Eigenschaften der Erkrankung, des Allgemeinzustandes sowie Erfolg und Verträglichkeit der Vortherapie
"|"ist nicht belegt"|NA|"L01EL02"
"606"|"https://www.g-ba.de/bewertungsverfahren/nutzenbewertung/609/"|"Calquence"|"1139"|"Acalabrutinib"|"2021-08-05"|"˗ Ibrutinib
oder
˗ Idelalisib in Kombination mit Rituximab
oder
˗ Best-Supportive-Care (nur für Patienten, bei denen eine vorangehende Therapie mit Ibrutinib oder Idelalisib in Kombination mit Rituximab versagt hat)"|"beträchtlich"|"Anhaltspunkt"|"L01EL02"
"606"|"https://www.g-ba.de/bewertungsverfahren/nutzenbewertung/609/"|"Calquence"|"1140"|"Acalabrutinib"|"2021-08-05"|"˗	eine patientenindividuelle Therapie unter Auswahl von 
•	Ibrutinib,
•	Idelalisib in Kombination mit Rituximab,
•	Venetoclax in Kombination mit Rituximab,
•	Rituximab in Kombination mit Fludarabin und Cyclophosphamid (FCR),
•	Rituximab in Kombination mit Bendamustin (BR),
•	Rituximab in Kombination mit Chlorambucil (ClbR),
•	Ibrutinib in Kombination mit BR und 
•	Best-Supportive-Care
unter Berücksichtigung der molekular-zytogenetischen Eigenschaften der Erkrankung, des Allgemeinzustandes sowie Erfolg und Verträglichkeit der Vortherapie"|"gering"|"Anhaltspunkt"|"L01EL02"
"606"|"https://www.g-ba.de/bewertungsverfahren/nutzenbewertung/609/"|"Calquence"|"1215"|"Acalabrutinib"|"2021-08-05"|"eine patientenindividuelle Therapie unter Auswahl von 
• Rituximab in Kombination mit Fludarabin und Cyclophosphamid (FCR), 
• Rituximab in Kombination mit Bendamustin (BR), 
• Venetoclax in Kombination mit Rituximab und 
• Rituximab in Kombination mit Chlorambucil (ClbR); 
unter Berücksichtigung der molekular-zytogenetischen Eigenschaften der Erkrankung, des Allgemeinzustandes sowie Erfolg und Verträglichkeit der Vortherapie
"|"ist nicht belegt"|NA|"L01EL02"
"606"|"https://www.g-ba.de/bewertungsverfahren/nutzenbewertung/609/"|"Calquence"|"1216"|"Acalabrutinib"|"2021-08-05"|"˗	eine patientenindividuelle Therapie unter Auswahl von 
•	Ibrutinib,
•	Idelalisib in Kombination mit Rituximab,
•	Venetoclax in Kombination mit Rituximab,
•	Rituximab in Kombination mit Fludarabin und Cyclophosphamid (FCR),
•	Rituximab in Kombination mit Bendamustin (BR),
•	Rituximab in Kombination mit Chlorambucil (ClbR),
•	Ibrutinib in Kombination mit BR und 
•	Best-Supportive-Care
unter Berücksichtigung der molekular-zytogenetischen Eigenschaften der Erkrankung, des Allgemeinzustandes sowie Erfolg und Verträglichkeit der Vortherapie"|"ist nicht belegt"|NA|"L01EL02"
"607"|"https://www.g-ba.de/bewertungsverfahren/nutzenbewertung/612/"|"Arikayce liposomal"|"1002"|"Amikacin"|"2021-05-20"|NA|"nicht quantifizierbar, weil die wissenschaftliche Datengrundlage dies nicht zulässt"|"Anhaltspunkt"|"J01GB06"
"608"|"https://www.g-ba.de/bewertungsverfahren/nutzenbewertung/613/"|"Tecentriq"|"1003"|"Atezolizumab"|"2021-05-20"|"Sorafenib oder Lenvatinib"|"beträchtlich"|"Hinweis"|"L01FF05"
"608"|"https://www.g-ba.de/bewertungsverfahren/nutzenbewertung/613/"|"Tecentriq"|"1118"|"Atezolizumab"|"2021-05-20"|"Best-Supportive-Care"|"ist nicht belegt"|NA|"L01FF05"
"609"|"https://www.g-ba.de/bewertungsverfahren/nutzenbewertung/616/"|"Kalydeco"|"1004"|"Ivacaftor"|"2021-05-20"|"Best-Supportive-Care"|"nicht quantifizierbar"|"Anhaltspunkt"|"R07AX02"
"610"|"https://www.g-ba.de/bewertungsverfahren/nutzenbewertung/620/"|"Zejula"|"1005"|"Niraparib"|"2021-05-20"|"Eine Therapie nach Maßgabe des Arztes unter Berücksichtigung von
-	Beobachtendem Abwarten (nach einer Vortherapie mit Carboplatin in Kombination mit Paclitaxel)
-	Bevacizumab (nur nach einer Vortherapie mit Carboplatin in Kombination mit Paclitaxel und Bevacizumab)
"|"ist nicht belegt"|NA|"L01XK02"
"611"|"https://www.g-ba.de/bewertungsverfahren/nutzenbewertung/623/"|"Symkevi"|"1006"|"Tezacaftor/Ivacaftor"|"2021-05-20"|"Lumacaftor/Ivacaftor"|"ist nicht belegt"|NA|"R07AX31"
"612"|"https://www.g-ba.de/bewertungsverfahren/nutzenbewertung/624/"|"Symkevi"|"1007"|"Tezacaftor/Ivacaftor"|"2021-05-20"|"Best-Supportive-Care"|"ist nicht belegt"|NA|"R07AX31"
"613"|"https://www.g-ba.de/bewertungsverfahren/nutzenbewertung/621/"|"Vyndaqel"|"1008"|"Tafamidis"|"2021-05-20"|"Patisiran"|"ist nicht belegt"|NA|"N07XX08"
"614"|"https://www.g-ba.de/bewertungsverfahren/nutzenbewertung/622/"|"Vyndaqel"|"1009"|"Tafamidis"|"2021-05-20"|"Best-Supportive-Care"|"beträchtlich"|"Hinweis"|"N07XX08"
"615"|"https://www.g-ba.de/bewertungsverfahren/nutzenbewertung/615/"|"Forxiga"|"1010"|"Dapagliflozin"|"2021-05-20"|"Eine optimierte Standardtherapie zur Behandlung der symptomatischen, chronischen Herzinsuffizienz und der zugrundeliegenden Erkrankungen, wie z. B. Hypertonie, Herzrhythmusstörungen, Koronare Herzkrankheit, Diabetes mellitus, Hypercholesterinämie sowie der Begleitsymptome"|"beträchtlich"|"Anhaltspunkt"|"A10BK01"
"616"|"https://www.g-ba.de/bewertungsverfahren/nutzenbewertung/627/"|"Lynparza"|"1011"|"Olaparib"|"2021-06-03"|"Patientenindividuelle Therapie unter Auswahl von Abirateron, Enzalutamid, Cabazitaxel und Docetaxel; unter Berücksichtigung der Vortherapien sowie unter Beachtung der Zulassung der jeweiligen Arzneimittel."|"beträchtlich"|"Anhaltspunkt"|"L01XK01"
"618"|"https://www.g-ba.de/bewertungsverfahren/nutzenbewertung/617/"|"Kalydeco"|"1013"|"Ivacaftor"|"2021-05-20"|"Best-Supportive-Care"|"nicht quantifizierbar"|"Anhaltspunkt"|"R07AX02"
"619"|"https://www.g-ba.de/bewertungsverfahren/nutzenbewertung/618/"|"Kalydeco"|"1014"|"Ivacaftor"|"2021-05-20"|"Lumacaftor/Ivacaftor"|"ist nicht belegt"|NA|"R07AX02"
"620"|"https://www.g-ba.de/bewertungsverfahren/nutzenbewertung/619/"|"Kalydeco"|"1015"|"Ivacaftor"|"2021-05-20"|"Best-Supportive-Care"|"ist nicht belegt"|NA|"R07AX02"
"621"|"https://www.g-ba.de/bewertungsverfahren/nutzenbewertung/626/"|"Tremfya"|"1016"|"Guselkumab"|"2021-05-20"|"ein TNF-alpha-Antagonist (Adalimumab oder Certolizumab Pegol oder Etanercept oder Golimumab oder Infliximab) oder ein Interleukin-Inhibitor (Ixekizumab oder Secukinumab oder Ustekinumab), ggf. in Kombination mit Methotrexat"|"ist nicht belegt"|NA|"L04AC16"
"621"|"https://www.g-ba.de/bewertungsverfahren/nutzenbewertung/626/"|"Tremfya"|"1111"|"Guselkumab"|"2021-05-20"|"der Wechsel auf ein anderes biologisches krankheitsmodifizierendes Antirheumatikum (Adalimumab oder Certolizumab Pegol oder Etanercept oder Golimumab oder Infliximab oder Ixekizumab oder Secukinumab oder Ustekinumab), ggf. in Kombination mit Methotrexat"|"ist nicht belegt"|NA|"L04AC16"
"622"|"https://www.g-ba.de/bewertungsverfahren/nutzenbewertung/629/"|"Kanuma"|"1017"|"Sebelipase alfa"|"2021-06-03"|NA|"nicht quantifizierbar, weil die wissenschaftliche Datengrundlage dies nicht zulässt"|"Anhaltspunkt"|"A16AB14"
"622"|"https://www.g-ba.de/bewertungsverfahren/nutzenbewertung/629/"|"Kanuma"|"1125"|"Sebelipase alfa"|"2021-06-03"|NA|"nicht quantifizierbar, weil die wissenschaftliche Datengrundlage dies nicht zulässt"|"Anhaltspunkt"|"A16AB14"
"623"|"https://www.g-ba.de/bewertungsverfahren/nutzenbewertung/632/"|"Fycompa"|"1023"|"Perampanel"|"2021-06-03"|"Eine patientenindividuelle antiepileptische Zusatztherapie, soweit medizinisch indiziert und falls jeweils noch keine Pharmakoresistenz (im Sinne eines nicht ausreichenden Ansprechens), Unverträglichkeit oder Kontraindikation bekannt ist, unter Auswahl von 
Eslicarbazepin, Gabapentin, Lacosamid, Lamotrigin, Levetiracetam, Oxcarbazepin, Topiramat, Valproinsäure, Zonisamid, Brivaracetam 
unter Berücksichtigung der Basis- und (den) Vortherapie(n) und unter Berücksichtigung des Grundes für den Therapiewechsel sowie der etwaig einhergehenden Nebenwirkungen."|"ist nicht belegt"|NA|"N03AX22"
"624"|"https://www.g-ba.de/bewertungsverfahren/nutzenbewertung/631/"|"Opdivo"|"1024"|"Nivolumab"|"2021-06-03"|"Pembrolizumab als Monotherapie"|"ist nicht belegt"|NA|"L01FF01"
"624"|"https://www.g-ba.de/bewertungsverfahren/nutzenbewertung/631/"|"Opdivo"|"1124"|"Nivolumab"|"2021-06-03"|"-	Cisplatin in Kombination mit einem Drittgenerationszytostatikum (Vinorelbin oder Gemcitabin oder Docetaxel oder Paclitaxel oder Pemetrexed (außer bei überwiegend plattenepithelialer Histologie))
oder
-	Carboplatin in Kombination mit einem Drittgenerationszytostatikum (Vinorelbin oder Gemcitabin oder Docetaxel oder Paclitaxel oder Pemetrexed (außer bei überwiegend plattenepithelialer Histologie)) vgl. Anlage VI zum Abschnitt K der Arzneimittel-Richtlinie
oder
-	Carboplatin in Kombination mit nab-Paclitaxel
oder
-	Pembrolizumab in Kombination mit Pemetrexed und platinhaltiger Chemotherapie (nur für Patienten mit nicht-plattenepithelialer Histologie)
oder
-	Pembrolizumab in Kombination mit Carboplatin und entweder Paclitaxel oder nab-Paclitaxel (nur für Patienten mit plattenepithelialer Histologie)"|"gering"|"Hinweis"|"L01FF01"
"625"|"https://www.g-ba.de/bewertungsverfahren/nutzenbewertung/630/"|"Yervoy"|"1025"|"Ipilimumab"|"2021-06-03"|"Pembrolizumab als Monotherapie"|"ist nicht belegt"|NA|"L01FX04"
"625"|"https://www.g-ba.de/bewertungsverfahren/nutzenbewertung/630/"|"Yervoy"|"1128"|"Ipilimumab"|"2021-06-03"|"-	Cisplatin in Kombination mit einem Drittgenerationszytostatikum (Vinorelbin oder Gemcitabin oder Docetaxel oder Paclitaxel oder Pemetrexed (außer bei überwiegend plattenepithelialer Histologie))
oder
-	Carboplatin in Kombination mit einem Drittgenerationszytostatikum (Vinorelbin oder Gemcitabin oder Docetaxel oder Paclitaxel oder Pemetrexed (außer bei überwiegend plattenepithelialer Histologie)) vgl. Anlage VI zum Abschnitt K der Arzneimittel-Richtlinie
oder
-	Carboplatin in Kombination mit nab-Paclitaxel
oder
-	Pembrolizumab in Kombination mit Pemetrexed und platinhaltiger Chemotherapie (nur für Patienten mit nicht-plattenepithelialer Histologie)
oder
-	Pembrolizumab in Kombination mit Carboplatin und entweder Paclitaxel oder nab-Paclitaxel (nur für Patienten mit plattenepithelialer Histologie)"|"gering"|"Hinweis"|"L01FX04"
"626"|"https://www.g-ba.de/bewertungsverfahren/nutzenbewertung/633/"|"Fycompa"|"1026"|"Perampanel"|"2021-06-03"|"Eine patientenindividuelle antiepileptische Zusatztherapie, soweit medizinisch indiziert und falls jeweils noch keine Pharmakoresistenz (im Sinne eines nicht ausreichenden Ansprechens), Unverträglichkeit oder Kontraindikation bekannt ist, unter Auswahl von
Clobazam, Lamotrigin, Topiramat, Valproinsäure 
unter Berücksichtigung der Basis- und (den) Vortherapie(n) und unter Berücksichtigung des Grundes für den Therapiewechsel sowie der etwaig einhergehenden Nebenwirkungen."|"ist nicht belegt"|NA|"N03AX22"
"627"|"https://www.g-ba.de/bewertungsverfahren/nutzenbewertung/634/"|"Velphoro"|"1027"|"Sucroferric Oxyhydroxide"|"2021-06-03"|"Eine Therapie nach Maßgabe des Arztes.
Neben Sevelamercarbonat stellen auch Kalzium-haltige Phosphatbinder (alleine oder in Kombination) geeignete Komparatoren für die vorliegende Nutzenbewertung im Rahmen einer Therapie nach Maßgabe des Arztes dar. Im vorliegenden Anwendungsgebiet sind jedoch Sevelamercarbonat für Kinder unter 6 Jahren oder mit einer Körperoberfläche ≤ 0,75 m² sowie Kalzium-haltige Phosphatbinder nicht zugelassen."|"ist nicht belegt"|NA|"V03AE05"
"628"|"https://www.g-ba.de/bewertungsverfahren/nutzenbewertung/625/"|"Spinraza"|"1028"|"Nusinersen"|"2021-05-20"|"Best-Supportive-Care"|"erheblich"|"Hinweis"|"M09AX07"
"628"|"https://www.g-ba.de/bewertungsverfahren/nutzenbewertung/625/"|"Spinraza"|"1120"|"Nusinersen"|"2021-05-20"|"Best-Supportive-Care"|"beträchtlich"|"Anhaltspunkt"|"M09AX07"
"628"|"https://www.g-ba.de/bewertungsverfahren/nutzenbewertung/625/"|"Spinraza"|"1121"|"Nusinersen"|"2021-05-20"|"Best-Supportive-Care"|"ist nicht belegt"|NA|"M09AX07"
"628"|"https://www.g-ba.de/bewertungsverfahren/nutzenbewertung/625/"|"Spinraza"|"1122"|"Nusinersen"|"2021-05-20"|"Best-Supportive-Care"|"erheblich"|"Anhaltspunkt"|"M09AX07"
"628"|"https://www.g-ba.de/bewertungsverfahren/nutzenbewertung/625/"|"Spinraza"|"1123"|"Nusinersen"|"2021-05-20"|"Best-Supportive-Care"|"nicht quantifizierbar"|"Anhaltspunkt"|"M09AX07"
"628"|"https://www.g-ba.de/bewertungsverfahren/nutzenbewertung/625/"|"Spinraza"|"1127"|"Nusinersen"|"2021-05-20"|"Best-Supportive-Care"|"ist nicht belegt"|NA|"M09AX07"
"629"|"https://www.g-ba.de/bewertungsverfahren/nutzenbewertung/635/"|"Opdivo"|"1029"|"Nivolumab"|"2021-07-01"|"Chemotherapie nach ärztlicher Maßgabe"|"gering"|"Anhaltspunkt"|"L01FF01"
"629"|"https://www.g-ba.de/bewertungsverfahren/nutzenbewertung/635/"|"Opdivo"|"1211"|"Nivolumab"|"2021-07-01"|"Best-Supportive-Care"|"ist nicht belegt"|NA|"L01FF01"
"630"|"https://www.g-ba.de/bewertungsverfahren/nutzenbewertung/638/"|"Kisplyx"|"1030"|"Lenvatinib"|"2021-07-01"|"Nivolumab oder Cabozantinib"|"ist nicht belegt"|NA|"L01EX08"
"631"|"https://www.g-ba.de/bewertungsverfahren/nutzenbewertung/637/"|"Dupixent"|"1031"|"Dupilumab"|"2021-07-01"|"Ein patientenindividuell optimiertes Therapieregime in Abhängigkeit der Ausprägung der Erkrankung und unter Berücksichtigung der Vortherapie, unter Berücksichtigung folgender Therapien:
-	topische Glukokortikoide der Klassen 2 bis 3
-	Tacrolimus (topisch)
Der jeweilige Zulassungsstatus der Arzneimittel ist zu berücksichtigen."|"nicht quantifizierbar"|"Anhaltspunkt"|"D11AH05"
"632"|"https://www.g-ba.de/bewertungsverfahren/nutzenbewertung/639/"|"Oxlumo"|"1032"|"Lumasiran"|"2021-07-01"|NA|"nicht quantifizierbar, weil die wissenschaftliche Datengrundlage dies nicht zulässt"|"Anhaltspunkt"|"A16AX18"
"633"|"https://www.g-ba.de/bewertungsverfahren/nutzenbewertung/636/"|"Scenesse"|"1033"|"Afamelanotid"|"2021-07-01"|NA|"nicht quantifizierbar, weil die wissenschaftliche Datengrundlage dies nicht zulässt"|"Anhaltspunkt"|"D02BB02"
"433"|"https://www.g-ba.de/bewertungsverfahren/nutzenbewertung/438/"|"Namuscla"|"1034"|"Mexiletin"|"2019-08-01"|NA|"nicht quantifizierbar"|NA|"C01BB02"
"448"|"https://www.g-ba.de/bewertungsverfahren/nutzenbewertung/450/"|"Emgality"|"1035"|"Galcanezumab"|"2019-09-19"|"Metoprolol oder Propranolol oder Flunarizin oder Topiramat oder Amitriptylin unter Berücksichtigung der Zulassung und der Vortherapie"|"ist nicht belegt"|NA|"N02CD02"
"448"|"https://www.g-ba.de/bewertungsverfahren/nutzenbewertung/450/"|"Emgality"|"1036"|"Galcanezumab"|"2019-09-19"|"Valproinsäure[1] oder Clostridium botulinum Toxin Typ A[2]

[1 ] Entsprechend Anlage VI zum Abschnitt K der Arzneimittel-Richtlinie: wenn eine Behandlung mit allen anderen dafür zugelassenen Arzneimitteln nicht erfolgreich war oder kontraindiziert ist.
[2] Entsprechend der Zulassung nur für die chronische Migräne."|"ist nicht belegt"|NA|"N02CD02"
"448"|"https://www.g-ba.de/bewertungsverfahren/nutzenbewertung/450/"|"Emgality"|"1037"|"Galcanezumab"|"2019-09-19"|"Best-Supportive-Care"|"beträchtlich"|"Anhaltspunkt"|"N02CD02"
"634"|"https://www.g-ba.de/bewertungsverfahren/nutzenbewertung/640/"|"Kyprolis"|"1038"|"Carfilzomib"|"2021-07-15"|"-	Bortezomib in Kombination mit pegyliertem liposomalen Doxorubicin
oder
-	Bortezomib in Kombination mit Dexamethason
oder
-	Lenalidomid in Kombination mit Dexamethason
oder
-	Elotuzumab in Kombination mit Lenalidomid und Dexamethason
oder
-	Carfilzomib in Kombination mit Lenalidomid und Dexamethason
oder
-	Carfilzomib in Kombination mit Dexamethason
oder
-	Daratumumab in Kombination mit Lenalidomid und Dexamethason
oder
-	Daratumumab in Kombination mit Bortezomib und Dexamethason"|"ist nicht belegt"|NA|"L01XG02"
"446"|"https://www.g-ba.de/bewertungsverfahren/nutzenbewertung/449/"|"Hemlibra"|"1045"|"Emicizumab"|"2019-09-05"|"plasmatische oder rekombinante Blutgerinnungsfaktor-VIII-Präparate, eingesetzt als Routineprophylaxe"|"ist nicht belegt"|NA|"B02BX06"
"635"|"https://www.g-ba.de/bewertungsverfahren/nutzenbewertung/642/"|"Blincyto"|"1047"|"Blinatumomab"|"2021-07-15"|NA|"nicht quantifizierbar, weil die wissenschaftliche Datengrundlage dies nicht zulässt"|"Anhaltspunkt"|"L01FX07"
"636"|"https://www.g-ba.de/bewertungsverfahren/nutzenbewertung/643/"|"Phesgo"|"1048"|"Pertuzumab/Trastuzumab"|"2021-07-15"|"Pertuzumab in Kombination mit Trastuzumab und Docetaxel"|"ist nicht belegt"|NA|"L01FY01"
"637"|"https://www.g-ba.de/bewertungsverfahren/nutzenbewertung/644/"|"Phesgo"|"1049"|"Pertuzumab/Trastuzumab"|"2021-07-15"|"ein Therapieschema; Trastuzumab, ein Taxan (Paclitaxel oder Docetaxel) und ggf. ein Anthrazyklin (Doxorubicin oder Epirubicin) enthaltend"|"ist nicht belegt"|NA|"L01FY01"
"639"|"https://www.g-ba.de/bewertungsverfahren/nutzenbewertung/646/"|"Ducressa"|"1051"|"Levofloxacin/Dexamethason"|"2021-07-15"|"Eine Kombination aus einer lokalen antibiotischen Therapie (Cefuroxim, Polymyxin-B/Neomycin/Gramicidin, Tobramycin, Gentamicin, Neomycin) in Verbindung mit einer antiphlogistischen Mono- oder Kombinationstherapie: Kortikosteroid z.B. Rimexolon, Dexamethason, Fluorometholon, Prednisolon, Loteprednoletabonat und/oder NSAID z.B. Diclofenac, Nepafenac, Indometacin, Ketorolac"|"ist nicht belegt"|NA|"S01CA01"
"640"|"https://www.g-ba.de/bewertungsverfahren/nutzenbewertung/647/"|"Tivicay"|"1052"|"Dolutegravir"|"2021-07-15"|"Zweckmäßige Vergleichstherapie für Dolutegravir in Kombination mit anderen antiretroviralen Arzneimitteln:
Abacavir mit Lamivudin oder Abacavir mit Emtricitabin jeweils in Kombination mit
-	Lopinavir/Ritonavir oder
-	Raltegravir oder
-	Nevirapin"|"ist nicht belegt"|NA|"J05AJ03"
"640"|"https://www.g-ba.de/bewertungsverfahren/nutzenbewertung/647/"|"Tivicay"|"1195"|"Dolutegravir"|"2021-07-15"|"Zweckmäßige Vergleichstherapie für Dolutegravir in Kombination mit anderen antiretroviralen Arzneimitteln:
- eine patientenindividuelle antiretrovirale Therapie unter Auswahl der zugelassenen Wirkstoffe; unter Berücksichtigung der Vortherapie(n) und des Grundes für den Therapiewechsel, insbesondere Therapieversagen aufgrund eines virologischen Versagens und etwaig einhergehender Resistenzbildung oder aufgrund von Nebenwirkungen.
"|"ist nicht belegt"|NA|"J05AJ03"
"641"|"https://www.g-ba.de/bewertungsverfahren/nutzenbewertung/651/"|"Rinvoq"|"1053"|"Upadacitinib"|"2021-07-15"|"ein TNF-alpha-Antagonist (Adalimumab oder Certolizumab Pegol oder Etanercept oder Golimumab oder Infliximab) oder ein Interleukin-Inhibitor (Ixekizumab oder Secukinumab oder Ustekinumab), ggf. in Kombination mit Methotrexat"|"beträchtlich"|"Anhaltspunkt"|"L04AF03"
"641"|"https://www.g-ba.de/bewertungsverfahren/nutzenbewertung/651/"|"Rinvoq"|"1203"|"Upadacitinib"|"2021-07-15"|"der Wechsel auf ein anderes biologisches krankheitsmodifizierendes Antirheumatikum (Adalimumab oder Certolizumab Pegol oder Etanercept oder Golimumab oder Infliximab oder Ixekizumab oder Secukinumab oder Ustekinumab), ggf. in Kombination mit Methotrexat"|"ist nicht belegt"|NA|"L04AF03"
"642"|"https://www.g-ba.de/bewertungsverfahren/nutzenbewertung/652/"|"Rinvoq"|"1054"|"Upadacitinib"|"2021-07-15"|"ein TNF-α-Inhibitor (Etanercept oder Adalimumab oder Infliximab oder Golimumab oder Certolizumab pegol) oder ein IL17-Inhibitor (Secukinumab)"|"ist nicht belegt"|NA|"L04AF03"
"642"|"https://www.g-ba.de/bewertungsverfahren/nutzenbewertung/652/"|"Rinvoq"|"1202"|"Upadacitinib"|"2021-07-15"|"der Wechsel auf ein anderes biologisches krankheitsmodifizierendes Antirheumatikum: TNF-α-Inhibitor (Adalimumab oder Certolizumab pegol oder Etanercept oder Golimumab oder Infliximab) oder IL17-Inhibitor (Secukinumab)"|"ist nicht belegt"|NA|"L04AF03"
"643"|"https://www.g-ba.de/bewertungsverfahren/nutzenbewertung/650/"|"Leqvio"|"1055"|"Inclisiran"|"2021-07-15"|"maximal tolerierte medikamentöse Therapie nach ärztlicher Maßgabe unter Berücksichtigung von Statinen, Cholesterinresorptionshemmern, und Anionenaustauschern"|"ist nicht belegt"|NA|"C10AX16"
"643"|"https://www.g-ba.de/bewertungsverfahren/nutzenbewertung/650/"|"Leqvio"|"1204"|"Inclisiran"|"2021-07-15"|"Evolocumab* oder Alirocumab* oder LDL-Apherese (als „ultima ratio“ bei therapierefraktären Verläufen) ggf. mit begleitender medikamentöser lipidsenkender Therapie.

* Die Vorgaben hinsichtlich der Verordnungseinschränkung der Arzneimittel-Richtlinie (AM-RL) Anlage III sind zu beachten."|"ist nicht belegt"|NA|"C10AX16"
"644"|"https://www.g-ba.de/bewertungsverfahren/nutzenbewertung/649/"|"Fintepla"|"1056"|"Fenfluramin"|"2021-07-15"|NA|"beträchtlich"|"Anhaltspunkt"|"N03AX26"
"645"|"https://www.g-ba.de/bewertungsverfahren/nutzenbewertung/648/"|"Zejula"|"1057"|"Niraparib"|"2021-07-15"|"Olaparib oder beobachtendes Abwarten"|"ist nicht belegt"|NA|"L01XK02"
"646"|"https://www.g-ba.de/bewertungsverfahren/nutzenbewertung/654/"|"Xofluza"|"1064"|"Baloxavir marboxil"|"2021-08-05"|"eine symptomatische Therapie (Antipyretika, Antiphlogistika, Analgetika)"|"ist nicht belegt"|NA|"J05AX25"
"646"|"https://www.g-ba.de/bewertungsverfahren/nutzenbewertung/654/"|"Xofluza"|"1141"|"Baloxavir marboxil"|"2021-08-05"|"eine antivirale Therapie (Oseltamivir oder Zanamivir)"|"ist nicht belegt"|NA|"J05AX25"
"647"|"https://www.g-ba.de/bewertungsverfahren/nutzenbewertung/655/"|"Xofluza"|"1065"|"Baloxavir marboxil"|"2021-08-05"|"Beobachtendes Abwarten"|"beträchtlich"|"Hinweis"|"J05AX25"
"647"|"https://www.g-ba.de/bewertungsverfahren/nutzenbewertung/655/"|"Xofluza"|"1142"|"Baloxavir marboxil"|"2021-08-05"|"eine antivirale Therapie (Oseltamivir oder Zanamivir)"|"ist nicht belegt"|NA|"J05AX25"
"648"|"https://www.g-ba.de/bewertungsverfahren/nutzenbewertung/657/"|"Tecartus"|"1066"|"Brexucabtagen-Autoleucel"|"2021-08-05"|NA|"nicht quantifizierbar, weil die wissenschaftliche Datengrundlage dies nicht zulässt"|"Anhaltspunkt"|"L01XL06"
"651"|"https://www.g-ba.de/bewertungsverfahren/nutzenbewertung/658/"|"Bavencio"|"1069"|"Avelumab"|"2021-08-19"|"Best-Supportive-Care"|"beträchtlich"|"Anhaltspunkt"|"L01FF04"
"653"|"https://www.g-ba.de/bewertungsverfahren/nutzenbewertung/660/"|"Spravato"|"1071"|"Esketamin"|"2021-08-19"|"Eine Therapie nach ärztlicher Maßgabe unter Berücksichtigung von
- Krisenintervention / Psychotherapie
- medikamentöser Akuttherapie zur Behandlung von Angst, Schlaflosigkeit, psychotischer Symptome, Unruhe
- Einleiten einer adäquaten antidepressiven Medikation bzw. Optimierung der bestehenden Medikation
- elektrokonvulsiver Therapie"|"gering"|"Anhaltspunkt"|"N06AX27"
"656"|"https://www.g-ba.de/bewertungsverfahren/nutzenbewertung/489/"|"Ondexxya"|"1094"|"Andexanet alfa"|"2020-02-20"|"Eine optimierte Standardtherapie der lebensbedrohlichen oder nicht kontrollierbaren Blutungen."|"ist nicht belegt"|NA|"V03AB38"
"657"|"https://www.g-ba.de/bewertungsverfahren/nutzenbewertung/661/"|"Idefirix"|"1095"|"Imlifidase"|"2021-09-02"|NA|"nicht quantifizierbar, weil die wissenschaftliche Datengrundlage dies nicht zulässt"|"Anhaltspunkt"|"L04AA41"
"658"|"https://www.g-ba.de/bewertungsverfahren/nutzenbewertung/662/"|"Inrebic"|"1096"|"Fedratinib"|"2021-09-02"|NA|"nicht quantifizierbar, weil die wissenschaftliche Datengrundlage dies nicht zulässt"|"Anhaltspunkt"|"L01EJ02"
"658"|"https://www.g-ba.de/bewertungsverfahren/nutzenbewertung/662/"|"Inrebic"|"1261"|"Fedratinib"|"2021-09-02"|NA|"nicht quantifizierbar, weil die wissenschaftliche Datengrundlage dies nicht zulässt"|"Anhaltspunkt"|"L01EJ02"
"659"|"https://www.g-ba.de/bewertungsverfahren/nutzenbewertung/663/"|"Tukysa"|"1097"|"Tucatinib"|"2021-09-02"|"Therapie nach ärztlicher Maßgabe.
Im Rahmen der Therapie nach ärztlicher Maßgabe stellen die Behandlungsoptionen Lapatinib in Kombination mit Capecitabin, Lapatinib in Kombination mit Trastuzumab (nur für Patienten mit HR-negativem Mammakarzinom) und Trastuzumab in Kombination mit Capecitabin geeignete Komparatoren dar. Die Arzneimitteltherapie mit Trastuzumab in Kombination mit Capecitabin ist jedoch im vorliegenden Anwendungsgebiet nicht zugelassen."|"beträchtlich"|"Anhaltspunkt"|"L01EH03"
"660"|"https://www.g-ba.de/bewertungsverfahren/nutzenbewertung/664/"|"Retsevmo"|"1098"|"Selpercatinib"|"2021-09-02"|"-	Cisplatin in Kombination mit einem Drittgenerationszytostatikum (Vinorelbin oder Gemcitabin oder Docetaxel oder Paclitaxel oder Pemetrexed (außer bei überwiegend plattenepithelialer Histologie)) 
oder 
-	Carboplatin in Kombination mit einem Drittgenerationszytostatikum (Vinorelbin oder Gemcitabin oder Docetaxel oder Paclitaxel oder Pemetrexed (außer bei überwiegend plattenepithelialer Histologie)) vgl. Anlage VI zum Abschnitt K der Arzneimittel-Richtlinie 
oder 
-	Carboplatin in Kombination mit nab-Paclitaxel 
oder 
-	Monotherapie mit Gemcitabin oder Vinorelbin (nur für Patienten mit ECOG-Performance-Status 2 als Alternative zur Platin-basierten Kombinationsbehandlung)"|"ist nicht belegt"|NA|"L01EX22"
"660"|"https://www.g-ba.de/bewertungsverfahren/nutzenbewertung/664/"|"Retsevmo"|"1236"|"Selpercatinib"|"2021-09-02"|"-	Docetaxel (nur für Patienten mit PD-L1 negativen Tumoren) 
oder 
-	Pemetrexed (nur für Patienten mit PD-L1 negativen Tumoren und außer bei überwiegend plattenepithelialer Histologie) 
oder 
-	Nivolumab 
oder 
-	Pembrolizumab (nur für Patienten mit PD-L1 exprimierenden Tumoren (TPS ≥ 1 %)) 
oder 
-	Atezolizumab 
oder 
-	Docetaxel in Kombination mit Nintedanib (nur für Patienten mit PD-L1 negativen Tumoren und Adenokarzinom-Histologie)"|"ist nicht belegt"|NA|"L01EX22"
"660"|"https://www.g-ba.de/bewertungsverfahren/nutzenbewertung/664/"|"Retsevmo"|"1237"|"Selpercatinib"|"2021-09-02"|"Patientenindividuelle Therapie unter Berücksichtigung der Vortherapie und Histologie; unter Auswahl von Afatinib, Pemetrexed, Erlotinib, Docetaxel, Docetaxel in Kombination mit Ramucirumab, Docetaxel in Kombination mit Nintedanib und Vinorelbin."|"ist nicht belegt"|NA|"L01EX22"
"661"|"https://www.g-ba.de/bewertungsverfahren/nutzenbewertung/665/"|"Retsevmo"|"1099"|"Selpercatinib"|"2021-09-02"|"Patientenindividuelle Therapie unter Auswahl von 
-	Cabozantinib, 
-	Vandetanib und 
-	Best-Supportive-Care
unter Berücksichtigung der Vortherapie und des Allgemeinzustandes"|"ist nicht belegt"|NA|"L01EX22"
"662"|"https://www.g-ba.de/bewertungsverfahren/nutzenbewertung/666/"|"Retsevmo"|"1100"|"Selpercatinib"|"2021-09-02"|"Patientenindividuelle Therapie unter Auswahl von 
-	Sorafenib, 
-	Lenvatinib und 
-	Best-Supportive-Care 
unter Berücksichtigung der Histologie, der Vortherapie und des Allgemeinzustandes"|"ist nicht belegt"|NA|"L01EX22"
"663"|"https://www.g-ba.de/bewertungsverfahren/nutzenbewertung/668/"|"Doptelet"|"1101"|"Avatrombopag"|"2021-09-16"|"Beobachtendes Abwarten"|"ist nicht belegt"|NA|"B02BX08"
"664"|"https://www.g-ba.de/bewertungsverfahren/nutzenbewertung/673/"|"Doptelet"|"1102"|"Avatrombopag"|"2021-09-16"|"Eltrombopag oder Romiplostim"|"ist nicht belegt"|NA|"B02BX08"
"665"|"https://www.g-ba.de/bewertungsverfahren/nutzenbewertung/670/"|"Keytruda"|"1103"|"Pembrolizumab"|"2021-09-16"|"Eine Therapie nach ärztlicher Maßgabe. Neben Brentuximab Vedotin und Vinblastin stellen auch die Arzneimittel Etoposid, Vinorelbin, Gemcitabin, Bendamustin und Lenalidomid geeignete Komparatoren für die vorliegende Nutzenbewertung im Rahmen einer Therapie nach ärztlicher Maßgabe dar. Diese Arzneimittel sind jedoch in dem vorliegenden Anwendungsgebiet nicht zugelassen."|"beträchtlich"|"Anhaltspunkt"|"L01FF02"
"665"|"https://www.g-ba.de/bewertungsverfahren/nutzenbewertung/670/"|"Keytruda"|"1262"|"Pembrolizumab"|"2021-09-16"|"Eine Therapie nach ärztlicher Maßgabe."|"ist nicht belegt"|NA|"L01FF02"
"665"|"https://www.g-ba.de/bewertungsverfahren/nutzenbewertung/670/"|"Keytruda"|"1273"|"Pembrolizumab"|"2021-09-16"|"Eine Therapie nach ärztlicher Maßgabe"|"ist nicht belegt"|NA|"L01FF02"
"666"|"https://www.g-ba.de/bewertungsverfahren/nutzenbewertung/675/"|"Keytruda"|"1104"|"Pembrolizumab"|"2021-09-16"|"Eine patientenindividuelle Therapie in Abhängigkeit des all-RAS Mutationsstatus, der Lokalisation des Primärtumors, sowie in Abhängigkeit des Risikos für durch Bevacizumab induzierte Toxizität unter Auswahl von
- Kombinationstherapie aus 5-Fluorouracil + Folinsäure + Oxaliplatin (FOLFOX)
- Kombinationstherapie aus 5-Fluorouracil + Folinsäure + Irinotecan (FOLFIRI)
- Kombinationstherapie aus 5-Fluorouracil + Folinsäure + Oxaliplatin (FOLFOX) und einer anti-EGFR-Therapie (Cetuximab oder Panitumumab) - (nur für Patientinnen und Patienten mit RAS wildtyp)
- Kombinationstherapie aus 5-Fluorouracil + Folinsäure + Irinotecan (FOLFIRI) und einer anti-EGFR-Therapie (Cetuximab oder Panitumumab) - (nur für Patientinnen und Patienten mit RAS wildtyp)
- Kombinationstherapie aus 5-Fluorouracil + Folinsäure + Oxaliplatin (FOLFOX) und Bevacizumab
- Kombinationstherapie aus 5-Fluorouracil + Folinsäure + Irinotecan (FOLFIRI) und Bevacizumab"|"gering"|"Anhaltspunkt"|"L01FF02"
"666"|"https://www.g-ba.de/bewertungsverfahren/nutzenbewertung/675/"|"Keytruda"|"1263"|"Pembrolizumab"|"2021-09-16"|"- 5-Fluorouracil + Folinsäure ± Bevacizumab
oder
- Capecitabin ± Bevacizumab"|"ist nicht belegt"|NA|"L01FF02"
"667"|"https://www.g-ba.de/bewertungsverfahren/nutzenbewertung/674/"|"Rukobia"|"1105"|"Fostemsavir"|"2021-09-16"|"Eine patientenindividuelle antiretrovirale Therapie unter Auswahl der zugelassenen Wirkstoffe; unter Berücksichtigung der Vortherapie(n) und des Grundes für den Therapiewechsel, insbesondere Therapieversagen aufgrund eines virologischen Versagens und etwaig einhergehender Resistenzbildung oder aufgrund von Nebenwirkungen."|"ist nicht belegt"|NA|"J05AX29"
"668"|"https://www.g-ba.de/bewertungsverfahren/nutzenbewertung/672/"|"Keytruda"|"1106"|"Pembrolizumab"|"2021-09-16"|"Carboplatin in Kombination mit Gemcitabin (vgl. Anlage VI zum Abschnitt K der Arzneimittel-Richtlinie)"|"ist nicht belegt"|NA|"L01FF02"
"669"|"https://www.g-ba.de/bewertungsverfahren/nutzenbewertung/669/"|"Lokelma"|"1107"|"Natrium-Zirkonium-Cyclosilikat"|"2021-09-16"|"Eine patientenindividuelle Therapie unter Berücksichtigung der Ätiologie, des Schweregrads und der Symptomatik.
Optimierung der Behandlung der Grund- und Begleiterkrankungen, insbesondere Anpassung der medikamentösen Therapie, sowie ggf. Ernährungsumstellung sind Maßnahmen im Rahmen der patientenindividuellen Therapie, die in der Behandlung der Hyperkaliämie die Standardtherapie darstellen."|"ist nicht belegt"|NA|"V03AE10"
"670"|"https://www.g-ba.de/bewertungsverfahren/nutzenbewertung/671/"|"Veklury"|"1108"|"Remdesivir"|"2021-09-16"|"Therapie nach ärztlicher Maßgabe"|"gering"|"Anhaltspunkt"|"J05AB16"
"670"|"https://www.g-ba.de/bewertungsverfahren/nutzenbewertung/671/"|"Veklury"|"1265"|"Remdesivir"|"2021-09-16"|"Therapie nach ärztlicher Maßgabe"|"ist nicht belegt"|NA|"J05AB16"
"670"|"https://www.g-ba.de/bewertungsverfahren/nutzenbewertung/671/"|"Veklury"|"1266"|"Remdesivir"|"2021-09-16"|"Therapie nach ärztlicher Maßgabe"|"ist nicht belegt"|NA|"J05AB16"
"671"|"https://www.g-ba.de/bewertungsverfahren/nutzenbewertung/667/"|"Opdivo"|"1109"|"Nivolumab"|"2021-09-16"|"−	Pembrolizumab (nur für Patienten im Tumorstadium III nach vollständiger Resektion)
oder
−	Dabrafenib in Kombination mit Trametinib (nur für Patienten mit BRAF-V600-Mutation-positivem Melanom im Tumorstadium III nach vollständiger Resektion)
oder
−	Beobachtendes Abwarten"|"beträchtlich"|"Anhaltspunkt"|"L01FF01"
"672"|"https://www.g-ba.de/bewertungsverfahren/nutzenbewertung/676/"|"Sirturo"|"1110"|"Bedaquilin"|"2021-09-16"|NA|"nicht quantifizierbar, weil die wissenschaftliche Datengrundlage dies nicht zulässt"|"Anhaltspunkt"|"J04AK05"
"673"|"https://www.g-ba.de/bewertungsverfahren/nutzenbewertung/678/"|"Vocabria"|"1126"|"Cabotegravir"|"2021-10-21"|"eine patientenindividuelle antiretrovirale Therapie unter Auswahl der zugelassenen Wirkstoffe; unter Berücksichtigung der Vortherapie(n) und ggf. von Nebenwirkungen"|"ist nicht belegt"|NA|"J05AJ04"
"431"|"https://www.g-ba.de/bewertungsverfahren/nutzenbewertung/435/"|"Ravicti"|"1112"|"Glycerolphenylbutyrat"|"2019-07-04"|NA|"nicht quantifizierbar"|NA|"A16AX09"
"674"|"https://www.g-ba.de/bewertungsverfahren/nutzenbewertung/677/"|"Pemazyre"|"1117"|"Pemigatinib"|"2021-10-07"|NA|"nicht quantifizierbar, weil die wissenschaftliche Datengrundlage dies nicht zulässt"|"Anhaltspunkt"|"L01EN02"
"675"|"https://www.g-ba.de/bewertungsverfahren/nutzenbewertung/680/"|"Evrysdi"|"1129"|"Risdiplam"|"2021-10-21"|"Nusinersen"|"nicht quantifizierbar"|"Anhaltspunkt"|"M09AX10"
"675"|"https://www.g-ba.de/bewertungsverfahren/nutzenbewertung/680/"|"Evrysdi"|"1283"|"Risdiplam"|"2021-10-21"|"Nusinersen"|"ist nicht belegt"|NA|"M09AX10"
"675"|"https://www.g-ba.de/bewertungsverfahren/nutzenbewertung/680/"|"Evrysdi"|"1284"|"Risdiplam"|"2021-10-21"|"Therapie nach ärztlicher Maßgabe unter Auswahl von Nusinersen oder BSC"|"ist nicht belegt"|NA|"M09AX10"
"675"|"https://www.g-ba.de/bewertungsverfahren/nutzenbewertung/680/"|"Evrysdi"|"1285"|"Risdiplam"|"2021-10-21"|"Nusinersen"|"ist nicht belegt"|NA|"M09AX10"
"675"|"https://www.g-ba.de/bewertungsverfahren/nutzenbewertung/680/"|"Evrysdi"|"1286"|"Risdiplam"|"2021-10-21"|"Therapie nach ärztlicher Maßgabe unter Auswahl von Nusinersen oder BSC"|"ist nicht belegt"|NA|"M09AX10"
"675"|"https://www.g-ba.de/bewertungsverfahren/nutzenbewertung/680/"|"Evrysdi"|"1300"|"Risdiplam"|"2021-10-21"|"Best-Supportive-Care"|"nicht quantifizierbar"|"Anhaltspunkt"|"M09AX10"
"676"|"https://www.g-ba.de/bewertungsverfahren/nutzenbewertung/679/"|"Aimovig"|"1130"|"Erenumab"|"2021-10-21"|"Metoprolol oder Propranolol oder Flunarizin oder Topiramat oder Amitriptylin oder Clostridium botulinum Toxin Typ A"|"beträchtlich"|"Anhaltspunkt"|"N02CD01"
"677"|"https://www.g-ba.de/bewertungsverfahren/nutzenbewertung/681/"|"Cabometyx "|"1131"|"Cabozantinib"|"2021-10-21"|"Pembrolizumab in Kombination mit Axitinib"|"ist nicht belegt"|NA|"L01EX07"
"677"|"https://www.g-ba.de/bewertungsverfahren/nutzenbewertung/681/"|"Cabometyx "|"1287"|"Cabozantinib"|"2021-10-21"|"•	Avelumab in Kombination mit Axitinib (nur für Patienten mit ungünstigem Risikoprofil) 
oder 
•	Nivolumab in Kombination mit Ipilimumab 
oder
•	Pembrolizumab in Kombination mit Axitinib"|"ist nicht belegt"|NA|"L01EX07"
"678"|"https://www.g-ba.de/bewertungsverfahren/nutzenbewertung/684/"|"Libmeldy"|"1132"|"Atidarsagen autotemcel OTL-200"|"2021-11-04"|NA|"erheblich"|"Anhaltspunkt"|"A16AB21"
"678"|"https://www.g-ba.de/bewertungsverfahren/nutzenbewertung/684/"|"Libmeldy"|"1310"|"Atidarsagen autotemcel OTL-200"|"2021-11-04"|NA|"nicht quantifizierbar, weil die wissenschaftliche Datengrundlage dies nicht zulässt"|"Anhaltspunkt"|"A16AB21"
"679"|"https://www.g-ba.de/bewertungsverfahren/nutzenbewertung/683/"|"Rekambys"|"1133"|"Rilpivirin"|"2021-10-21"|"eine patientenindividuelle antiretrovirale Therapie unter Auswahl der zugelassenen Wirkstoffe; unter Berücksichtigung der Vortherapie(n) und ggf. von Nebenwirkungen"|"ist nicht belegt"|NA|"J05AG05"
"680"|"https://www.g-ba.de/bewertungsverfahren/nutzenbewertung/682/"|"Opdivo"|"1134"|"Nivolumab"|"2021-10-21"|"Pembrolizumab in Kombination mit Axitinib"|"ist nicht belegt"|NA|"L01FF01"
"680"|"https://www.g-ba.de/bewertungsverfahren/nutzenbewertung/682/"|"Opdivo"|"1288"|"Nivolumab"|"2021-10-21"|"•	Avelumab in Kombination mit Axitinib (nur für Patienten mit ungünstigem Risikoprofil) 
oder 
•	Nivolumab in Kombination mit Ipilimumab 
oder
•	Pembrolizumab in Kombination mit Axitinib"|"ist nicht belegt"|NA|"L01FF01"
"681"|"https://www.g-ba.de/bewertungsverfahren/nutzenbewertung/690/"|"Gazyvaro"|"1143"|"Obinutuzumab"|"2021-11-04"|"-	Ibrutinib
oder
-	Ibrutinib in Kombination mit Rituximab oder Obinutuzumab
oder
-	Bendamustin in Kombination mit Rituximab (nur für Patientinnen und Patienten ohne Vorliegen genetischer Risikofaktoren)
oder
-	Chlorambucil in Kombination mit Rituximab (nur für Patientinnen und Patienten ohne Vorliegen genetischer Risikofaktoren)"|"ist nicht belegt"|NA|"L01FA03"
"682"|"https://www.g-ba.de/bewertungsverfahren/nutzenbewertung/691/"|"Gazyvaro"|"1296"|"Obinutuzumab"|"2021-11-04"|"Patientenindividuelle Therapie unter Auswahl von Bendamustin, CHOP (Cyclophosphamid, Doxorubicin, Vincristin und Prednisolon) und CVP (Cyclophosphamid, Vincristin und Prednisolon); unter Berücksichtigung der Vortherapie und der Art und Dauer des Ansprechens"|"ist nicht belegt"|NA|"L01FA03"
"683"|"https://www.g-ba.de/bewertungsverfahren/nutzenbewertung/686/"|"Gazyvaro"|"1145"|"Obinutuzumab"|"2021-11-04"|"-	Rituximab in Kombination mit Cyclophosphamid, Doxorubicin, Vincristin und Prednisolon (CHOP)
oder
-	Rituximab in Kombination mit Cyclophosphamid, Vincristin und Prednisolon (CVP)
oder
-	Rituximab in Kombination mit Bendamustin
gefolgt von einer Rituximab-Erhaltungstherapie für Patientinnen und Patienten, die auf die Induktionstherapie angesprochen haben."|"ist nicht belegt"|NA|"L01FA03"
"684"|"https://www.g-ba.de/bewertungsverfahren/nutzenbewertung/687/"|"Sarclisa"|"1146"|"Isatuximab"|"2021-11-04"|"-	Bortezomib in Kombination mit pegyliertem liposomalen Doxorubicin 
oder 
-	Bortezomib in Kombination mit Dexamethason
oder
-	Lenalidomid in Kombination mit Dexamethason
oder
-	Pomalidomid in Kombination mit Dexamethason
oder
-	Elotuzumab in Kombination mit Lenalidomid und Dexamethason
oder
-	Elotuzumab in Kombination mit Pomalidomid und Dexamethason
oder
-	Carfilzomib in Kombination mit Lenalidomid und Dexamethason
oder
-	Carfilzomib in Kombination mit Dexamethason
oder
-	Daratumumab in Kombination mit Lenalidomid und Dexamethason
oder
-	Daratumumab in Kombination mit Bortezomib und Dexamethason
"|"gering"|"Anhaltspunkt"|"L01FC02"
"685"|"https://www.g-ba.de/bewertungsverfahren/nutzenbewertung/685/"|"Sarclisa"|"1147"|"Isatuximab"|"2021-11-04"|"-	Bortezomib in Kombination mit pegyliertem liposomalen Doxorubicin
oder
-	Bortezomib in Kombination mit Dexamethason
oder
-	Lenalidomid in Kombination mit Dexamethason
oder
-	Elotuzumab in Kombination mit Lenalidomid und Dexamethason
oder
-	Carfilzomib in Kombination mit Lenalidomid und Dexamethason
oder

-	Carfilzomib in Kombination mit Dexamethason
oder
-	Daratumumab in Kombination mit Lenalidomid und Dexamethason
oder
-	Daratumumab in Kombination mit Bortezomib und Dexamethason
"|"ist nicht belegt"|NA|"L01FC02"
"686"|"https://www.g-ba.de/bewertungsverfahren/nutzenbewertung/689/"|"Zolgensma"|"1148"|"Onasemnogen abeparvovec"|"2021-11-04"|"Nusinersen"|"ist nicht belegt"|NA|"M09AX09"
"686"|"https://www.g-ba.de/bewertungsverfahren/nutzenbewertung/689/"|"Zolgensma"|"1297"|"Onasemnogen abeparvovec"|"2021-11-04"|"Nusinersen"|"ist nicht belegt"|NA|"M09AX09"
"686"|"https://www.g-ba.de/bewertungsverfahren/nutzenbewertung/689/"|"Zolgensma"|"1298"|"Onasemnogen abeparvovec"|"2021-11-04"|"Therapie nach ärztlicher Maßgabe unter Auswahl von Nusinersen oder BSC"|"ist nicht belegt"|NA|"M09AX09"
"686"|"https://www.g-ba.de/bewertungsverfahren/nutzenbewertung/689/"|"Zolgensma"|"1299"|"Onasemnogen abeparvovec"|"2021-11-04"|"Nusinersen"|"ist nicht belegt"|NA|"M09AX09"
"687"|"https://www.g-ba.de/bewertungsverfahren/nutzenbewertung/688/"|"Takhzyro"|"1149"|"Lanadelumab"|"2021-11-04"|"eine Routine-Prophylaxe mit C1-Esterase-Inhibitor"|"ist nicht belegt"|NA|"B06AC05"
"690"|"https://www.g-ba.de/bewertungsverfahren/nutzenbewertung/694/"|"Tecentriq"|"1152"|"Atezolizumab"|"2021-11-19"|"- Cisplatin in Kombination mit einem Drittgenerationszytostatikum (Vinorelbin oder Gemcitabin oder Docetaxel oder Paclitaxel oder Pemetrexed (außer bei überwiegend plattenepithelialer Histologie))
oder
- Carboplatin in Kombination mit einem Drittgenerationszytostatikum (Vinorelbin oder Gemcitabin oder Docetaxel oder Paclitaxel oder Pemetrexed (außer bei überwiegend plattenepithelialer Histologie)) vgl. Anlage VI zum Abschnitt K der Arzneimittel-Richtlinie
oder
- Carboplatin in Kombination mit nab-Paclitaxel
oder
- Pembrolizumab in Kombination mit Pemetrexed und platinhaltiger Chemotherapie (nur für Erwachsene mit nicht-plattenepithelialer Histologie)
oder
- Pembrolizumab in Kombination mit Carboplatin und entweder Paclitaxel oder nab-Paclitaxel (nur für Erwachsene mit plattenepithelialer Histologie)
oder
- Monotherapie mit Gemcitabin oder Vinorelbin (nur für Erwachsene mit ECOG Performance-Status 2 als Alternative zur Platin-basierten Kombinationsbehandlung)"|"ist nicht belegt"|NA|"L01FF05"
"690"|"https://www.g-ba.de/bewertungsverfahren/nutzenbewertung/694/"|"Tecentriq"|"1309"|"Atezolizumab"|"2021-11-19"|"Pembrolizumab als Monotherapie"|"ist nicht belegt"|NA|"L01FF05"
"691"|"https://www.g-ba.de/bewertungsverfahren/nutzenbewertung/700/"|"Kaftrio"|"1153"|"Ivacaftor/Tezacaftor/Elexacaftor"|"2021-11-19"|"Ivacaftor"|"ist nicht belegt"|NA|"R07AX32"
"692"|"https://www.g-ba.de/bewertungsverfahren/nutzenbewertung/697/"|"Kalydeco"|"1154"|"Ivacaftor"|"2021-11-19"|"Ivacaftor"|"ist nicht belegt"|NA|"R07AX02"
"693"|"https://www.g-ba.de/bewertungsverfahren/nutzenbewertung/701/"|"Kaftrio"|"1155"|"Ivacaftor/Tezacaftor/Elexacaftor"|"2021-11-19"|"Tezacaftor/Ivacaftor in Kombination mit Ivacaftor"|"ist nicht belegt"|NA|"R07AX32"
"694"|"https://www.g-ba.de/bewertungsverfahren/nutzenbewertung/698/"|"Kalydeco"|"1156"|"Ivacaftor"|"2021-11-19"|"Tezacaftor/Ivacaftor in Kombination mit Ivacaftor"|"ist nicht belegt"|NA|"R07AX02"
"695"|"https://www.g-ba.de/bewertungsverfahren/nutzenbewertung/702/"|"Kaftrio"|"1157"|"Ivacaftor/Tezacaftor/Elexacaftor"|"2021-11-19"|"Best-Supportive-Care"|"ist nicht belegt"|NA|"R07AX32"
"696"|"https://www.g-ba.de/bewertungsverfahren/nutzenbewertung/699/"|"Kalydeco"|"1158"|"Ivacaftor"|"2021-11-19"|"Best-Supportive-Care"|"ist nicht belegt"|NA|"R07AX02"
"697"|"https://www.g-ba.de/bewertungsverfahren/nutzenbewertung/703/"|"Bosulif"|"1159"|"Bosutinib"|"2021-11-19"|"-	Imatinib 
oder 
-	Nilotinib 
oder 
-	Dasatinib"|"ist nicht belegt"|NA|"L01EA04"
"698"|"https://www.g-ba.de/bewertungsverfahren/nutzenbewertung/696/"|"Xtandi"|"1160"|"Enzalutamid"|"2021-11-19"|"-	die konventionelle Androgendeprivation in Kombination mit Docetaxel mit oder ohne Prednison oder Prednisolon (nur für Patienten mit Fernmetastasen (M1-Stadium) und gutem Allgemeinzustand (nach ECOG / WHO 0 bis 1 bzw. Karnofsky Index ≥ 70 %)) 
oder
-	die konventionelle Androgendeprivation in Kombination mit Abirateronacetat und Prednison oder Prednisolon (nur für Patienten mit neu diagnostiziertem Hochrisiko-metastasiertem hormonsensitivem Prostatakarzinom)
oder
-	die konventionelle Androgendeprivation in Kombination mit Apalutamid (nur für Patienten mit gutem Allgemeinzustand (nach ECOG / WHO 0 bis 1))"|"ist nicht belegt"|NA|"L02BB04"
"699"|"https://www.g-ba.de/bewertungsverfahren/nutzenbewertung/695/"|"Ontozry"|"1161"|"Cenobamat"|"2021-11-19"|"Eine patientenindividuelle antiepileptische Zusatztherapie, soweit medizinisch indiziert und falls jeweils noch keine Pharmakoresistenz (im Sinne eines nicht ausreichenden Ansprechens), Unverträglichkeit oder Kontraindikation bekannt ist, unter Auswahl von: 
Brivaracetam, Eslicarbazepin, Gabapentin, Lacosamid, Lamotrigin, Levetiracetam, Oxcarbazepin, Perampanel, Pregabalin, Topiramat, Valproinsäure und Zonisamid
unter Berücksichtigung der Basis- und (den) Vortherapie(n) und unter Berücksichtigung des Grundes für den Therapiewechsel sowie etwaig einhergehender Nebenwirkungen."|"ist nicht belegt"|NA|"N03AX25"
"399"|"https://www.g-ba.de/bewertungsverfahren/nutzenbewertung/399/"|"Vemlidy"|"1171"|"Tenofoviralafenamid"|"2019-03-22"|"(Peg-)Interferon alfa oder Tenofovirdisoproxil oder Entecavir"|"ist nicht belegt"|NA|"J05AF13"
"399"|"https://www.g-ba.de/bewertungsverfahren/nutzenbewertung/399/"|"Vemlidy"|"1172"|"Tenofoviralafenamid"|"2019-03-22"|"Eine patientenindividuelle Therapie, unter Auswahl von (Peg-)Interferon alfa, Tenofovirdisoproxil, Entecavir, Adefovirdipivoxil, Lamivudin und Telbivudin, in Abhängigkeit der Vortherapie(n) und unter Berücksichtigung des Grundes für den Therapiewechsel, insbesondere Therapieversagen aufgrund eines virologischen Versagens und etwaig einhergehender Resistenzbildung oder aufgrund von Nebenwirkungen."|"ist nicht belegt"|NA|"J05AF13"
"399"|"https://www.g-ba.de/bewertungsverfahren/nutzenbewertung/399/"|"Vemlidy"|"1173"|"Tenofoviralafenamid"|"2019-03-22"|"Tenofovirdisoproxil oder Entecavir"|"ist nicht belegt"|NA|"J05AF13"
"399"|"https://www.g-ba.de/bewertungsverfahren/nutzenbewertung/399/"|"Vemlidy"|"1174"|"Tenofoviralafenamid"|"2019-03-22"|"Tenofovirdisoproxil"|"ist nicht belegt"|NA|"J05AF13"
"453"|"https://www.g-ba.de/bewertungsverfahren/nutzenbewertung/456/"|"Maviret"|"1183"|"Glecaprevir/Pibrentasvir"|"2019-10-17"|"Ledipasvir/Sofosbuvir"|"ist nicht belegt"|NA|"J05AP57"
"453"|"https://www.g-ba.de/bewertungsverfahren/nutzenbewertung/456/"|"Maviret"|"1184"|"Glecaprevir/Pibrentasvir"|"2019-10-17"|"Sofosbuvir plus Ribavirin."|"ist nicht belegt"|NA|"J05AP57"
"700"|"https://www.g-ba.de/bewertungsverfahren/nutzenbewertung/707/"|"Elzonris"|"1205"|"Tagraxofusp"|"2021-12-02"|NA|"nicht quantifizierbar, weil die wissenschaftliche Datengrundlage dies nicht zulässt"|"Anhaltspunkt"|"L01XX67"
"701"|"https://www.g-ba.de/bewertungsverfahren/nutzenbewertung/705/"|"Orladeyo"|"1206"|"Berotralstat"|"2021-12-02"|"eine Routine-Prophylaxe mit C1-Esterase-Inhibitor"|"ist nicht belegt"|NA|"B06AC06"
"702"|"https://www.g-ba.de/bewertungsverfahren/nutzenbewertung/704/"|"Venclyxto"|"1207"|"Venetoclax"|"2021-12-02"|"-	Azacitidin
oder 
-	Decitabin
oder
-	Glasdegib in Kombination mit niedrig dosiertem Cytarabin"|"beträchtlich"|"Anhaltspunkt"|"L01XX52"
"703"|"https://www.g-ba.de/bewertungsverfahren/nutzenbewertung/708/"|"Jemperli"|"1208"|"Dostarlimab"|"2021-12-02"|"Therapie nach ärztlicher Maßgabe*

* Die Wirkstoffe Carboplatin und Paclitaxel stellen geeignete Komparatoren für die vorliegende Nutzenbewertung im Rahmen einer Therapie nach ärztlicher Maßgabe dar. Diese Arzneimittel sind jedoch in dem vorliegenden Anwendungsgebiet nicht zugelassen."|"ist nicht belegt"|NA|"L01FF07"
"704"|"https://www.g-ba.de/bewertungsverfahren/nutzenbewertung/706/"|"Ponvory"|"1311"|"Ponesimod"|"2021-12-02"|"Alemtuzumab oder Fingolimod oder Natalizumab"|"ist nicht belegt"|NA|"L04AE04"
"706"|"https://www.g-ba.de/bewertungsverfahren/nutzenbewertung/711/"|"Maviret"|"1225"|"Glecaprevir/Pibrentasvir"|"2021-12-16"|"Ledipasvir/Sofosbuvir"|"ist nicht belegt"|NA|"J05AP57"
"706"|"https://www.g-ba.de/bewertungsverfahren/nutzenbewertung/711/"|"Maviret"|"1318"|"Glecaprevir/Pibrentasvir"|"2021-12-16"|"Sofosbuvir plus Ribavirin"|"ist nicht belegt"|NA|"J05AP57"
"707"|"https://www.g-ba.de/bewertungsverfahren/nutzenbewertung/710/"|"Cometriq"|"1226"|"Cabozantinib"|"2021-12-16"|NA|"nicht quantifizierbar, weil die wissenschaftliche Datengrundlage dies nicht zulässt"|"Anhaltspunkt"|"L01EX07"
"709"|"https://www.g-ba.de/bewertungsverfahren/nutzenbewertung/712/"|"Opdivo"|"1228"|"Nivolumab"|"2021-12-16"|"Therapie nach ärztlicher Maßgabe*

* Neben Cisplatin in Kombination mit Pemetrexed stellen
auch Carboplatin in Kombination mit Pemetrexed und Cisplatin in Kombination mit Pemetrexed und Bevacizumab geeignete Komparatoren für die vorliegende Nutzenbewertung im Rahmen einer Therapie nach ärztlicher Maßgabe dar. Carboplatin und Bevacizumab sind jedoch im vorliegenden
Anwendungsgebiet nicht zugelassen."|"ist nicht belegt"|NA|"L01FF01"
"709"|"https://www.g-ba.de/bewertungsverfahren/nutzenbewertung/712/"|"Opdivo"|"1320"|"Nivolumab"|"2021-12-16"|"Therapie nach ärztlicher Maßgabe*

* Neben Cisplatin in Kombination mit Pemetrexed stellen
auch Carboplatin in Kombination mit Pemetrexed und Cisplatin in Kombination mit Pemetrexed und Bevacizumab geeignete Komparatoren für die vorliegende Nutzenbewertung im Rahmen einer Therapie nach ärztlicher Maßgabe dar. Carboplatin und Bevacizumab sind jedoch im vorliegenden
Anwendungsgebiet nicht zugelassen."|"beträchtlich"|"Hinweis"|"L01FF01"
"710"|"https://www.g-ba.de/bewertungsverfahren/nutzenbewertung/714/"|"Empliciti"|"1229"|"Elotuzumab"|"2021-12-16"|"-	Bortezomib in Kombination mit pegyliertem liposomalen Doxorubicin
oder 
-	Bortezomib in Kombination mit Dexamethason
oder
-	Lenalidomid in Kombination mit Dexamethason
oder
-	Pomalidomid in Kombination mit Dexamethason
oder
-	Elotuzumab in Kombination mit Lenalidomid und Dexamethason
oder
-	Carfilzomib in Kombination mit Lenalidomid und Dexamethason
oder
-	Carfilzomib in Kombination mit Dexamethason
oder
-	Daratumumab in Kombination mit Lenalidomid und Dexamethason
oder
-	Daratumumab in Kombination mit Bortezomib und Dexamethason"|"beträchtlich"|"Anhaltspunkt"|"L01FX08"
"711"|"https://www.g-ba.de/bewertungsverfahren/nutzenbewertung/709/"|"Adcetris"|"1230"|"Brentuximab Vedotin"|"2021-12-16"|NA|"gering"|"Anhaltspunkt"|"L01FX05"
"712"|"https://www.g-ba.de/bewertungsverfahren/nutzenbewertung/715/"|"Enspryng"|"1231"|"Satralizumab"|"2022-01-06"|NA|"gering"|"Anhaltspunkt"|"L04AC19"
"713"|"https://www.g-ba.de/bewertungsverfahren/nutzenbewertung/716/"|"Jardiance"|"1232"|"Empagliflozin"|"2022-01-06"|"Eine optimierte Standardtherapie zur Behandlung der symptomatischen, chronischen Herzinsuffizienz und der zugrundeliegenden Erkrankungen, wie z. B. Hypertonie, Herzrhythmusstörungen, Koronare Herzkrankheit, Diabetes mellitus, Hypercholesterinämie sowie der Begleitsymptome"|"gering"|"Anhaltspunkt"|"A10BK03"
"714"|"https://www.g-ba.de/bewertungsverfahren/nutzenbewertung/717/"|"Adtralza"|"1233"|"Tralokinumab"|"2022-01-06"|"Dupilumab"|"ist nicht belegt"|NA|"D11AH07"
"715"|"https://www.g-ba.de/bewertungsverfahren/nutzenbewertung/718/"|"Giapreza"|"1234"|"Angiotensin-II-Acetat"|"2022-01-06"|"Eine optimierte Standardtherapie.

Hinweis: Von der Standardtherapie sind insbesondere Flüssigkeitssubstitution, Vasopressoren und Antibiotika umfasst."|"ist nicht belegt"|NA|"C01CX09"
"539"|"https://www.g-ba.de/bewertungsverfahren/nutzenbewertung/482/"|"Kalydeco"|"1239"|"Ivacaftor"|"2020-02-20"|"Best-Supportive-Care"|"ist nicht belegt"|NA|"R07AX02"
"716"|"https://www.g-ba.de/bewertungsverfahren/nutzenbewertung/484/"|"Kalydeco"|"1240"|"Ivacaftor"|"2020-02-20"|"Best-Supportive-Care"|"nicht quantifizierbar"|"Anhaltspunkt"|"R07AX02"
"717"|"https://www.g-ba.de/bewertungsverfahren/nutzenbewertung/485/"|"Kalydeco"|"1241"|"Ivacaftor"|"2020-02-20"|"Best-Supportive-Care"|"gering"|"Anhaltspunkt"|"R07AX02"
"718"|"https://www.g-ba.de/bewertungsverfahren/nutzenbewertung/719/"|"Aubagio"|"1254"|"Teriflunomid"|"2022-01-20"|"Interferon beta-1a oder Interferon beta-1b oder Glatirameracetat, unter Berücksichtigung des Zulassungsstatus"|"ist nicht belegt"|NA|"L04AK02"
"719"|"https://www.g-ba.de/bewertungsverfahren/nutzenbewertung/720/"|"Blincyto"|"1255"|"Blinatumomab"|"2022-01-20"|NA|"erheblich"|"Hinweis"|"L01FX07"
"720"|"https://www.g-ba.de/bewertungsverfahren/nutzenbewertung/721/"|"Libtayo"|"1256"|"Cemiplimab"|"2022-01-20"|"Pembrolizumab"|"ist nicht belegt"|NA|"L01FF06"
"721"|"https://www.g-ba.de/bewertungsverfahren/nutzenbewertung/722/"|"Libtayo"|"1257"|"Cemiplimab"|"2022-01-20"|"Best-Supportive-Care"|"gering"|"Anhaltspunkt"|"L01FF06"
"721"|"https://www.g-ba.de/bewertungsverfahren/nutzenbewertung/722/"|"Libtayo"|"1354"|"Cemiplimab"|"2022-01-20"|"Best-Supportive-Care"|"ist nicht belegt"|NA|"L01FF06"
"722"|"https://www.g-ba.de/bewertungsverfahren/nutzenbewertung/723/"|"Darzalex"|"1258"|"Daratumumab"|"2022-01-20"|"eine patientenindividuelle Therapie unter Berücksichtigung von Allgemeinzustand, Komorbidität und Organschäden"|"gering"|"Anhaltspunkt"|"L01FC01"
"722"|"https://www.g-ba.de/bewertungsverfahren/nutzenbewertung/723/"|"Darzalex"|"1345"|"Daratumumab"|"2022-01-20"|"eine patientenindividuelle Therapie unter Berücksichtigung von Allgemeinzustand, Komorbidität und Organschäden"|"ist nicht belegt"|NA|"L01FC01"
"723"|"https://www.g-ba.de/bewertungsverfahren/nutzenbewertung/725/"|"Darzalex"|"1259"|"Daratumumab"|"2022-02-03"|"•	Bortezomib in Kombination mit pegyliertem liposomalen Doxorubicin
oder
•	Bortezomib in Kombination mit Dexamethason
oder
•	Carfilzomib in Kombination mit Dexamethason
oder
•	Daratumumab in Kombination mit Bortezomib und Dexamethason"|"ist nicht belegt"|NA|"L01FC01"
"723"|"https://www.g-ba.de/bewertungsverfahren/nutzenbewertung/725/"|"Darzalex"|"1346"|"Daratumumab"|"2022-02-03"|"•	Bortezomib in Kombination mit liposomalem pegyliertem Doxorubicin
oder
•	Bortezomib in Kombination mit Dexamethason
oder
•	Lenalidomid in Kombination mit Dexamethason
oder
•	Pomalidomid in Kombination mit Dexamethason
oder
•	Elotuzumab in Kombination mit Lenalidomid und Dexamethason
oder
•	Elotuzumab in Kombination mit Pomalidomid und Dexamethason
oder
•	Carfilzomib in Kombination mit Lenalidomid und Dexamethason
oder
•	Carfilzomib in Kombination mit Dexamethason
oder
•	Daratumumab in Kombination mit Lenalidomid und Dexamethason
oder
•	Daratumumab in Kombination mit Bortezomib und Dexamethason"|"gering"|"Anhaltspunkt"|"L01FC01"
"723"|"https://www.g-ba.de/bewertungsverfahren/nutzenbewertung/725/"|"Darzalex"|"1402"|"Daratumumab"|"2022-02-03"|"•	Bortezomib in Kombination mit liposomalem pegyliertem Doxorubicin
oder
•	Bortezomib in Kombination mit Dexamethason
oder
•	Lenalidomid in Kombination mit Dexamethason
oder
•	Elotuzumab in Kombination mit Lenalidomid und Dexamethason
oder
•	Carfilzomib in Kombination mit Lenalidomid und Dexamethason
oder
•	Carfilzomib in Kombination mit Dexamethason
oder
•	Daratumumab in Kombination mit Lenalidomid und Dexamethason
oder
•	Daratumumab in Kombination mit Bortezomib und Dexamethason"|"ist nicht belegt"|NA|"L01FC01"
"724"|"https://www.g-ba.de/bewertungsverfahren/nutzenbewertung/724/"|"Opdivo"|"1260"|"Nivolumab"|"2022-01-20"|"Eine patientenindividuelle Therapie in Abhängigkeit von der Art und Anzahl der Vortherapien, des RAS- und BRAF-Mutationsstatus, der Lokalisation des Primärtumors, des Allgemeinzustandes und des Risikos der durch anti-VEGF und anti-VEGFR Substanzen induzierten Toxizität unter Auswahl von:
-	5-Fluorouracil + Folinsäure + Irinotecan (FOLFIRI) ± Bevacizumab oder Aflibercept oder Ramucirumab
-	5-Fluorouracil + Folinsäure + Irinotecan (FOLFIRI) ± Cetuximab oder Panitumumab (nur für Patientinnen und Patienten mit RAS Wildtyp)
-	5-Fluorouracil + Folinsäure + Oxaliplatin (FOLFOX) ± Bevacizumab
-	Capecitabin + Oxaliplatin (CAPOX) ± Bevacizumab
-	5-Fluorouracil + Folinsäure ± Bevacizumab
-	Capecitabin ± Bevacizumab
-	Irinotecan als Monotherapie
-	Panitumumab als Monotherapie (nur für Patientinnen und Patienten mit RAS Wildtyp)
-	Cetuximab als Monotherapie (nur für Patientinnen und Patienten mit RAS Wildtyp)
-	Trifluridin/Tipiracil
-	Irinotecan + Cetuximab (nur für Patientinnen und Patienten mit RAS Wildtyp)
-	Encorafenib + Cetuximab (nur für Patientinnen und Patienten mit BRAF-V600E Mutation)"|"ist nicht belegt"|NA|"L01FF01"
"726"|"https://www.g-ba.de/bewertungsverfahren/nutzenbewertung/735/"|"Rinvoq"|"1275"|"Upadacitinib"|"2022-02-17"|"Dupilumab"|"beträchtlich"|"Hinweis"|"L04AF03"
"726"|"https://www.g-ba.de/bewertungsverfahren/nutzenbewertung/735/"|"Rinvoq"|"1381"|"Upadacitinib"|"2022-02-17"|"Dupilumab"|"ist nicht belegt"|NA|"L04AF03"
"726"|"https://www.g-ba.de/bewertungsverfahren/nutzenbewertung/735/"|"Rinvoq"|"1382"|"Upadacitinib"|"2022-02-17"|"Dupilumab"|"ist nicht belegt"|NA|"L04AF03"
"727"|"https://www.g-ba.de/bewertungsverfahren/nutzenbewertung/734/"|"Forxiga"|"1276"|"Dapagliflozin"|"2022-02-17"|"Eine optimierte Standardtherapie zur Behandlung der chronischen Niereninsuffizienz unter Berücksichtigung der Grunderkrankung und häufiger Komorbiditäten (wie Diabetes mellitus, Hypertonie, Dyslipoproteinämie, Anämie)"|"beträchtlich"|"Anhaltspunkt"|"A10BK01"
"727"|"https://www.g-ba.de/bewertungsverfahren/nutzenbewertung/734/"|"Forxiga"|"1383"|"Dapagliflozin"|"2022-02-17"|"Eine optimierte Standardtherapie zur Behandlung der chronischen Niereninsuffizienz unter Berücksichtigung der Grunderkrankung und häufiger Komorbiditäten (wie Diabetes mellitus, Hypertonie, Dyslipoproteinämie, Anämie)"|"gering"|"Anhaltspunkt"|"A10BK01"
"728"|"https://www.g-ba.de/bewertungsverfahren/nutzenbewertung/733/"|"Ryeqo"|"1277"|"Relugolix/Estradiol/Norethisteron"|"2022-02-17"|"Patientenindividuelle Therapie in Abhängigkeit von Art und Schwere der Symptome sowie der Belastung der Patientin durch die Symptome unter Auswahl von:
•	einer symptomorientierten Behandlung:
o	Gestagene unter Beachtung des jeweiligen Zulassungsstatus (Für Patientinnen, für die eine symptomatische Behandlung der verlängerten und/oder starken Regelblutung (Menorrhagie, Hypermenorrhoe) ausreichend ist) 
o	Ulipristalacetat (für Patientinnen, die noch nicht die Menopause erreicht haben und für die eine Embolisation von Gebärmuttermyomen und/oder der chirurgische Eingriff nicht geeignet oder fehlgeschlagen sind)
•	invasiven Behandlungsoptionen"|"ist nicht belegt"|NA|"H01CC54"
"728"|"https://www.g-ba.de/bewertungsverfahren/nutzenbewertung/733/"|"Ryeqo"|"1385"|"Relugolix/Estradiol/Norethisteron"|"2022-02-17"|"Beobachtendes Abwarten"|"beträchtlich"|"Anhaltspunkt"|"H01CC54"
"730"|"https://www.g-ba.de/bewertungsverfahren/nutzenbewertung/731/"|"Xeljanz"|"1278"|"Tofacitinib"|"2022-02-17"|"Alternative klassische DMARDs, sofern geeignet (Leflunomid, Sulfasalazin) als Mono- oder Kombinationstherapie"|"ist nicht belegt"|NA|"L04AF01"
"730"|"https://www.g-ba.de/bewertungsverfahren/nutzenbewertung/731/"|"Xeljanz"|"1387"|"Tofacitinib"|"2022-02-17"|"Alternative klassische DMARDs, sofern geeignet (MTX, Leflunomid, Sulfasalazin) als Mono- oder Kombinationstherapie"|"ist nicht belegt"|NA|"L04AF01"
"730"|"https://www.g-ba.de/bewertungsverfahren/nutzenbewertung/731/"|"Xeljanz"|"1388"|"Tofacitinib"|"2022-02-17"|"bDMARDs oder tsDMARDs (Adalimumab oder Baricitinib oder Certolizumab-Pegol oder Etanercept oder Sarilumab oder Tocilizumab oder Upadacitinib) als Monotherapie"|"ist nicht belegt"|NA|"L04AF01"
"730"|"https://www.g-ba.de/bewertungsverfahren/nutzenbewertung/731/"|"Xeljanz"|"1389"|"Tofacitinib"|"2022-02-17"|"bDMARDs oder tsDMARDs (Abatacept oder Adalimumab oder Baricitinib oder Certolizumab-Pegol oder Etanercept oder Golimumab oder Infliximab oder Sarilumab oder Tocilizumab oder Upadacitinib) in Kombination mit MTX"|"ist nicht belegt"|NA|"L04AF01"
"730"|"https://www.g-ba.de/bewertungsverfahren/nutzenbewertung/731/"|"Xeljanz"|"1390"|"Tofacitinib"|"2022-02-17"|"Wechsel der bDMARD- oder tsDMARD-Therapie (Adalimumab oder Baricitinib oder Certolizumab-Pegol oder Etanercept oder Sarilumab oder Tocilizumab oder Upadacitinib) als Monotherapie in Abhängigkeit von der Vortherapie."|"ist nicht belegt"|NA|"L04AF01"
"730"|"https://www.g-ba.de/bewertungsverfahren/nutzenbewertung/731/"|"Xeljanz"|"1391"|"Tofacitinib"|"2022-02-17"|"Wechsel der bDMARD- oder tsDMARD-Therapie (Abatacept oder Adalimumab oder Baricitinib oder Certolizumab-Pegol oder Etanercept oder Golimumab oder Infliximab oder Sarilumab oder Tocilizumab oder Upadacitinib in Kombination mit MTX; oder bei Patienten mit schwerer rheumatoider Arthritis Rituximab unter Berücksichtigung der Zulassung) in Abhängigkeit von der Vortherapie."|"ist nicht belegt"|NA|"L04AF01"
"733"|"https://www.g-ba.de/bewertungsverfahren/nutzenbewertung/728/"|"Opdivo"|"1281"|"Nivolumab"|"2022-02-17"|"Beobachtendes Abwarten"|"nicht quantifizierbar"|"Hinweis"|"L01FF01"
"734"|"https://www.g-ba.de/bewertungsverfahren/nutzenbewertung/727/"|"Angusta"|"1282"|"Misoprostol"|"2022-02-17"|"Dinoproston"|"ist nicht belegt"|NA|"G02AD06"
"735"|"https://www.g-ba.de/bewertungsverfahren/nutzenbewertung/736/"|"Evrenzo"|"1289"|"Roxadustat"|"2022-03-03"|"Ein Erythropoese-stimulierender Wirkstoff (ESA) (Darbepoetin alfa oder Epoetin (alfa, zeta) oder Epoetin beta oder Epoetin theta oder Methoxy-PEG-Epoetin beta)"|"ist nicht belegt"|NA|"B03XA05"
"736"|"https://www.g-ba.de/bewertungsverfahren/nutzenbewertung/737/"|"Bimzelx"|"1290"|"Bimekizumab"|"2022-03-03"|"Adalimumab oder Guselkumab oder Ixekizumab oder Secukinumab"|"gering"|"Hinweis"|"L04AC21"
"736"|"https://www.g-ba.de/bewertungsverfahren/nutzenbewertung/737/"|"Bimzelx"|"1398"|"Bimekizumab"|"2022-03-03"|"Adalimumab oder Brodalumab oder Guselkumab oder Infliximab oder Ixekizumab oder Risankizumab oder Secukinumab oder Ustekinumab"|"gering"|"Hinweis"|"L04AC21"
"737"|"https://www.g-ba.de/bewertungsverfahren/nutzenbewertung/738/"|"Verquvo"|"1291"|"Vericiguat"|"2022-03-03"|"Eine optimierte Standardtherapie zur Behandlung der symptomatischen, chronischen Herzinsuffizienz und der zugrundeliegenden Erkrankungen, wie z. B. Hypertonie, Herz-rhythmusstörungen, Koronare Herzkrankheit, Diabetes mellitus, Hypercholesterinämie sowie der Begleitsymptome"|"gering"|"Anhaltspunkt"|"C01DX22"
"738"|"https://www.g-ba.de/bewertungsverfahren/nutzenbewertung/739/"|"Bylvay"|"1292"|"Odevixibat"|"2022-03-03"|NA|"gering"|"Anhaltspunkt"|"A05AX05"
"739"|"https://www.g-ba.de/bewertungsverfahren/nutzenbewertung/741/"|"Xeljanz"|"1293"|"Tofacitinib"|"2022-03-03"|"ein bDMARD (Adalimumab oder Etanercept oder Tocilizumab) als Monotherapie"|"ist nicht belegt"|NA|"L04AF01"
"739"|"https://www.g-ba.de/bewertungsverfahren/nutzenbewertung/741/"|"Xeljanz"|"1399"|"Tofacitinib"|"2022-03-03"|"ein Wechsel der bDMARD-Therapie (Adalimumab oder Etanercept oder Tocilizumab) als Monotherapie in Abhängigkeit von der Vortherapie."|"ist nicht belegt"|NA|"L04AF01"
"739"|"https://www.g-ba.de/bewertungsverfahren/nutzenbewertung/741/"|"Xeljanz"|"1400"|"Tofacitinib"|"2022-03-03"|"Therapie nach ärztlicher Maßgabe"|"ist nicht belegt"|NA|"L04AF01"
"739"|"https://www.g-ba.de/bewertungsverfahren/nutzenbewertung/741/"|"Xeljanz"|"1410"|"Tofacitinib"|"2022-03-03"|"ein bDMARD (Adalimumab oder Etanercept oder Golimumab oder Tocilizumab) in Kombination mit MTX"|"ist nicht belegt"|NA|"L04AF01"
"739"|"https://www.g-ba.de/bewertungsverfahren/nutzenbewertung/741/"|"Xeljanz"|"1411"|"Tofacitinib"|"2022-03-03"|"ein Wechsel der bDMARD-Therapie (Abatacept oder Adalimumab oder Etanercept oder Golimumab oder Tocilizumab) in Kombination mit MTX in Abhängigkeit von der Vortherapie."|"ist nicht belegt"|NA|"L04AF01"
"740"|"https://www.g-ba.de/bewertungsverfahren/nutzenbewertung/740/"|"Minjuvi"|"1294"|"Tafasitamab"|"2022-03-03"|NA|"nicht quantifizierbar, weil die wissenschaftliche Datengrundlage dies nicht zulässt"|"Anhaltspunkt"|"L01FX12"
"741"|"https://www.g-ba.de/bewertungsverfahren/nutzenbewertung/742/"|"Ultomiris"|"1301"|"Ravulizumab"|"2022-03-18"|"Eculizumab"|"ist nicht belegt"|NA|"L04AJ02"
"741"|"https://www.g-ba.de/bewertungsverfahren/nutzenbewertung/742/"|"Ultomiris"|"1413"|"Ravulizumab"|"2022-03-18"|"Eculizumab"|"ist nicht belegt"|NA|"L04AJ02"
"742"|"https://www.g-ba.de/bewertungsverfahren/nutzenbewertung/743/"|"Orkambi"|"1302"|"Lumacaftor/Ivacaftor"|"2022-03-18"|"Best-Supportive-Care"|"nicht quantifizierbar"|"Anhaltspunkt"|"R07AX30"
"743"|"https://www.g-ba.de/bewertungsverfahren/nutzenbewertung/744/"|"Darzalex"|"1303"|"Daratumumab"|"2022-03-18"|"-	Daratumumab in Kombination mit Bortezomib, Melphalan und Prednison
oder
-	Bortezomib in Kombination mit Melphalan und Prednison
oder
-	Bortezomib in Kombination mit Lenalidomid und Dexamethason
oder
-	Thalidomid in Kombination mit Melphalan und Prednison
oder
-	Lenalidomid in Kombination mit Dexamethason
oder
-	Bortezomib in Kombination mit Cyclophosphamid und Dexamethason [nur für Patientinnen und Patienten mit einer peripheren Polyneuropathie oder einem erhöhten Risiko für die Entwicklung einer peripheren Polyneuropathie; vgl. Anlage VI zum Abschnitt K der Arzneimittel-Richtlinie]"|"beträchtlich"|"Anhaltspunkt"|"L01FC01"
"745"|"https://www.g-ba.de/bewertungsverfahren/nutzenbewertung/746/"|"Caprelsa"|"1305"|"Vandetanib"|"2022-03-18"|"Cabozantinib"|"ist nicht belegt"|NA|"L01EX04"
"746"|"https://www.g-ba.de/bewertungsverfahren/nutzenbewertung/747/"|"Sunosi"|"1306"|"Solriamfetol"|"2022-03-18"|"Eine optimierte Standardtherapie der zugrundeliegenden obstruktiven Schlafapnoe."|"ist nicht belegt"|NA|"N06BA14"
"747"|"https://www.g-ba.de/bewertungsverfahren/nutzenbewertung/749/"|"Idelvion"|"1307"|"Albutrepenonacog alfa"|"2022-04-07"|"rekombinante oder aus humanem Plasma gewonnene Blutgerinnungsfaktor-IX-Präparate"|"ist nicht belegt"|NA|"B02BD33"
"748"|"https://www.g-ba.de/bewertungsverfahren/nutzenbewertung/750/"|"Vosevi"|"1308"|"Sofosbuvir/Velpatasvir/Voxilaprevir"|"2022-04-07"|"Ledipasvir/Sofosbuvir (nur für die Genotypen 1, 4, 5 und 6) oder Glecaprevir/Pibrentasvir oder Sofosbuvir/Velpatasvir"|"ist nicht belegt"|NA|"J05AP56"
"749"|"https://www.g-ba.de/bewertungsverfahren/nutzenbewertung/748/"|"Palforzia"|"1328"|"Erdnussprotein als entfettetes Pulver von Arachis hypogaea L., semen (Erdnüsse)"|"2022-04-07"|"Beobachtendes Abwarten"|"ist nicht belegt"|NA|NA
"750"|"https://www.g-ba.de/bewertungsverfahren/nutzenbewertung/752/"|"Ozawade"|"1329"|"Pitolisant"|"2022-04-21"|"Eine optimierte Standardtherapie der zugrundeliegenden obstruktiven Schlafapnoe."|"ist nicht belegt"|NA|"N07XX11"
"751"|"https://www.g-ba.de/bewertungsverfahren/nutzenbewertung/751/"|"Ninlaro"|"1330"|"Ixazomib"|"2022-04-21"|NA|"nicht quantifizierbar, weil die wissenschaftliche Datengrundlage dies nicht zulässt"|NA|"L01XG03"
"752"|"https://www.g-ba.de/bewertungsverfahren/nutzenbewertung/753/"|"Fetcroja"|"1331"|"Cefiderocol"|"2022-05-05"|NA|"gilt als belegt"|NA|"J01DI04"
"753"|"https://www.g-ba.de/bewertungsverfahren/nutzenbewertung/754/"|"Deltyba"|"1332"|"Delamanid"|"2022-05-05"|NA|"nicht quantifizierbar, weil die wissenschaftliche Datengrundlage dies nicht zulässt"|"Anhaltspunkt"|"J04AK06"
"753"|"https://www.g-ba.de/bewertungsverfahren/nutzenbewertung/754/"|"Deltyba"|"1505"|"Delamanid"|"2022-05-05"|NA|"nicht quantifizierbar, weil die wissenschaftliche Datengrundlage dies nicht zulässt"|"Anhaltspunkt"|"J04AK06"
"754"|"https://www.g-ba.de/bewertungsverfahren/nutzenbewertung/755/"|"Zepatier"|"1333"|"Elbasvir/Grazoprevir"|"2022-05-05"|"Ledipasvir/Sofosbuvir oder Glecaprevir/Pibrentasvir oder Sofosbuvir/Velpatasvir"|"ist nicht belegt"|NA|"J05AP54"
"755"|"https://www.g-ba.de/bewertungsverfahren/nutzenbewertung/756/"|"Keytruda"|"1334"|"Pembrolizumab"|"2022-05-05"|"Cisplatin in Kombination mit 5-Fluorouracil"|"beträchtlich"|"Hinweis"|"L01FF02"
"755"|"https://www.g-ba.de/bewertungsverfahren/nutzenbewertung/756/"|"Keytruda"|"1506"|"Pembrolizumab"|"2022-05-05"|"Therapie nach ärztlicher Maßgabe"|"ist nicht belegt"|NA|"L01FF02"
"755"|"https://www.g-ba.de/bewertungsverfahren/nutzenbewertung/756/"|"Keytruda"|"1507"|"Pembrolizumab"|"2022-05-05"|"HER2-zielgerichtete Therapie nach ärztlicher Maßgabe"|"ist nicht belegt"|NA|"L01FF02"
"756"|"https://www.g-ba.de/bewertungsverfahren/nutzenbewertung/757/"|"Keytruda"|"1335"|"Pembrolizumab"|"2022-05-05"|"­eine Anthrazyklin- und/oder Taxan-haltige systemische Therapie unter Berücksichtigung der Zulassung der Arzneimittel"|"beträchtlich"|"Anhaltspunkt"|"L01FF02"
"756"|"https://www.g-ba.de/bewertungsverfahren/nutzenbewertung/757/"|"Keytruda"|"1533"|"Pembrolizumab"|"2022-05-05"|"­eine Anthrazyklin- und/oder Taxan-haltige systemische Therapie unter Berücksichtigung der Zulassung der Arzneimittel"|"ist nicht belegt"|NA|"L01FF02"
"757"|"https://www.g-ba.de/bewertungsverfahren/nutzenbewertung/763/"|"Mulpleo (previously Lusutrombopag Shionogi)"|"1337"|"Lusutrombopag"|"2022-05-19"|"Beobachtendes Abwarten"|"ist nicht belegt"|NA|"B02BX07"
"758"|"https://www.g-ba.de/bewertungsverfahren/nutzenbewertung/766/"|"Jyseleca"|"1338"|"Filgotinib"|"2022-05-19"|"ein TNF-α-Antagonist (Adalimumab oder Infliximab oder Golimumab) oder Vedolizumab oder Ustekinumab "|"ist nicht belegt"|NA|"L04AF04"
"758"|"https://www.g-ba.de/bewertungsverfahren/nutzenbewertung/766/"|"Jyseleca"|"1517"|"Filgotinib"|"2022-05-19"|"ein Wechsel der Therapie auf Vedolizumab oder Tofacitinib oder Ustekinumab oder ein TNF-α-Antagonist (Adalimumab oder Infliximab oder Golimumab), jeweils unter Berücksichtigung der Zulassung und der Vortherapie(n)"|"ist nicht belegt"|NA|"L04AF04"
"759"|"https://www.g-ba.de/bewertungsverfahren/nutzenbewertung/761/"|"Skyrizi"|"1339"|"Risankizumab"|"2022-05-19"|"ein TNF-alpha-Antagonist (Adalimumab oder Certolizumab Pegol oder Etanercept oder Golimumab oder Infliximab) oder ein Interleukin-Inhibitor (Ixekizumab oder Secukinumab oder Ustekinumab), ggf. in Kombination mit Methotrexat"|"ist nicht belegt"|NA|"L04AC18"
"759"|"https://www.g-ba.de/bewertungsverfahren/nutzenbewertung/761/"|"Skyrizi"|"1516"|"Risankizumab"|"2022-05-19"|"der Wechsel auf ein anderes biologisches krankheitsmodifizierendes Antirheumatikum (Adalimumab oder Certolizumab Pegol oder Etanercept oder Golimumab oder Infliximab oder Ixekizumab oder Secukinumab oder Ustekinumab), ggf. in Kombination mit Methotrexat"|"ist nicht belegt"|NA|"L04AC18"
"760"|"https://www.g-ba.de/bewertungsverfahren/nutzenbewertung/765/"|"Nucala"|"1340"|"Mepolizumab"|"2022-05-19"|"Eine patientenindividuelle Therapie unter Berücksichtigung des Schweregrads der Erkrankung (Organ- oder lebensbedrohliche Manifestation), der Symptomatik, der Behandlungsphase und des Krankheitsverlaufs"|"ist nicht belegt"|NA|"R03DX09"
"395"|"https://www.g-ba.de/bewertungsverfahren/nutzenbewertung/397/"|"Nucala"|"1347"|"Mepolizumab"|"2019-03-22"|"Fortführung der optimierten Therapie des schweren Asthmas nach Stufe 5 Nationalen Versorgungsleitlinie Asthma (NVL Asthma 2018, 3. Auflage, Version 1) und zusätzlich eine Eskalation mit Omalizumab, sofern die für die Anwendung von Omalizumab notwendigen Kriterien erfüllt sind."|"ist nicht belegt"|NA|"R03DX09"
"763"|"https://www.g-ba.de/bewertungsverfahren/nutzenbewertung/487/"|"Dupixent"|"1351"|"Dupilumab"|"2020-02-20"|"eine patientenindividuelle Therapieeskalation unter Berücksichtigung der Vortherapie unter Auswahl von: 
•	hochdosiertes ICS und LABA und LAMA
oder 
•	hochdosiertes ICS und LABA und ggf. LAMA und Omalizumab, sofern die für die Anwendung von Omalizumab notwendigen Kriterien erfüllt sind"|"ist nicht belegt"|NA|"D11AH05"
"763"|"https://www.g-ba.de/bewertungsverfahren/nutzenbewertung/487/"|"Dupixent"|"1352"|"Dupilumab"|"2020-02-20"|"eine patientenindividuelle Therapieeskalation unter Berücksichtigung der Vortherapie und der Pathogenese des Asthmas unter Auswahl von: 
•	hochdosiertes ICS und LABA und LAMA 
oder 
•	hochdosiertes ICS und LABA und ggf. LAMA und Omalizumab, sofern die für die Anwendung von Omalizumab notwendigen Kriterien erfüllt sind 
oder 
•	hochdosiertes ICS und LABA und ggf. LAMA und Mepolizumab oder Reslizumab oder Benralizumab, sofern die für die Anwendung der jeweiligen Antikörper notwendigen Kriterien erfüllt sind "|"ist nicht belegt"|NA|"D11AH05"
"387"|"https://www.g-ba.de/bewertungsverfahren/nutzenbewertung/390/"|"Tegsedi"|"1355"|"Inotersen"|"2019-03-22"|NA|"nicht quantifizierbar"|NA|"N07XX15"
"764"|"https://www.g-ba.de/bewertungsverfahren/nutzenbewertung/764/"|"Nucala"|"1359"|"Mepolizumab"|"2022-05-19"|"Dupilumab oder Omalizumab, jeweils in Kombination mit intranasalen Kortikosteroiden (Budesonid oder Mometasonfuroat)"|"ist nicht belegt"|NA|"R03DX09"
"766"|"https://www.g-ba.de/bewertungsverfahren/nutzenbewertung/758/"|"Nucala"|"1360"|"Mepolizumab"|"2022-05-19"|"Therapie nach ärztlicher Maßgabe"|"beträchtlich"|"Anhaltspunkt"|"R03DX09"
"767"|"https://www.g-ba.de/bewertungsverfahren/nutzenbewertung/762/"|"Trodelvy"|"1361"|"Sacituzumab govitecan"|"2022-05-19"|"-	Capecitabin 
oder 
-	Eribulin 
oder 
-	Vinorelbin 
oder
-	eine Anthrazyklin- oder Taxan-haltige Therapie (Nur für Patienten, die noch keine Anthrazyklin- und/oder Taxan-haltige Therapie erhalten haben oder die für eine erneute Anthrazyklin- oder Taxan-haltige Behandlung infrage kommen.)"|"erheblich"|"Hinweis"|"L01FX17"
"768"|"https://www.g-ba.de/bewertungsverfahren/nutzenbewertung/767/"|"Verzenios"|"1362"|"Abemaciclib"|"2022-05-19"|"•	Anastrozol
oder
•	Letrozol
oder 
•	Fulvestrant
oder 
•	ggf. Tamoxifen, wenn Aromatasehemmer nicht geeignet sind
oder 
•	Ribociclib in Kombination mit einem nicht-steroidalen Aromatasehemmer (Anastrozol, Letrozol)
oder 
•	Abemaciclib in Kombination mit einem nicht-steroidalen Aromatasehemmer (Anastrozol, Letrozol)
oder 
•	Palbociclib in Kombination mit einem nicht-steroidalen Aromatasehemmer (Anastrozol, Letrozol)
oder 
•	Ribociclib in Kombination mit Fulvestrant
oder 
•	Palbociclib in Kombination mit Fulvestrant"|"ist nicht belegt"|NA|"L01EF03"
"768"|"https://www.g-ba.de/bewertungsverfahren/nutzenbewertung/767/"|"Verzenios"|"1524"|"Abemaciclib"|"2022-05-19"|"Eine weitere endokrine Therapie mit:
•	Tamoxifen
oder
•	Anastrozol
oder
•	Fulvestrant als Monotherapie; nur für Patientinnen mit Rezidiv oder Progress nach einer Antiöstrogen-Behandlung
oder
•	Letrozol; nur für Patientinnen mit Rezidiv oder Progress nach einer Antiöstrogen-Behandlung
oder
•	Exemestan; nur für Patientinnen mit Progress nach einer Antiöstrogen-Behandlung 
oder 
•	Everolimus in Kombination mit Exemestan; nur für Patientinnen ohne symptomatische viszerale Metastasierung, nachdem es zu einer Progression nach einem nicht-steroidalen Aromataseinhibitor gekommen ist.
oder
•	Ribociclib in Kombination mit einem nicht-steroidalen Aromatasehemmer (Anastrozol, Letrozol)
oder
•	Abemaciclib in Kombination mit einem nicht-steroidalen Aromatasehemmer (Anastrozol, Letrozol)
oder
•	Palbociclib in Kombination mit einem nicht-steroidalen Aromatasehemmer (Anastrozol, Letrozol)
oder 
•	Ribociclib in Kombination mit Fulvestrant
oder 
•	Palbociclib in Kombination mit Fulvestrant"|"gering"|"Hinweis"|"L01EF03"
"769"|"https://www.g-ba.de/bewertungsverfahren/nutzenbewertung/759/"|"Steglatro"|"1363"|"Ertugliflozin"|"2022-05-19"|"Patientenindividuelle Therapie unter Berücksichtigung des patientenindividuellen Therapieziels in Abhängigkeit von Komorbiditäten, Diabetesdauer, möglichen Risiken für Hypoglykämien, unter Auswahl von:
- Metformin + Sulfonylharnstoff (Glibenclamid oder Glimepirid),
- Metformin + Sitagliptin,
- Metformin + Empagliflozin,
- Metformin + Liraglutid"|"ist nicht belegt"|NA|"A10BK04"
"769"|"https://www.g-ba.de/bewertungsverfahren/nutzenbewertung/759/"|"Steglatro"|"1498"|"Ertugliflozin"|"2022-05-19"|"- Metformin + Empagliflozin, oder
- Metformin + Liraglutid, oder
- Metformin + Dapagliflozin"|"ist nicht belegt"|NA|"A10BK04"
"769"|"https://www.g-ba.de/bewertungsverfahren/nutzenbewertung/759/"|"Steglatro"|"1499"|"Ertugliflozin"|"2022-05-19"|"- Metformin + Empagliflozin + Sitagliptin, oder
- Metformin + Empagliflozin + Liraglutid"|"ist nicht belegt"|NA|"A10BK04"
"769"|"https://www.g-ba.de/bewertungsverfahren/nutzenbewertung/759/"|"Steglatro"|"1500"|"Ertugliflozin"|"2022-05-19"|"- Metformin + Empagliflozin + Liraglutid, oder
- Metformin + Dapagliflozin + Liraglutid"|"ist nicht belegt"|NA|"A10BK04"
"769"|"https://www.g-ba.de/bewertungsverfahren/nutzenbewertung/759/"|"Steglatro"|"1501"|"Ertugliflozin"|"2022-05-19"|"- Humaninsulin + Metformin"|"ist nicht belegt"|NA|"A10BK04"
"769"|"https://www.g-ba.de/bewertungsverfahren/nutzenbewertung/759/"|"Steglatro"|"1502"|"Ertugliflozin"|"2022-05-19"|"- Humaninsulin + Metformin + Empagliflozin, oder
- Humaninsulin + Metformin + Dapagliflozin, oder
- Humaninsulin + Metformin + Liraglutid"|"ist nicht belegt"|NA|"A10BK04"
"769"|"https://www.g-ba.de/bewertungsverfahren/nutzenbewertung/759/"|"Steglatro"|"1503"|"Ertugliflozin"|"2022-05-19"|"Eskalation der Insulintherapie (konventionelle Therapie (CT) ggf. + Metformin oder Dulaglutid bzw. intensivierte Insulintherapie (ICT))"|"ist nicht belegt"|NA|"A10BK04"
"769"|"https://www.g-ba.de/bewertungsverfahren/nutzenbewertung/759/"|"Steglatro"|"1504"|"Ertugliflozin"|"2022-05-19"|"Eskalation der Insulintherapie (konventionelle Therapie (CT) ggf. + Metformin oder Empagliflozin oder Liraglutid oder Dapagliflozin bzw. intensivierte Insulintherapie (ICT))"|"ist nicht belegt"|NA|"A10BK04"
"770"|"https://www.g-ba.de/bewertungsverfahren/nutzenbewertung/760/"|"Opdivo"|"1364"|"Nivolumab"|"2022-05-19"|"Therapie nach ärztlicher Maßgabe"|"beträchtlich"|"Anhaltspunkt"|"L01FF01"
"771"|"https://www.g-ba.de/bewertungsverfahren/nutzenbewertung/768/"|"Ponvory"|"1365"|"Ponesimod"|"2022-05-19"|"Interferon beta-1a oder Interferon beta-1b oder Glatirameracetat oder Dimethylfumarat oder Teriflunomid oder Ocrelizumab unter Berücksichtigung der Zulassung"|"gering"|"Hinweis"|"L04AE04"
"771"|"https://www.g-ba.de/bewertungsverfahren/nutzenbewertung/768/"|"Ponvory"|"1525"|"Ponesimod"|"2022-05-19"|"Interferon beta-1a oder Interferon beta-1b oder Glatirameracetat oder Dimethylfumarat oder Teriflunomid oder Ocrelizumab unter Berücksichtigung der Zulassung"|"ist nicht belegt"|NA|"L04AE04"
"772"|"https://www.g-ba.de/bewertungsverfahren/nutzenbewertung/770/"|"Gavreto"|"1366"|"Pralsetinib"|"2022-06-16"|"Pembrolizumab als Monotherapie"|"ist nicht belegt"|NA|"L01EX23"
"772"|"https://www.g-ba.de/bewertungsverfahren/nutzenbewertung/770/"|"Gavreto"|"1526"|"Pralsetinib"|"2022-06-16"|"-	Cisplatin in Kombination mit einem Drittgenerationszytostatikum (Vinorelbin oder Gemcitabin oder Docetaxel oder Paclitaxel oder Pemetrexed (außer bei überwiegend plattenepithelialer Histologie))
oder
-	Carboplatin in Kombination mit einem Drittgenerationszytostatikum (Vinorelbin oder Gemcitabin oder Docetaxel oder Paclitaxel oder Pemetrexed (außer bei überwiegend plattenepithelialer Histologie)) vgl. Anlage VI zum Abschnitt K der Arzneimittel-Richtlinie
oder
-	Carboplatin in Kombination mit nab-Paclitaxel
oder
-	Pembrolizumab in Kombination mit Pemetrexed und platinhaltiger Chemotherapie (nur für Patienten ohne EGFR- oder ALK-positive Tumormutationen und bei nicht-plattenepithelialer Histologie)
oder
-	Pembrolizumab in Kombination mit Carboplatin und entweder Paclitaxel oder nab-Paclitaxel (nur bei plattenepithelialer Histologie)
oder
-	Monotherapie mit Gemcitabin oder Vinorelbin (nur für Patientinnen und Patienten mit ECOG-Performance-Status 2 als Alternative zur Platin-basierten Kombinations-behandlung)"|"ist nicht belegt"|NA|"L01EX23"
"772"|"https://www.g-ba.de/bewertungsverfahren/nutzenbewertung/770/"|"Gavreto"|"1527"|"Pralsetinib"|"2022-06-16"|"-	Cisplatin in Kombination mit einem Drittgenerationszytostatikum (Vinorelbin oder Gemcitabin oder Docetaxel oder Paclitaxel oder Pemetrexed (außer bei überwiegend plattenepithelialer Histologie))
oder
-	Carboplatin in Kombination mit einem Drittgenerationszytostatikum (Vinorelbin oder Gemcitabin oder Docetaxel oder Paclitaxel oder Pemetrexed (außer bei überwiegend plattenepithelialer Histologie)) vgl. Anlage VI zum Abschnitt K der Arzneimittel-Richtlinie
oder
-	Carboplatin in Kombination mit nab-Paclitaxel
oder
-	Monotherapie mit Gemcitabin oder Vinorelbin (nur für Patientinnen und Patienten mit ECOG-Performance-Status 2 als Alternative zur Platin-basierten Kombinations-behandlung)"|"ist nicht belegt"|NA|"L01EX23"
"772"|"https://www.g-ba.de/bewertungsverfahren/nutzenbewertung/770/"|"Gavreto"|"1528"|"Pralsetinib"|"2022-06-16"|"-	Docetaxel (nur für Patientinnen und Patienten mit PD-L1 negativen Tumoren)
oder 
-	Pemetrexed (nur für Patientinnen und Patienten mit PD-L1 negativen Tumoren und außer bei überwiegend plattenepithelialer Histologie)
oder
-	Nivolumab 
oder 
-	Pembrolizumab (nur für Patientinnen und Patienten mit PD-L1 exprimierenden Tumoren, PD-L1-Expression ≥ 1 % der Tumorzellen)
oder 
-	Atezolizumab
oder
Docetaxel in Kombination mit Nintedanib (nur für Patientinnen und Patienten mit PD-L1 negativen Tumoren und Adenokarzinom-Histologie)"|"ist nicht belegt"|NA|"L01EX23"
"772"|"https://www.g-ba.de/bewertungsverfahren/nutzenbewertung/770/"|"Gavreto"|"1529"|"Pralsetinib"|"2022-06-16"|"Patientenindividuelle Therapie unter Berücksichtigung der Vortherapie und Histologie unter Auswahl von Afatinib, Pemetrexed, Erlotinib, Docetaxel, Docetaxel in Kombination mit Ramucirumab, Docetaxel in Kombination mit Nintedanib und Vinorelbin."|"ist nicht belegt"|NA|"L01EX23"
"773"|"https://www.g-ba.de/bewertungsverfahren/nutzenbewertung/775/"|"Forxiga"|"1367"|"Dapagliflozin"|"2022-06-16"|"Humaninsulin + Metformin"|"ist nicht belegt"|NA|"A10BK01"
"773"|"https://www.g-ba.de/bewertungsverfahren/nutzenbewertung/775/"|"Forxiga"|"1530"|"Dapagliflozin"|"2022-06-16"|"Eskalation der Insulintherapie (konventionelle Therapie (CT) ggf. + Metformin bzw. intensivierte Insulintherapie (ICT))"|"ist nicht belegt"|NA|"A10BK01"
"774"|"https://www.g-ba.de/bewertungsverfahren/nutzenbewertung/772/"|"Brukinsa"|"1368"|"Zanubrutinib"|"2022-06-16"|"Eine patientenindividuelle Therapie unter Berücksichtigung des Allgemeinzustands und ggf. von Vortherapien und von der Remissionsdauer nach initialer Therapie"|"ist nicht belegt"|NA|"L01EL03"
"775"|"https://www.g-ba.de/bewertungsverfahren/nutzenbewertung/771/"|"Xeljanz"|"1369"|"Tofacitinib"|"2022-06-16"|"ein TNF-α-Inhibitor (Adalimumab oder Certolizumab pegol oder Etanercept oder Golimumab oder Infliximab) oder ein IL17-Inhibitor (Secukinumab)"|"ist nicht belegt"|NA|"L04AF01"
"775"|"https://www.g-ba.de/bewertungsverfahren/nutzenbewertung/771/"|"Xeljanz"|"1531"|"Tofacitinib"|"2022-06-16"|"der Wechsel auf ein anderes biologisches krankheitsmodifizierendes Antirheumatikum: TNF-α-Inhibitor (Adalimumab oder Certolizumab pegol oder Etanercept oder Golimumab oder Infliximab) oder IL17-Inhibitor (Secukinumab)"|"ist nicht belegt"|NA|"L04AF01"
"776"|"https://www.g-ba.de/bewertungsverfahren/nutzenbewertung/774/"|"Zeposia"|"1370"|"Ozanimod"|"2022-06-16"|"Ein TNF-α-Antagonist (Adalimumab oder Infliximab oder Golimumab) oder Vedolizumab oder Ustekinumab"|"ist nicht belegt"|NA|"L04AE02"
"776"|"https://www.g-ba.de/bewertungsverfahren/nutzenbewertung/774/"|"Zeposia"|"1532"|"Ozanimod"|"2022-06-16"|"ein Wechsel der Therapie auf Vedolizumab oder Tofacitinib oder Ustekinumab oder ein TNF-α-Antagonist (Adalimumab oder Infliximab oder Golimumab), jeweils unter Berücksichtigung der Zulassung und der Vortherapie(n)"|"ist nicht belegt"|NA|"L04AE02"
"777"|"https://www.g-ba.de/bewertungsverfahren/nutzenbewertung/780/"|"Repatha"|"1371"|"Evolocumab"|"2022-06-16"|" maximal tolerierte medikamentöse Therapie nach ärztlicher Maßgabe unter Berücksichtigung von Statinen, Cholesterinresorptionshemmern, und Anionenaustauschern"|"ist nicht belegt"|NA|"C10AX13"
"777"|"https://www.g-ba.de/bewertungsverfahren/nutzenbewertung/780/"|"Repatha"|"1534"|"Evolocumab"|"2022-06-16"|"LDL-Apherese (als „ultima ratio“ bei therapierefraktären Verläufen) ggf. mit begleitender medikamentöser lipidsenkender Therapie"|"ist nicht belegt"|NA|"C10AX13"
"777"|"https://www.g-ba.de/bewertungsverfahren/nutzenbewertung/780/"|"Repatha"|"1535"|"Evolocumab"|"2022-06-16"|" maximal tolerierte medikamentöse Therapie nach ärztlicher Maßgabe unter Berücksichtigung von Statinen, Cholesterinresorptionshemmern, und Anionenaustauschern"|"ist nicht belegt"|NA|"C10AX13"
"777"|"https://www.g-ba.de/bewertungsverfahren/nutzenbewertung/780/"|"Repatha"|"1536"|"Evolocumab"|"2022-06-16"|"LDL-Apherese (als „ultima ratio“ bei therapierefraktären Verläufen) ggf. mit begleitender medikamentöser lipidsenkender Therapie"|"ist nicht belegt"|NA|"C10AX13"
"778"|"https://www.g-ba.de/bewertungsverfahren/nutzenbewertung/781/"|"Abecma"|"1372"|"Idecabtagen vicleucel"|"2022-06-16"|NA|"nicht quantifizierbar, weil die wissenschaftliche Datengrundlage dies nicht zulässt"|"Anhaltspunkt"|"L01XL07"
"780"|"https://www.g-ba.de/bewertungsverfahren/nutzenbewertung/778/"|"Qinlock"|"1374"|"Ripretinib"|"2022-06-16"|NA|"erheblich"|"Anhaltspunkt"|"L01EX19"
"729"|"https://www.g-ba.de/bewertungsverfahren/nutzenbewertung/732/"|"Klisyri"|"1378"|"Tirbanibulin"|"2022-02-17"|"Diclofenac-Hyaluronsäure-Gel (3 %) oder 5 Fluorouracil (5 FU) oder (chirurgische) Kryotherapie bei der Behandlung von Einzelläsionen"|"ist nicht belegt"|NA|"D06BX03"
"781"|"https://www.g-ba.de/bewertungsverfahren/nutzenbewertung/504/"|"Lonsurf"|"1397"|"Trifluridin/Tipiracil"|"2020-04-02"|"Best-Supportive-Care"|"gering"|"Hinweis"|"L01BC59"
"782"|"https://www.g-ba.de/bewertungsverfahren/nutzenbewertung/782/"|"Cibinqo"|"1404"|"Abrocitinib"|"2022-07-07"|"Dupilumab (ggf. in Kombination mit topischen Glukokortikoiden und/oder topischen Calcineurininhibitoren)"|"beträchtlich"|"Anhaltspunkt"|"D11AH08"
"783"|"https://www.g-ba.de/bewertungsverfahren/nutzenbewertung/783/"|"Rybrevant"|"1405"|"Amivantamab"|"2022-07-07"|"•	Docetaxel
oder
•	Docetaxel in Kombination mit Nintedanib
oder
•	Pemetrexed"|"ist nicht belegt"|NA|"L01FX18"
"783"|"https://www.g-ba.de/bewertungsverfahren/nutzenbewertung/783/"|"Rybrevant"|"1559"|"Amivantamab"|"2022-07-07"|"Best-Supportive-Care"|"ist nicht belegt"|NA|"L01FX18"
"784"|"https://www.g-ba.de/bewertungsverfahren/nutzenbewertung/784/"|"Veklury"|"1406"|"Remdesivir"|"2022-07-07"|"Therapie nach ärztlicher Maßgabe"|"gering"|"Anhaltspunkt"|"J05AB16"
"786"|"https://www.g-ba.de/bewertungsverfahren/nutzenbewertung/787/"|"Sedaconda"|"1416"|"Isofluran"|"2022-07-21"|"Eine Therapie nach ärztlicher Maßgabe unter Berücksichtigung von Propofol, Midazolam und Dexmedetomidin"|"ist nicht belegt"|NA|"N01AB06"
"787"|"https://www.g-ba.de/bewertungsverfahren/nutzenbewertung/786/"|"Rayaldee"|"1417"|"Calcifediol"|"2022-07-21"|"Paricalcitol"|"ist nicht belegt"|NA|"H05BX05"
"788"|"https://www.g-ba.de/bewertungsverfahren/nutzenbewertung/788/"|"Crysvita"|"1418"|"Burosumab"|"2022-07-21"|"eine Phosphatsubstitution und aktives Vitamin D (Calcitriol oder Alfacalcidol) in Kombination"|"nicht quantifizierbar"|"Anhaltspunkt"|"M05BX05"
"789"|"https://www.g-ba.de/bewertungsverfahren/nutzenbewertung/789/"|"Crysvita"|"1419"|"Burosumab"|"2022-07-21"|"eine Phosphatsubstitution und aktives Vitamin D (Calcitriol oder Alfacalcidol) in Kombination"|"ist nicht belegt"|NA|"M05BX05"
"790"|"https://www.g-ba.de/bewertungsverfahren/nutzenbewertung/791/"|"Copiktra"|"1420"|"Duvelisib"|"2022-07-21"|"-	Ibrutinib 
oder
-	Venetoclax + Rituximab
oder
-	eine Chemoimmuntherapie mit FCR oder BR oder ClbR (jeweils nur bei langem rezidivfreiem Intervall und fehlenden genetischen Risikofaktoren)"|"ist nicht belegt"|NA|"L01EM04"
"790"|"https://www.g-ba.de/bewertungsverfahren/nutzenbewertung/791/"|"Copiktra"|"1565"|"Duvelisib"|"2022-07-21"|"Venetoclax + Rituximab"|"ist nicht belegt"|NA|"L01EM04"
"790"|"https://www.g-ba.de/bewertungsverfahren/nutzenbewertung/791/"|"Copiktra"|"1566"|"Duvelisib"|"2022-07-21"|"Ibrutinib"|"ist nicht belegt"|NA|"L01EM04"
"790"|"https://www.g-ba.de/bewertungsverfahren/nutzenbewertung/791/"|"Copiktra"|"1567"|"Duvelisib"|"2022-07-21"|"-	Patientenindividuelle Therapie unter Auswahl von
•	Idelalisib in Kombination mit Rituximab, 
•	Bendamustin in Kombination mit Rituximab, 
•	Chlorambucil in Kombination mit Rituximab und
•	Best-Supportive-Care;
unter Berücksichtigung der Komorbiditäten, des Allgemeinzustandes, von genetischen Risikofaktoren sowie Erfolg und Verträglichkeit der Vortherapie"|"ist nicht belegt"|NA|"L01EM04"
"791"|"https://www.g-ba.de/bewertungsverfahren/nutzenbewertung/790/"|"Copiktra"|"1421"|"Duvelisib"|"2022-07-21"|"Patientenindividuelle Therapie unter Berücksichtigung der Vortherapie, des Krankheitsverlaufs und des Allgemeinzustandes"|"ist nicht belegt"|NA|"L01EM04"
"792"|"https://www.g-ba.de/bewertungsverfahren/nutzenbewertung/792/"|"Epclusa"|"1422"|"Sofosbuvir/Velpatasvir"|"2022-08-04"|"Ledipasvir/Sofosbuvir (nur für die Genotypen 1, 4, 5 und 6) oder Glecaprevir/Pibrentasvir "|"ist nicht belegt"|NA|"J05AP55"
"793"|"https://www.g-ba.de/bewertungsverfahren/nutzenbewertung/793/"|"Kaftrio"|"1423"|"Ivacaftor/Tezacaftor/Elexacaftor"|"2022-08-04"|"Best-Supportive-Care"|"beträchtlich"|"Hinweis"|"R07AX32"
"794"|"https://www.g-ba.de/bewertungsverfahren/nutzenbewertung/794/"|"Kaftrio"|"1424"|"Ivacaftor/Tezacaftor/Elexacaftor"|"2022-08-04"|"Lumacaftor/Ivacaftor 
oder 
Tezacaftor/Ivacaftor in Kombination mit Ivacaftor"|"nicht quantifizierbar"|"Anhaltspunkt"|"R07AX32"
"795"|"https://www.g-ba.de/bewertungsverfahren/nutzenbewertung/795/"|"Kaftrio"|"1425"|"Ivacaftor/Tezacaftor/Elexacaftor"|"2022-08-04"|"Ivacaftor"|"ist nicht belegt"|NA|"R07AX32"
"796"|"https://www.g-ba.de/bewertungsverfahren/nutzenbewertung/796/"|"Kaftrio"|"1426"|"Ivacaftor/Tezacaftor/Elexacaftor"|"2022-08-04"|"Tezacaftor/Ivacaftor in Kombination mit Ivacaftor"|"ist nicht belegt"|NA|"R07AX32"
"797"|"https://www.g-ba.de/bewertungsverfahren/nutzenbewertung/797/"|"Kaftrio"|"1427"|"Ivacaftor/Tezacaftor/Elexacaftor"|"2022-08-04"|"Best-Supportive-Care"|"ist nicht belegt"|NA|"R07AX32"
"798"|"https://www.g-ba.de/bewertungsverfahren/nutzenbewertung/798/"|"Tavneos"|"1428"|"Avacopan"|"2022-08-04"|NA|"gering"|"Anhaltspunkt"|"L04AJ05"
"799"|"https://www.g-ba.de/bewertungsverfahren/nutzenbewertung/799/"|"Lumykras"|"1429"|"Sotorasib"|"2022-08-04"|"-Cisplatin in Kombination mit einem Drittgenerationszytostatikum (Vinorelbin oder Gemcitabin oder Docetaxel oder Paclitaxel oder Pemetrexed (außer bei überwiegend plattenepithelialer Histologie)) 
oder 
-Carboplatin in Kombination mit einem Drittgenerationszytostatikum (Vinorelbin oder Gemcitabin oder Docetaxel oder Paclitaxel oder Pemetrexed (außer bei überwiegend plattenepithelialer Histologie)) vgl. Anlage VI zum Abschnitt K der Arzneimittel-Richtlinie 
oder 
-Carboplatin in Kombination mit nab-Paclitaxel 
oder 
-Monotherapie mit Gemcitabin oder Vinorelbin (nur für Patientinnen und Patienten mit ECOG-Performance-Status 2 als Alternative zur Platin-basierten Kombinationsbehandlung) 
"|"ist nicht belegt"|NA|"L01XX73"
"428"|"https://www.g-ba.de/bewertungsverfahren/nutzenbewertung/430/"|"Kisqali"|"1495"|"Ribociclib"|"2019-07-04"|"− Tamoxifen in Kombination mit einer Ausschaltung der Ovarialfunktion,
− ggf. Letrozol in Kombination mit einer Ausschaltung der Ovarialfunktion bei Frauen, die zuvor mit Antiöstrogenen behandelt wurden.
"|"ist nicht belegt"|NA|"L01EF02"
"428"|"https://www.g-ba.de/bewertungsverfahren/nutzenbewertung/430/"|"Kisqali"|"1520"|"Ribociclib"|"2019-07-04"|"eine endokrine Therapie nach Maßgabe des Arztes, unter Beachtung der jeweiligen Zulassung.
Im vorliegenden Anwendungsgebiet sind Tamoxifen, Letrozol, Exemestan, Megestrolacetat und Medroxyprogesteronacetat zugelassen."|"ist nicht belegt"|NA|"L01EF02"
"428"|"https://www.g-ba.de/bewertungsverfahren/nutzenbewertung/430/"|"Kisqali"|"1521"|"Ribociclib"|"2019-07-04"|"− Tamoxifen in Kombination mit einer Ausschaltung der Ovarialfunktion,
− ggf. Letrozol in Kombination mit einer Ausschaltung der Ovarialfunktion bei Frauen, die zuvor mit Antiöstrogenen behandelt wurden.
"|"ist nicht belegt"|NA|"L01EF02"
"428"|"https://www.g-ba.de/bewertungsverfahren/nutzenbewertung/430/"|"Kisqali"|"1522"|"Ribociclib"|"2019-07-04"|"Eine weitere endokrine Therapie in Abhängigkeit der Vortherapie mit:
• Tamoxifen oder
• Anastrozol oder
• Fulvestrant; nur für Patientinnen mit Rezidiv oder Progress nach einer Antiöstrogen-Behandlung oder
• Letrozol; nur für Patientinnen mit Rezidiv oder Progress nach einer Antiöstrogen-Behandlung oder
• Exemestan; nur für Patientinnen mit Progress nach einer Antiöstrogen-Behandlung oder
• Everolimus in Kombination mit Exemestan; 
nur für Patientinnen ohne symptomatische viszerale Metastasierung, nachdem es zu einer Progression nach einem nicht-steroidalen Aromataseinhibitor gekommen ist"|"ist nicht belegt"|NA|"L01EF02"
"428"|"https://www.g-ba.de/bewertungsverfahren/nutzenbewertung/430/"|"Kisqali"|"1523"|"Ribociclib"|"2019-07-04"|"eine endokrine Therapie nach Maßgabe des Arztes, unter Beachtung der jeweiligen Zulassung.
Im vorliegenden Anwendungsgebiet sind Tamoxifen, Letrozol, Exemestan, Megestrolacetat und Medroxyprogesteronacetat zugelassen."|"ist nicht belegt"|NA|"L01EF02"
"456"|"https://www.g-ba.de/bewertungsverfahren/nutzenbewertung/460/"|"Vizimpro"|"1435"|"Dacomitinib"|"2019-10-17"|"Afatinib oder Gefitinib oder Erlotinib oder Osimertinib"|"ist nicht belegt"|NA|"L01EB07"
"456"|"https://www.g-ba.de/bewertungsverfahren/nutzenbewertung/460/"|"Vizimpro"|"1710"|"Dacomitinib"|"2019-10-17"|"eine patientenindividuelle Therapie in Abhängigkeit von der aktivierenden EGFR-Mutation unter Auswahl von:
− Afatinib, Gefitinib, Erlotinib, Osimertinib
− Cisplatin in Kombination mit einem Drittgenerationszytostatikum (Vinorelbin oder
Gemcitabin oder Docetaxel oder Paclitaxel oder Pemetrexed)
− Carboplatin in Kombination mit einem Drittgenerationszytostatikum (Vinorelbin
oder Gemcitabin oder Docetaxel oder Paclitaxel oder Pemetrexed) (vgl. Anlage VI zum Abschnitt K der Arzneimittel-Richtlinie)
− Carboplatin in Kombination mit nab-Paclitaxel
und
− Monotherapie mit Gemcitabin oder Vinorelbin (nur für Patienten mit ECOG-Performance-Status 2 als Alternative zur Platin-basierten Kombinationsbehandlung)."|"ist nicht belegt"|NA|"L01EB07"
"450"|"https://www.g-ba.de/bewertungsverfahren/nutzenbewertung/452/"|"Keytruda"|"1437"|"Pembrolizumab"|"2019-09-19"|"− Cisplatin in Kombination mit einem Drittgenerationszytostatikum (Vinorelbin oder Gemcitabin oder Docetaxel oder Paclitaxel oder Pemetrexed)
oder
− Carboplatin in Kombination mit einem Drittgenerationszytostatikum (Vinorelbin oder Gemcitabin oder Docetaxel oder Paclitaxel oder Pemetrexed; vgl. Anlage VI zum Abschnitt K der Arzneimittel-Richtlinie)
oder
− Carboplatin in Kombination mit nab-Paclitaxel"|"nicht quantifizierbar"|"Anhaltspunkt"|"L01FF02"
"450"|"https://www.g-ba.de/bewertungsverfahren/nutzenbewertung/452/"|"Keytruda"|"1716"|"Pembrolizumab"|"2019-09-19"|"Pembrolizumab"|"nicht quantifizierbar"|"Anhaltspunkt"|"L01FF02"
"447"|"https://www.g-ba.de/bewertungsverfahren/nutzenbewertung/448/"|"Adcetris"|"1438"|"Brentuximab Vedotin"|"2019-09-05"|NA|"nicht quantifizierbar"|NA|"L01FX05"
"800"|"https://www.g-ba.de/bewertungsverfahren/nutzenbewertung/488/"|"Dupixent"|"1440"|"Dupilumab"|"2020-02-20"|"Ein patientenindividuell optimiertes Therapieregime aus topischer und systemischer Therapie in Abhängigkeit der Ausprägung der Erkrankung und unter Berücksichtigung der Vortherapie, unter Berücksichtigung folgender Therapien:
− topische Glukokortikoide der Klassen 2 bis 4
− Tacrolimus (topisch)
− Ciclosporin

Der jeweilige Zulassungsstatus der Arzneimittel ist zu berücksichtigen"|"nicht quantifizierbar"|"Anhaltspunkt"|"D11AH05"
"801"|"https://www.g-ba.de/bewertungsverfahren/nutzenbewertung/503/"|"Tecentriq"|"1441"|"Atezolizumab"|"2020-04-02"|"•	Cisplatin und Etoposid
oder 
•	Carboplatin und Etoposid "|"gering"|"Anhaltspunkt"|"L01FF05"
"802"|"https://www.g-ba.de/bewertungsverfahren/nutzenbewertung/807/"|"Tepmetko"|"1450"|"Tepotinib"|"2022-09-01"|"-	Cisplatin in Kombination mit einem Drittgenerationszytostatikum (Vinorelbin oder Gemcitabin oder Docetaxel oder Paclitaxel oder Pemetrexed (außer bei überwiegend plattenepithelialer Histologie))
oder
-	Carboplatin in Kombination mit einem Drittgenerationszytostatikum (Vinorelbin oder Gemcitabin oder Docetaxel oder Paclitaxel oder Pemetrexed (außer bei überwiegend plattenepithelialer Histologie)) vgl. Anlage VI zum Abschnitt K der Arzneimittel-Richtlinie
oder
-	Carboplatin in Kombination mit nab-Paclitaxel
oder
-	Monotherapie mit Gemcitabin oder Vinorelbin (nur für Patientinnen und Patienten mit ECOG-Performance-Status 2 als Alternative zur Platin-basierten Kombinationsbehandlung)"|"ist nicht belegt"|NA|"L01EX21"
"802"|"https://www.g-ba.de/bewertungsverfahren/nutzenbewertung/807/"|"Tepmetko"|"1589"|"Tepotinib"|"2022-09-01"|"-	Docetaxel (nur für Patientinnen und Patienten mit PD-L1 negativen Tumoren)
oder 
-	Pemetrexed (nur für Patientinnen und Patienten mit PD-L1 negativen Tumoren und außer bei überwiegend plattenepithelialer Histologie)
oder
-	Nivolumab 
oder 
-	Pembrolizumab (nur für Patientinnen und Patienten mit PD-L1 exprimierenden Tumoren, Tumor Proportion Score (TPS) ≥ 1 %)
oder 
-	Atezolizumab
oder
-	Docetaxel in Kombination mit Nintedanib (nur für Patientinnen und Patienten mit PD-L1 negativen Tumoren und Adenokarzinom-Histologie)"|"ist nicht belegt"|NA|"L01EX21"
"802"|"https://www.g-ba.de/bewertungsverfahren/nutzenbewertung/807/"|"Tepmetko"|"1590"|"Tepotinib"|"2022-09-01"|"Patientenindividuelle Therapie unter Berücksichtigung der Vortherapie und Histologie unter Auswahl von Afatinib, Pemetrexed, Erlotinib, Docetaxel, Docetaxel in Kombination mit Ramucirumab und Docetaxel in Kombination mit Nintedanib und Vinorelbin."|"ist nicht belegt"|NA|"L01EX21"
"803"|"https://www.g-ba.de/bewertungsverfahren/nutzenbewertung/805/"|"Briviact (in Italy: Nubriveo)"|"1451"|"Brivaracetam"|"2022-09-01"|"Eine patientenindividuelle antiepileptische Zusatztherapie, soweit medizinisch indiziert und falls jeweils noch keine Pharmakoresistenz (im Sinne eines nicht ausreichenden Ansprechens), Unverträglichkeit oder Kontraindikation bekannt ist, unter Berücksichtigung der Basis- und (der) Vortherapie(n) und unter Berücksichtigung des Grundes für den Therapiewechsel sowie der etwaig einhergehenden Nebenwirkungen"|"ist nicht belegt"|NA|"N03AX23"
"804"|"https://www.g-ba.de/bewertungsverfahren/nutzenbewertung/806/"|"Lorviqua"|"1452"|"Lorlatinib"|"2022-09-01"|"Alectinib oder Brigatinib"|"ist nicht belegt"|NA|"L01ED05"
"805"|"https://www.g-ba.de/bewertungsverfahren/nutzenbewertung/808/"|"Entyvio"|"1453"|"Vedolizumab"|"2022-09-01"|"Therapie nach ärztlicher Maßgabe"|"ist nicht belegt"|NA|"L04AG05"
"806"|"https://www.g-ba.de/bewertungsverfahren/nutzenbewertung/800/"|"Kalydeco"|"1454"|"Ivacaftor"|"2022-08-04"|"Best-Supportive-Care"|"beträchtlich"|"Hinweis"|"R07AX02"
"807"|"https://www.g-ba.de/bewertungsverfahren/nutzenbewertung/801/"|"Kalydeco"|"1455"|"Ivacaftor"|"2022-08-04"|"Lumacaftor/Ivacaftor 
oder 
Tezacaftor/Ivacaftor in Kombination mit Ivacaftor"|"nicht quantifizierbar"|"Anhaltspunkt"|"R07AX02"
"808"|"https://www.g-ba.de/bewertungsverfahren/nutzenbewertung/802/"|"Kalydeco"|"1456"|"Ivacaftor"|"2022-08-04"|"Ivacaftor"|"ist nicht belegt"|NA|"R07AX02"
"809"|"https://www.g-ba.de/bewertungsverfahren/nutzenbewertung/803/"|"Kalydeco"|"1457"|"Ivacaftor"|"2022-08-04"|"Tezacaftor/Ivacaftor in Kombination mit Ivacaftor"|"ist nicht belegt"|NA|"R07AX02"
"810"|"https://www.g-ba.de/bewertungsverfahren/nutzenbewertung/804/"|"Kalydeco"|"1458"|"Ivacaftor"|"2022-08-04"|"Best-Supportive-Care"|"ist nicht belegt"|NA|"R07AX02"
"731"|"https://www.g-ba.de/bewertungsverfahren/nutzenbewertung/730/"|"Vazkepa"|"1514"|"Icosapent-Ethyl"|"2022-05-05"|"Therapie nach ärztlicher Maßgabe unter Berücksichtigung von Statinen und Cholesterinresorptionshemmern"|"ist nicht belegt"|NA|"C10AX22"
"841"|"https://www.g-ba.de/bewertungsverfahren/nutzenbewertung/821/"|"Voraxaze"|"1537"|"Glucarpidase"|"2022-10-06"|NA|"nicht quantifizierbar, weil die wissenschaftliche Datengrundlage dies nicht zulässt"|"Anhaltspunkt"|"V03AF09"
"842"|"https://www.g-ba.de/bewertungsverfahren/nutzenbewertung/811/"|"Raxone"|"1538"|"Idebenon"|"2022-09-15"|NA|"nicht quantifizierbar, weil die wissenschaftliche Datengrundlage dies nicht zulässt"|"Anhaltspunkt"|"S01XA43"
"843"|"https://www.g-ba.de/bewertungsverfahren/nutzenbewertung/823/"|"Beovu"|"1539"|"Brolucizumab"|"2022-10-20"|"Ranibizumab oder Aflibercept"|"ist nicht belegt"|NA|"S01LA06"
"844"|"https://www.g-ba.de/bewertungsverfahren/nutzenbewertung/818/"|"Ronapreve"|"1540"|"Casirivimab/Imdevimab"|"2022-10-06"|"Beobachtendes Abwarten"|"ist nicht belegt"|NA|"J06BD07"
"844"|"https://www.g-ba.de/bewertungsverfahren/nutzenbewertung/818/"|"Ronapreve"|"1605"|"Casirivimab/Imdevimab"|"2022-10-06"|"Beobachtendes Abwarten"|"gering"|"Anhaltspunkt"|"J06BD07"
"844"|"https://www.g-ba.de/bewertungsverfahren/nutzenbewertung/818/"|"Ronapreve"|"1606"|"Casirivimab/Imdevimab"|"2022-10-06"|"Beobachtendes Abwarten"|"ist nicht belegt"|NA|"J06BD07"
"845"|"https://www.g-ba.de/bewertungsverfahren/nutzenbewertung/819/"|"Ronapreve"|"1541"|"Casirivimab/Imdevimab"|"2022-10-06"|"Therapie nach ärztlicher Maßgabe"|"ist nicht belegt"|NA|"J06BD07"
"845"|"https://www.g-ba.de/bewertungsverfahren/nutzenbewertung/819/"|"Ronapreve"|"1608"|"Casirivimab/Imdevimab"|"2022-10-06"|"Therapie nach ärztlicher Maßgabe"|"beträchtlich"|"Anhaltspunkt"|"J06BD07"
"845"|"https://www.g-ba.de/bewertungsverfahren/nutzenbewertung/819/"|"Ronapreve"|"1609"|"Casirivimab/Imdevimab"|"2022-10-06"|"Therapie nach ärztlicher Maßgabe"|"ist nicht belegt"|NA|"J06BD07"
"846"|"https://www.g-ba.de/bewertungsverfahren/nutzenbewertung/815/"|"Ngenla"|"1542"|"Somatrogon"|"2022-09-15"|"intranasales Glukokortikoid (INCS) in Kombination mit intranasalem Antihistaminikum (INAH)"|"nicht quantifizierbar, weil die wissenschaftliche Datengrundlage dies nicht zulässt"|"Anhaltspunkt"|"H01AC08"
"847"|"https://www.g-ba.de/bewertungsverfahren/nutzenbewertung/824/"|"Verzenios"|"1543"|"Abemaciclib"|"2022-10-20"|"Tamoxifen (ggf. zusätzlich mit einer Ausschaltung der Ovarialfunktion)"|"gering"|"Anhaltspunkt"|"L01EF03"
"847"|"https://www.g-ba.de/bewertungsverfahren/nutzenbewertung/824/"|"Verzenios"|"1614"|"Abemaciclib"|"2022-10-20"|"− ein Aromataseinhibitor (Anastrozol oder Letrozol) allein, ggf. Tamoxifen falls Aromataseinhibitoren nicht geeignet sind,
oder
− ein Aromataseinhibitor (Anastrozol oder Exemestan) in Sequenz nach Tamoxifen"|"ist nicht belegt"|NA|"L01EF03"
"847"|"https://www.g-ba.de/bewertungsverfahren/nutzenbewertung/824/"|"Verzenios"|"1615"|"Abemaciclib"|"2022-10-20"|"Tamoxifen"|"ist nicht belegt"|NA|"L01EF03"
"848"|"https://www.g-ba.de/bewertungsverfahren/nutzenbewertung/809/"|"Darzalex"|"1544"|"Daratumumab"|"2022-09-15"|"− Bortezomib in Kombination mit pegyliertem liposomalen Doxorubicin
oder
− Bortezomib in Kombination mit Dexamethason
oder
− Lenalidomid in Kombination mit Dexamethason
oder
− Elotuzumab in Kombination mit Lenalidomid und Dexamethason
oder
− Carfilzomib in Kombination mit Lenalidomid und Dexamethason
oder
− Carfilzomib in Kombination mit Dexamethason"|"beträchtlich"|"Beleg"|"L01FC01"
"849"|"https://www.g-ba.de/bewertungsverfahren/nutzenbewertung/834/"|"Oxbryta"|"1545"|"Voxelotor"|"2022-11-03"|NA|"nicht quantifizierbar, weil die wissenschaftliche Datengrundlage dies nicht zulässt"|"Anhaltspunkt"|"B06AX03"
"850"|"https://www.g-ba.de/bewertungsverfahren/nutzenbewertung/825/"|"Recarbrio"|"1546"|"Imipenem/Cilastatin/Relebactam"|"2022-11-03"|NA|"gilt als belegt"|NA|"J01DH56"
"850"|"https://www.g-ba.de/bewertungsverfahren/nutzenbewertung/825/"|"Recarbrio"|"1623"|"Imipenem/Cilastatin/Relebactam"|"2022-11-03"|NA|"gilt als belegt"|NA|"J01DH56"
"850"|"https://www.g-ba.de/bewertungsverfahren/nutzenbewertung/825/"|"Recarbrio"|"1624"|"Imipenem/Cilastatin/Relebactam"|"2022-11-03"|NA|"gilt als belegt"|NA|"J01DH56"
"853"|"https://www.g-ba.de/bewertungsverfahren/nutzenbewertung/826/"|"Zerbaxa"|"1549"|"Ceftolozan/Tazobactam"|"2022-11-03"|NA|"gilt als belegt"|NA|"J01DI54"
"853"|"https://www.g-ba.de/bewertungsverfahren/nutzenbewertung/826/"|"Zerbaxa"|"1620"|"Ceftolozan/Tazobactam"|"2022-11-03"|NA|"gilt als belegt"|NA|"J01DI54"
"853"|"https://www.g-ba.de/bewertungsverfahren/nutzenbewertung/826/"|"Zerbaxa"|"1621"|"Ceftolozan/Tazobactam"|"2022-11-03"|NA|"gilt als belegt"|NA|"J01DI54"
"853"|"https://www.g-ba.de/bewertungsverfahren/nutzenbewertung/826/"|"Zerbaxa"|"1622"|"Ceftolozan/Tazobactam"|"2022-11-03"|NA|"gilt als belegt"|NA|"J01DI54"
"855"|"https://www.g-ba.de/bewertungsverfahren/nutzenbewertung/827/"|"Zavicefta"|"1550"|"Ceftazidim/Avibactam"|"2022-11-03"|NA|"gilt als belegt"|NA|"J01DD52"
"855"|"https://www.g-ba.de/bewertungsverfahren/nutzenbewertung/827/"|"Zavicefta"|"1616"|"Ceftazidim/Avibactam"|"2022-11-03"|NA|"gilt als belegt"|NA|"J01DD52"
"855"|"https://www.g-ba.de/bewertungsverfahren/nutzenbewertung/827/"|"Zavicefta"|"1617"|"Ceftazidim/Avibactam"|"2022-11-03"|NA|"gilt als belegt"|NA|"J01DD52"
"855"|"https://www.g-ba.de/bewertungsverfahren/nutzenbewertung/827/"|"Zavicefta"|"1618"|"Ceftazidim/Avibactam"|"2022-11-03"|NA|"gilt als belegt"|NA|"J01DD52"
"855"|"https://www.g-ba.de/bewertungsverfahren/nutzenbewertung/827/"|"Zavicefta"|"1619"|"Ceftazidim/Avibactam"|"2022-11-03"|NA|"gilt als belegt"|NA|"J01DD52"
"856"|"https://www.g-ba.de/bewertungsverfahren/nutzenbewertung/820/"|"Dupixent"|"1551"|"Dupilumab"|"2022-10-06"|"Eine patientenindividuelle Therapieeskalation unter Berücksichtigung der Vortherapie unter Auswahl von:
• hochdosiertes ICS und LABA und ggf. LAMA
oder
• hochdosiertes ICS und LABA und ggf. LAMA und Omalizumab, sofern die für die Anwendung von Omalizumab notwendigen Kriterien erfüllt sind."|"ist nicht belegt"|NA|"D11AH05"
"857"|"https://www.g-ba.de/bewertungsverfahren/nutzenbewertung/773/"|"Kisplyx"|"1556"|"Lenvatinib"|"2022-07-07"|"Pembrolizumab in Kombination mit Axitinib"|"ist nicht belegt"|NA|"L01EX08"
"857"|"https://www.g-ba.de/bewertungsverfahren/nutzenbewertung/773/"|"Kisplyx"|"1557"|"Lenvatinib"|"2022-07-07"|"-	Avelumab in Kombination mit Axitinib (nur für Patientinnen und Patienten mit ungünstigem Risikoprofil)
oder
-	Nivolumab in Kombination mit Ipilimumab
oder
-	Pembrolizumab in Kombination mit Axitinib"|"ist nicht belegt"|NA|"L01EX08"
"858"|"https://www.g-ba.de/bewertungsverfahren/nutzenbewertung/776/"|"Lenvima"|"1558"|"Lenvatinib"|"2022-07-07"|"Therapie nach ärztlicher Maßgabe*

* Die Wirkstoffe Carboplatin und Paclitaxel stellen geeignete Komparatoren für die vorliegende Nutzenbewertung im Rahmen einer Therapie nach ärztlicher Maßgabe dar. Diese Arzneimittel sind jedoch in dem vorliegenden Anwendungsgebiet nicht zugelassen."|"beträchtlich"|"Hinweis"|"L01EX08"
"859"|"https://www.g-ba.de/bewertungsverfahren/nutzenbewertung/777/"|"Keytruda"|"1561"|"Pembrolizumab"|"2022-07-07"|"Therapie nach ärztlicher Maßgabe*

* Die Wirkstoffe Carboplatin und Paclitaxel stellen geeignete Komparatoren für die vorliegende Nutzenbewertung im Rahmen einer Therapie nach ärztlicher Maßgabe dar. Diese Arzneimittel sind jedoch in dem vorliegenden Anwendungsgebiet nicht zugelassen."|"beträchtlich"|"Hinweis"|"L01FF02"
"860"|"https://www.g-ba.de/bewertungsverfahren/nutzenbewertung/769/"|"Keytruda"|"1562"|"Pembrolizumab"|"2022-07-07"|"Pembrolizumab in Kombination mit Axitinib"|"ist nicht belegt"|NA|"L01FF02"
"860"|"https://www.g-ba.de/bewertungsverfahren/nutzenbewertung/769/"|"Keytruda"|"1563"|"Pembrolizumab"|"2022-07-07"|"-	Avelumab in Kombination mit Axitinib (nur für Patientinnen und Patienten mit ungünstigem Risikoprofil)
oder
-	Nivolumab in Kombination mit Ipilimumab
oder
-	Pembrolizumab in Kombination mit Axitinib"|"ist nicht belegt"|NA|"L01FF02"
"862"|"https://www.g-ba.de/bewertungsverfahren/nutzenbewertung/828/"|"Delstrigo"|"1569"|"Doravirin/Lamivudin/Tenofovirdisoproxil"|"2022-10-20"|"- eine patientenindividuelle antiretrovirale Therapie unter Auswahl der zugelassenen Wirkstoffe; unter Berücksichtigung der Vortherapie(n) und des Grundes für den Therapiewechsel, insbesondere Therapieversagen aufgrund eines virologischen Versagens und etwaig einhergehender Resistenzbildung oder aufgrund von Nebenwirkungen."|"ist nicht belegt"|NA|"J05AR24"
"863"|"https://www.g-ba.de/bewertungsverfahren/nutzenbewertung/829/"|"Pifeltro"|"1570"|"Doravirin"|"2022-10-20"|"Zweckmäßige Vergleichstherapie für Doravirin in Kombination mit anderen antiretroviralen Arzneimitteln: 
Tenofoviralafenamid plus Emtricitabin oder Abacavir plus Lamivudin oder Abacavir plus Emtricitabin jeweils in Kombination mit 
- Dolutegravir oder 
- Atazanavir/Ritonavir oder 
- Darunavir/Ritonavir oder 
- Elvitegravir/Cobicistat "|"ist nicht belegt"|NA|"J05AG06"
"863"|"https://www.g-ba.de/bewertungsverfahren/nutzenbewertung/829/"|"Pifeltro"|"1613"|"Doravirin"|"2022-10-20"|"eine patientenindividuelle antiretrovirale Therapie unter Auswahl der zugelassenen Wirkstoffe; unter Berücksichtigung der Vortherapie(n) und des Grundes für den Therapiewechsel, insbesondere Therapieversagen aufgrund eines virologischen Versagens und etwaig einhergehender Resistenzbildung oder aufgrund von Nebenwirkungen"|"ist nicht belegt"|NA|"J05AG06"
"864"|"https://www.g-ba.de/bewertungsverfahren/nutzenbewertung/830/"|"Opdivo"|"1571"|"Nivolumab"|"2022-10-20"|"- Cisplatin + Gemcitabin
oder
- Cisplatin + Methotrexat"|"ist nicht belegt"|NA|"L01FF01"
"864"|"https://www.g-ba.de/bewertungsverfahren/nutzenbewertung/830/"|"Opdivo"|"1612"|"Nivolumab"|"2022-10-20"|"Beobachtendes Abwarten"|"nicht quantifizierbar"|"Anhaltspunkt"|"L01FF01"
"865"|"https://www.g-ba.de/bewertungsverfahren/nutzenbewertung/831/"|"Opdivo"|"1572"|"Nivolumab"|"2022-10-20"|"Cisplatin in Kombination mit 5-Fluorouracil"|"beträchtlich"|"Hinweis"|"L01FF01"
"866"|"https://www.g-ba.de/bewertungsverfahren/nutzenbewertung/832/"|"Opdivo"|"1573"|"Nivolumab"|"2022-10-20"|"Cisplatin in Kombination mit 5-Fluorouracil"|"beträchtlich"|"Anhaltspunkt"|"L01FF01"
"867"|"https://www.g-ba.de/bewertungsverfahren/nutzenbewertung/835/"|"Xevudy"|"1574"|"Sotrovimab"|"2022-11-03"|"Therapie nach ärztlicher Maßgabe"|"ist nicht belegt"|NA|"J06BD05"
"867"|"https://www.g-ba.de/bewertungsverfahren/nutzenbewertung/835/"|"Xevudy"|"1626"|"Sotrovimab"|"2022-11-03"|"Therapie nach ärztlicher Maßgabe"|"beträchtlich"|"Anhaltspunkt"|"J06BD05"
"867"|"https://www.g-ba.de/bewertungsverfahren/nutzenbewertung/835/"|"Xevudy"|"1672"|"Sotrovimab"|"2022-11-03"|"Therapie nach ärztlicher Maßgabe"|"ist nicht belegt"|NA|"J06BD05"
"868"|"https://www.g-ba.de/bewertungsverfahren/nutzenbewertung/833/"|"Yescarta"|"1575"|"Axicabtagen-Ciloleucel"|"2022-11-03"|NA|"nicht quantifizierbar, weil die wissenschaftliche Datengrundlage dies nicht zulässt"|"Anhaltspunkt"|"L01XL03"
"868"|"https://www.g-ba.de/bewertungsverfahren/nutzenbewertung/833/"|"Yescarta"|"1625"|"Axicabtagen-Ciloleucel"|"2022-11-03"|NA|"nicht quantifizierbar, weil die wissenschaftliche Datengrundlage dies nicht zulässt"|"Anhaltspunkt"|"L01XL03"
"869"|"https://www.g-ba.de/bewertungsverfahren/nutzenbewertung/836/"|"Padcev"|"1576"|"Enfortumab Vedotin"|"2022-12-01"|"Chemotherapie nach ärztlicher Maßgabe*

* Die Wirkstoffe Docetaxel und Paclitaxel stellen geeignete Komparatoren für die vorliegende Nutzenbewertung im Rahmen einer Chemotherapie nach ärztlicher Maßgabe dar. Diese Arzneimittel sind jedoch in dem vorliegenden Anwendungsgebiet nicht zugelassen."|"beträchtlich"|"Anhaltspunkt"|"L01FX13"
"869"|"https://www.g-ba.de/bewertungsverfahren/nutzenbewertung/836/"|"Padcev"|"1627"|"Enfortumab Vedotin"|"2022-12-01"|"Best-Supportive-Care"|"ist nicht belegt"|NA|"L01FX13"
"870"|"https://www.g-ba.de/bewertungsverfahren/nutzenbewertung/837/"|"Imcivree"|"1577"|"Setmelanotid"|"2022-12-01"|NA|"nicht quantifizierbar, weil die wissenschaftliche Datengrundlage dies nicht zulässt"|"Anhaltspunkt"|"A08AA12"
"871"|"https://www.g-ba.de/bewertungsverfahren/nutzenbewertung/838/"|"Cabometyx "|"1578"|"Cabozantinib"|"2022-12-01"|"Patientenindividuelle Therapie unter Auswahl von
-	Sorafenib, 
-	Lenvatinib und 
-	Best-Supportive-Care
unter Berücksichtigung der Vortherapie und des Allgemeinzustandes."|"ist nicht belegt"|NA|"L01EX07"
"873"|"https://www.g-ba.de/bewertungsverfahren/nutzenbewertung/840/"|"Kymriah"|"1580"|"Tisagenlecleucel"|"2022-12-01"|NA|"nicht quantifizierbar, weil die wissenschaftliche Datengrundlage dies nicht zulässt"|"Anhaltspunkt"|"L01XL04"
"874"|"https://www.g-ba.de/bewertungsverfahren/nutzenbewertung/848/"|"Lunsumio"|"1581"|"Mosunetuzumab"|"2022-12-15"|NA|"nicht quantifizierbar, weil die wissenschaftliche Datengrundlage dies nicht zulässt"|"Anhaltspunkt"|"L01FX25"
"876"|"https://www.g-ba.de/bewertungsverfahren/nutzenbewertung/846/"|"Retsevmo"|"1583"|"Selpercatinib"|"2022-12-15"|"Pembrolizumab als Monotherapie"|"ist nicht belegt"|NA|"L01EX22"
"876"|"https://www.g-ba.de/bewertungsverfahren/nutzenbewertung/846/"|"Retsevmo"|"1679"|"Selpercatinib"|"2022-12-15"|"-	Cisplatin in Kombination mit einem Drittgenerationszytostatikum (Vinorelbin oder Gemcitabin oder Docetaxel oder Paclitaxel oder Pemetrexed (außer bei überwiegend plattenepithelialer Histologie))
oder
-	Carboplatin in Kombination mit einem Drittgenerationszytostatikum (Vinorelbin oder Gemcitabin oder Docetaxel oder Paclitaxel oder Pemetrexed (außer bei überwiegend plattenepithelialer Histologie)) vgl. Anlage VI zum Abschnitt K der Arzneimittel-Richtlinie
oder
-	Carboplatin in Kombination mit nab-Paclitaxel
oder
-	Pembrolizumab in Kombination mit Pemetrexed und platinhaltiger Chemotherapie (nur für Patienten ohne EGFR- oder ALK-positive Tumormutationen und bei nicht-plattenepithelialer Histologie)
oder
-	Pembrolizumab in Kombination mit Carboplatin und entweder Paclitaxel oder nab-Paclitaxel (nur bei plattenepithelialer Histologie)
oder
-	Monotherapie mit Gemcitabin oder Vinorelbin (nur für Patientinnen und Patienten mit ECOG-Performance-Status 2 als Alternative zur Platin-basierten Kombinationsbehandlung)"|"ist nicht belegt"|NA|"L01EX22"
"877"|"https://www.g-ba.de/bewertungsverfahren/nutzenbewertung/845/"|"Ibrance"|"1584"|"Palbociclib"|"2022-12-15"|"–	Anastrozol 
oder
–	Letrozol 
oder
–	Fulvestrant 
oder
–	ggf. Tamoxifen, wenn Aromatasehemmer nicht geeignet sind
oder
–	Ribociclib in Kombination mit einem nicht-steroidalen Aromatasehemmer (Anastrozol, Letrozol)
oder
–	Abemaciclib in Kombination mit einem nicht-steroidalen Aromatasehemmer (Anastrozol, Letrozol)
oder 
–	Ribociclib in Kombination mit Fulvestrant
oder 
–	Abemaciclib in Kombination mit Fulvestrant
oder 
–	Palbociclib in Kombination mit Fulvestrant"|"ist nicht belegt"|NA|"L01EF01"
"878"|"https://www.g-ba.de/bewertungsverfahren/nutzenbewertung/844/"|"Paxlovid"|"1585"|"Nirmatrelvir/Ritonavir"|"2022-12-15"|"Therapie nach ärztlicher Maßgabe"|"beträchtlich"|"Anhaltspunkt"|"J05AE30"
"879"|"https://www.g-ba.de/bewertungsverfahren/nutzenbewertung/843/"|"Brineura"|"1586"|"Cerliponase alfa"|"2022-12-15"|NA|"erheblich"|"Anhaltspunkt"|"A16AB17"
"880"|"https://www.g-ba.de/bewertungsverfahren/nutzenbewertung/812/"|"Aspaveli"|"1591"|"Pegcetacoplan"|"2022-09-15"|NA|"nicht quantifizierbar"|"Anhaltspunkt"|"L04AJ03"
"883"|"https://www.g-ba.de/bewertungsverfahren/nutzenbewertung/850/"|"Cosentyx"|"1593"|"Secukinumab"|"2023-01-05"|"Therapie nach ärztlicher Maßgabe"|"ist nicht belegt"|NA|"L04AC10"
"884"|"https://www.g-ba.de/bewertungsverfahren/nutzenbewertung/851/"|"Cosentyx"|"1594"|"Secukinumab"|"2023-01-05"|"Therapie nach ärztlicher Maßgabe"|"ist nicht belegt"|NA|"L04AC10"
"885"|"https://www.g-ba.de/bewertungsverfahren/nutzenbewertung/841/"|"Tecfidera"|"1595"|"Dimethylfumarat"|"2024-01-18"|"Interferon-beta 1b oder Glatirameracetat oder Teriflunomid, unter Berücksichtigung des Zulassungsstatus"|"ist nicht belegt"|NA|"L04AX07"
"886"|"https://www.g-ba.de/bewertungsverfahren/nutzenbewertung/817/"|"Ayvakyt"|"1596"|"Avapritinib"|"2022-09-15"|NA|"nicht quantifizierbar, weil die wissenschaftliche Datengrundlage dies nicht zulässt"|"Anhaltspunkt"|"L01EX18"
"887"|"https://www.g-ba.de/bewertungsverfahren/nutzenbewertung/810/"|"Jardiance"|"1597"|"Empagliflozin"|"2022-09-15"|"Eine optimierte Standardtherapie zur Behandlung der symptomatischen, chronischen Herzinsuffizienz mit erhaltener Ejektionsfraktion bzw. geringgradig eingeschränkter Ejektionsfraktion und der zugrundeliegenden Erkrankungen."|"gering"|"Anhaltspunkt"|"A10BK03"
"854"|"https://www.g-ba.de/bewertungsverfahren/nutzenbewertung/813/"|"Luxturna"|"1601"|"Voretigen Neparvovec"|"2022-09-15"|NA|"beträchtlich"|"Anhaltspunkt"|"S01XA27"
"888"|"https://www.g-ba.de/bewertungsverfahren/nutzenbewertung/816/"|"Saphnelo"|"1602"|"Anifrolumab"|"2022-10-06"|"Belimumab"|"ist nicht belegt"|NA|"L04AG11"
"890"|"https://www.g-ba.de/bewertungsverfahren/nutzenbewertung/865/"|"Keytruda"|"1628"|"Pembrolizumab"|"2023-01-19"|"Beobachtendes Abwarten"|"gering"|"Anhaltspunkt"|"L01FF02"
"891"|"https://www.g-ba.de/bewertungsverfahren/nutzenbewertung/864/"|"Enhertu"|"1629"|"Trastuzumab-Deruxtecan"|"2023-02-02"|"Trastuzumab Emtansin"|"nicht quantifizierbar"|"Hinweis"|"L01FD04"
"892"|"https://www.g-ba.de/bewertungsverfahren/nutzenbewertung/863/"|"Enhertu"|"1630"|"Trastuzumab-Deruxtecan"|"2023-02-02"|"Eine Therapie nach ärztlicher Maßgabe*

* Im Rahmen der Therapie nach ärztlicher Maßgabe werden die Behandlungsoptionen
•	Lapatinib in Kombination mit Capecitabin,
•	Trastuzumab in Kombination mit Lapatinib (nur für Patienten mit Hormonrezeptor-negativem Mammakarzinom),
•	Trastuzumab in Kombination mit Capecitabin und
•	Tucatinib in Kombination mit Trastuzumab und Capecitabin
als gleichermaßen geeignete Komparatoren erachtet.
Hinsichtlich des Zulassungsstatus ist Trastuzumab in Kombination mit Capecitabin jedoch nicht zugelassen."|"beträchtlich"|"Hinweis"|"L01FD04"
"893"|"https://www.g-ba.de/bewertungsverfahren/nutzenbewertung/862/"|"Keytruda"|"1631"|"Pembrolizumab"|"2023-01-19"|"Eine patientenindividuelle Therapie in Abhängigkeit von der Art und Anzahl der Vortherapien, des RAS- und BRAF-Mutationsstatus, der Lokalisation des Primärtumors, des Allgemeinzustandes und des Risikos der durch anti-VEGF und anti-VEGFR Substanzen induzierten Toxizität unter Auswahl von:
-	5-Fluorouracil in Kombination mit Folinsäure und Irinotecan (FOLFIRI) mit oder ohne Bevacizumab oder Aflibercept oder Ramucirumab
-	5-Fluorouracil in Kombination mit Folinsäure und Irinotecan (FOLFIRI) mit oder ohne Cetuximab oder Panitumumab (nur für Patientinnen und Patienten mit RAS Wildtyp)
-	5-Fluorouracil in Kombination Folinsäure und Oxaliplatin (FOLFOX) mit oder ohne Bevacizumab
-	Capecitabin in Kombination Oxaliplatin (CAPOX) mit oder ohne Bevacizumab
-	5-Fluorouracil in Kombination mit Folinsäure mit oder ohne Bevacizumab
-	Capecitabin mit oder ohne Bevacizumab
-	Irinotecan als Monotherapie
-	Panitumumab als Monotherapie (nur für Patientinnen und Patienten mit RAS Wildtyp)
-	Cetuximab als Monotherapie (nur für Patientinnen und Patienten mit RAS Wildtyp)
-	Trifluridin/Tipiracil
-	Irinotecan in Kombination Cetuximab (nur für Patientinnen und Patienten mit RAS Wildtyp)
-	Encorafenib in Kombination Cetuximab (nur für Patientinnen und Patienten mit BRAF-V600E Mutation)"|"ist nicht belegt"|NA|"L01FF02"
"894"|"https://www.g-ba.de/bewertungsverfahren/nutzenbewertung/861/"|"Keytruda"|"1632"|"Pembrolizumab"|"2023-01-19"|"Therapie nach ärztlicher Maßgabe*

* Die Wirkstoffe Paclitaxel sowie Carboplatin in Kombination mit Paclitaxel stellen ebenfalls geeignete Komparatoren für die vorliegende Nutzenbewertung im Rahmen einer Therapie nach ärztlicher Maßgabe dar. Diese Arzneimittel sind jedoch in dem vorliegenden Anwendungsgebiet nicht zugelassen."|"ist nicht belegt"|NA|"L01FF02"
"895"|"https://www.g-ba.de/bewertungsverfahren/nutzenbewertung/860/"|"Keytruda"|"1633"|"Pembrolizumab"|"2023-01-19"|"Therapie nach ärztlicher Maßgabe*

* Im Rahmen einer klinischen Studie werden für die Therapie nach ärztlicher Maßgabe insgesamt folgende Behandlungsoptionen als geeignete Komparatoren erachtet: Irinotecan, Docetaxel, Paclitaxel, Ramucirumab in Kombination mit Paclitaxel.
Irinotecan, Docetaxel und Paclitaxel (Monotherapie) sind jedoch nicht im Anwendungsgebiet zugelassen."|"nicht quantifizierbar"|"Anhaltspunkt"|"L01FF02"
"895"|"https://www.g-ba.de/bewertungsverfahren/nutzenbewertung/860/"|"Keytruda"|"1694"|"Pembrolizumab"|"2023-01-19"|"Trifluridin/Tipiracil"|"ist nicht belegt"|NA|"L01FF02"
"896"|"https://www.g-ba.de/bewertungsverfahren/nutzenbewertung/859/"|"Keytruda"|"1634"|"Pembrolizumab"|"2023-01-19"|"Therapie nach ärztlicher Maßgabe*

* Im Rahmen einer klinischen Studie werden neben BSC außerdem die folgenden Behandlungsoptionen als geeignete Komparatoren erachtet: 5-Fluorouracil + Folinsäure + Irinotecan (FOLFIRI), Irinotecan, nab-Paclitaxel, Nivolumab ± Ipilimumab. Die genannten Wirkstoffe sind jedoch nicht im Anwendungsgebiet zugelassen."|"ist nicht belegt"|NA|"L01FF02"
"897"|"https://www.g-ba.de/bewertungsverfahren/nutzenbewertung/858/"|"Keytruda"|"1635"|"Pembrolizumab"|"2023-01-19"|"Therapie nach ärztlicher Maßgabe*

* Im Rahmen einer klinischen Studie wird neben BSC außerdem die folgende Behandlungsoption als geeigneter Komparator erachtet: 5-Fluorouracil + Folinsäure + Oxaliplatin (FOLFOX). Die genannten Wirkstoffe sind jedoch nicht im vorliegenden Anwendungsgebiet zugelassen."|"ist nicht belegt"|NA|"L01FF02"
"898"|"https://www.g-ba.de/bewertungsverfahren/nutzenbewertung/857/"|"Keytruda"|"1636"|"Pembrolizumab"|"2023-02-02"|"Therapie nach ärztlicher Maßgabe*

* Neben diesen stellen auch die Wirkstoffkombinationen Cisplatin + Paclitaxel, Carboplatin + Paclitaxel, Carboplatin + Topotecan und Paclitaxel + Topotecan geeignete Komparator für die vorliegende Nutzenbewertung im Rahmen einer Therapie nach ärztlicher Maßgabe dar. Diese Wirkstoffkombinationen sind in dem vorliegenden Anwendungsgebiet nicht zugelassen."|"beträchtlich"|"Hinweis"|"L01FF02"
"898"|"https://www.g-ba.de/bewertungsverfahren/nutzenbewertung/857/"|"Keytruda"|"1709"|"Pembrolizumab"|"2023-02-02"|"Therapie nach ärztlicher Maßgabe*

* Für die vorliegende Nutzenbewertung stellen im Rahmen einer Therapie nach ärztlicher Maßgabe die Monotherapien mit Nab-Paclitaxel, Vinorelbin, Ifosfamid, Topotecan, Pemetrexed, Irinotecan, Pembrolizumab (für Patientinnen mit PD-L1 positivem metastasiertem Zervixkarzinom) einen geeigneten Komparator dar. Diese Arzneimittel sind jedoch in dem vorliegenden Anwendungsgebiet (als Monotherapie) nicht zugelassen."|"ist nicht belegt"|NA|"L01FF02"
"898"|"https://www.g-ba.de/bewertungsverfahren/nutzenbewertung/857/"|"Keytruda"|"1727"|"Pembrolizumab"|"2023-02-02"|"Therapie nach ärztlicher Maßgabe*

* Neben diesen stellen auch die Wirkstoffkombinationen Cisplatin + Paclitaxel, Carboplatin + Paclitaxel, Carboplatin + Topotecan und Paclitaxel + Topotecan geeignete Komparator für die vorliegende Nutzenbewertung im Rahmen einer Therapie nach ärztlicher Maßgabe dar. Diese Wirkstoffkombinationen sind in dem vorliegenden Anwendungsgebiet nicht zugelassen."|"ist nicht belegt"|NA|"L01FF02"
"899"|"https://www.g-ba.de/bewertungsverfahren/nutzenbewertung/856/"|"Keytruda"|"1637"|"Pembrolizumab"|"2023-01-19"|"Beobachtendes Abwarten"|"nicht quantifizierbar"|"Hinweis"|"L01FF02"
"899"|"https://www.g-ba.de/bewertungsverfahren/nutzenbewertung/856/"|"Keytruda"|"1696"|"Pembrolizumab"|"2023-01-19"|"Therapie nach ärztlicher Maßgabe*

* Die Behandlungsoptionen Dabrafenib in Kombination mit Trametinib (nur für Patienten mit BRAF-V600-Mutation-positivem Melanom im Tumorstadium III nach vollständiger Resektion) sowie Nivolumab stellen geeignete Komparatoren für die vorliegende Nutzenbewertung im Rahmen einer Therapie nach ärztlicher Maßgabe dar, sind jedoch in dem vorliegenden Anwendungsgebiet nicht zugelassen."|"ist nicht belegt"|NA|"L01FF02"
"900"|"https://www.g-ba.de/bewertungsverfahren/nutzenbewertung/855/"|"Keytruda"|"1638"|"Pembrolizumab"|"2023-01-19"|"Therapie nach ärztlicher Maßgabe*

* Die Arzneistoffkombinationen Vemurafenib + Cobimetinib (nur für Patienten mit BRAF-V600-Mutation); Dabrafenib + Trametinib (nur für Patienten mit BRAF-V600-Mutation); Encorafenib + Binimetinib (nur für Patienten mit BRAF-V600-Mutation) und der Wirkstoff Nivolumab stellen geeignete Komparatoren für die vorliegende Nutzenbewertung im Rahmen einer Therapie nach ärztlicher Maßgabe dar. Alle Arzneimitteltherapien, die einen geeigneten Komparator für die vorliegende Nutzenbewertung nach ärztlicher Maßgabe darstellen, sind im vorliegenden Anwendungsgebiet für Kinder und Jugendliche ab 12 Jahren nicht zugelassen."|"ist nicht belegt"|NA|"L01FF02"
"901"|"https://www.g-ba.de/bewertungsverfahren/nutzenbewertung/854/"|"Axhidrox"|"1639"|"Glycopyrronium"|"2023-01-19"|"eine Aluminiumchlorid-haltige Rezeptur (mind. 15 %) oder Leitungswasseriontophorese"|"ist nicht belegt"|NA|"D11AA01"
"902"|"https://www.g-ba.de/bewertungsverfahren/nutzenbewertung/853/"|"Uplizna"|"1640"|"Inebilizumab"|"2023-01-19"|"Therapie nach ärztlicher Maßgabe*

* Im Rahmen einer klinischen Studie sollten zur immunsuppressiven Langzeittherapie die Wirkstoffe Azathioprin, Eculizumab, Mycophenolat-Mofetil, Rituximab und Satralizumab zur Verfügung stehen. Die Wirkstoffe Azathioprin, Mycophenolat-Mofetil und Rituximab sind jedoch für die vorliegende Indikation nicht zugelassen."|"ist nicht belegt"|NA|"L04AG10"
"903"|"https://www.g-ba.de/bewertungsverfahren/nutzenbewertung/852/"|"Xerava"|"1641"|"Eravacyclin"|"2023-01-19"|NA|"gilt als belegt"|NA|"J01AA13"
"904"|"https://www.g-ba.de/bewertungsverfahren/nutzenbewertung/866/"|"Zerbaxa"|"1642"|"Ceftolozan/Tazobactam"|"2023-02-02"|NA|"gilt als belegt"|NA|"J01DI54"
"904"|"https://www.g-ba.de/bewertungsverfahren/nutzenbewertung/866/"|"Zerbaxa"|"1705"|"Ceftolozan/Tazobactam"|"2023-02-02"|NA|"gilt als belegt"|NA|"J01DI54"
"904"|"https://www.g-ba.de/bewertungsverfahren/nutzenbewertung/866/"|"Zerbaxa"|"1706"|"Ceftolozan/Tazobactam"|"2023-02-02"|NA|"gilt als belegt"|NA|"J01DI54"
"905"|"https://www.g-ba.de/bewertungsverfahren/nutzenbewertung/867/"|"Tabrecta"|"1643"|"Capmatinib"|"2023-02-02"|"-	Cisplatin in Kombination mit einem Drittgenerationszytostatikum (Vinorelbin oder Gemcitabin oder Docetaxel oder Paclitaxel oder Pemetrexed (außer bei überwiegend plattenepithelialer Histologie))
oder
-	Carboplatin in Kombination mit einem Drittgenerationszytostatikum (Vinorelbin oder Gemcitabin oder Docetaxel oder Paclitaxel oder Pemetrexed (außer bei überwiegend plattenepithelialer Histologie)) vgl. Anlage VI zum Abschnitt K der Arzneimittel-Richtlinie
oder
-	Carboplatin in Kombination mit nab-Paclitaxel
oder
-	Monotherapie mit Gemcitabin oder Vinorelbin (nur für Patientinnen und Patienten mit ECOG-Performance-Status 2 als Alternative zur Platin-basierten Kombinations-behandlung)"|"ist nicht belegt"|NA|"L01EX17"
"905"|"https://www.g-ba.de/bewertungsverfahren/nutzenbewertung/867/"|"Tabrecta"|"1707"|"Capmatinib"|"2023-02-02"|"-	Docetaxel (nur für Patientinnen und Patienten mit PD-L1 negativen Tumoren)
oder 
-	Pemetrexed (nur für Patientinnen und Patienten mit PD-L1 negativen Tumoren und außer bei überwiegend plattenepithelialer Histologie)
oder
-	Nivolumab 
oder 
-	Pembrolizumab (nur für Patientinnen und Patienten mit PD-L1 exprimierenden Tumoren, Tumor Proportion Score (TPS) ≥ 1 %)
oder 
-	Atezolizumab
oder
-	Docetaxel in Kombination mit Nintedanib (nur für Patientinnen und Patienten mit PD-L1 negativen Tumoren und Adenokarzinom-Histologie)"|"ist nicht belegt"|NA|"L01EX17"
"905"|"https://www.g-ba.de/bewertungsverfahren/nutzenbewertung/867/"|"Tabrecta"|"1708"|"Capmatinib"|"2023-02-02"|"Patientenindividuelle Therapie unter Berücksichtigung der Vortherapie und Histologie unter Auswahl von
-	Afatinib, 
-	Pemetrexed,
-	Erlotinib,
-	Docetaxel,
-	Docetaxel in Kombination mit Ramucirumab,
-	Docetaxel in Kombination mit Nintedanib und
-	Vinorelbin."|"ist nicht belegt"|NA|"L01EX17"
"906"|"https://www.g-ba.de/bewertungsverfahren/nutzenbewertung/868/"|"Upstaza"|"1644"|"Eladocagen exuparvovec"|"2023-02-02"|NA|"nicht quantifizierbar, weil die wissenschaftliche Datengrundlage dies nicht zulässt"|"Anhaltspunkt"|"A16AB26"
"907"|"https://www.g-ba.de/bewertungsverfahren/nutzenbewertung/874/"|"Rinvoq"|"1645"|"Upadacitinib"|"2023-02-16"|"Ein TNF-α-Antagonist (Adalimumab oder Infliximab oder Golimumab) oder Vedolizumab oder Ustekinumab"|"ist nicht belegt"|NA|"L04AF03"
"907"|"https://www.g-ba.de/bewertungsverfahren/nutzenbewertung/874/"|"Rinvoq"|"1711"|"Upadacitinib"|"2023-02-16"|"Ein Wechsel der Therapie auf Vedolizumab oder Tofacitinib oder Ustekinumab oder einen TNF-α-Antagonisten (Adalimumab oder Infliximab oder Golimumab), jeweils unter Berücksichtigung der Zulassung und der Vortherapie(n)"|"ist nicht belegt"|NA|"L04AF03"
"908"|"https://www.g-ba.de/bewertungsverfahren/nutzenbewertung/870/"|"Crysvita"|"1646"|"Burosumab"|"2023-02-16"|"eine Phosphatsubstitution und aktives Vitamin D (Calcitriol oder Alfacalcidol) in Kombination"|"ist nicht belegt"|NA|"M05BX05"
"909"|"https://www.g-ba.de/bewertungsverfahren/nutzenbewertung/873/"|"Lynparza"|"1647"|"Olaparib"|"2023-02-16"|"Beobachtendes Abwarten"|"gering"|"Hinweis"|"L01XK01"
"911"|"https://www.g-ba.de/bewertungsverfahren/nutzenbewertung/875/"|"Rinvoq"|"1649"|"Upadacitinib"|"2023-02-16"|"ein TNF-α-Inhibitor (Etanercept oder Adalimumab oder Golimumab oder Certolizumab pegol) oder ein IL-17-Inhibitor (Secukinumab oder Ixekizumab)"|"ist nicht belegt"|NA|"L04AF03"
"911"|"https://www.g-ba.de/bewertungsverfahren/nutzenbewertung/875/"|"Rinvoq"|"1728"|"Upadacitinib"|"2023-02-16"|"der Wechsel auf ein anderes biologisches krankheitsmodifizierendes Antirheumatikum: TNF-α-Inhibitor (Etanercept oder Adalimumab oder Golimumab oder Certolizumab pegol) oder ein IL-17-Inhibitor (Secukinumab oder Ixekizumab)"|"ist nicht belegt"|NA|"L04AF03"
"912"|"https://www.g-ba.de/bewertungsverfahren/nutzenbewertung/872/"|"Vyepti"|"1650"|"Eptinezumab"|"2023-02-16"|"Metoprolol oder Propranolol oder Flunarizin oder Topiramat oder Amitriptylin oder Clostridium botulinum Toxin Typ A oder Erenumab"|"ist nicht belegt"|NA|"N02CD05"
"912"|"https://www.g-ba.de/bewertungsverfahren/nutzenbewertung/872/"|"Vyepti"|"1712"|"Eptinezumab"|"2023-02-16"|"Erenumab oder Fremanezumab oder Galcanezumab"|"ist nicht belegt"|NA|"N02CD05"
"913"|"https://www.g-ba.de/bewertungsverfahren/nutzenbewertung/876/"|"Filsuvez"|"1651"|"Birkenrindenextrakt"|"2023-02-16"|NA|"gering"|"Anhaltspunkt"|"D03AX13"
"914"|"https://www.g-ba.de/bewertungsverfahren/nutzenbewertung/869/"|"Breyanzi"|"1652"|"Lisocabtagen maraleucel "|"2023-04-06"|"Patientenindividuelle Therapie unter Berücksichtigung der Lymphom-Subentität, der Biologie der Erkrankung, der Vortherapie, des Krankheitsverlaufs und des Allgemeinzustandes"|"ist nicht belegt"|NA|"L01XL08"
"915"|"https://www.g-ba.de/bewertungsverfahren/nutzenbewertung/877/"|"Roctavian"|"1653"|"Valoctocogen roxaparvovec"|"2023-03-16"|NA|"nicht quantifizierbar, weil die wissenschaftliche Datengrundlage dies nicht zulässt"|"Anhaltspunkt"|"B02BD15"
"916"|"https://www.g-ba.de/bewertungsverfahren/nutzenbewertung/887/"|"Kapruvia"|"1654"|"Difelikefalin"|"2023-04-06"|"Best-Supportive-Care"|"ist nicht belegt"|NA|"V03AX04"
"917"|"https://www.g-ba.de/bewertungsverfahren/nutzenbewertung/886/"|"Nexpovio"|"1655"|"Selinexor"|"2023-03-16"|"-	Bortezomib in Kombination mit pegyliertem liposomalen Doxorubicin 
oder
-	Bortezomib in Kombination mit Dexamethason
oder
-	Lenalidomid in Kombination mit Dexamethason
oder
-	Elotuzumab in Kombination mit Lenalidomid und Dexamethason
oder
-	Carfilzomib in Kombination mit Lenalidomid und Dexamethason
oder
-	Carfilzomib in Kombination mit Dexamethason
oder
-	Daratumumab in Kombination mit Lenalidomid und Dexamethason
oder
-	Daratumumab in Kombination mit Bortezomib und Dexamethason"|"ist nicht belegt"|NA|"L01XX66"
"918"|"https://www.g-ba.de/bewertungsverfahren/nutzenbewertung/885/"|"Nexpovio"|"1656"|"Selinexor"|"2023-03-16"|"Eine patientenindividuelle Therapie unter Auswahl von:
-	Bortezomib Monotherapie
-	Bortezomib + pegyliertes liposomales Doxorubicin
-	Bortezomib + Dexamethason
-	Carfilzomib + Lenalidomid und Dexamethason
-	Carfilzomib + Dexamethason
-	Daratumumab + Lenalidomid + Dexamethason
-	Daratumumab + Bortezomib + Dexamethason
-	Daratumumab + Pomalidomid + Dexamethason
-	Daratumumab Monotherapie
-	Elotuzumab + Lenalidomid + Dexamethason
-	Elotuzumab + Pomalidomid + Dexamethason
-	Isatuximab + Pomalidomid + Dexamethason
-	Ixazomib + Lenalidomid + Dexamethason
-	Lenalidomid + Dexamethason
-	Panobinostat + Bortezomib und Dexamethason
-	Pomalidomid + Bortezomib und Dexamethason
-	Pomalidomid + Dexamethason
-	Cyclophosphamid (in Kombination mit weiteren antineoplastisch wirksamen Arzneimitteln)
-	Melphalan
-	Doxorubicin
-	Carmustin (in Kombination mit anderen Zytostatika und einem Nebennierenrindenhormon, besonders Prednison)
-	Vincristin
-	Dexamethason
-	Prednisolon
-	Prednison
-	Best-Supportive-Care
unter Berücksichtigung der Vortherapien sowie Ausprägung und Dauer des Ansprechens."|"ist nicht belegt"|NA|"L01XX66"
"919"|"https://www.g-ba.de/bewertungsverfahren/nutzenbewertung/884/"|"Scemblix"|"1657"|"Asciminib"|"2023-03-16"|NA|"gering"|"Hinweis"|"L01EA06"
"920"|"https://www.g-ba.de/bewertungsverfahren/nutzenbewertung/883/"|"Pepaxti"|"1658"|"Melphalanflufenamid"|"2023-03-16"|"Eine patientenindividuelle Therapie unter Auswahl von:
-	Bortezomib Monotherapie
-	Bortezomib + pegyliertes liposomales Doxorubicin
-	Bortezomib + Dexamethason
-	Carfilzomib + Lenalidomid und Dexamethason
-	Carfilzomib + Dexamethason
-	Daratumumab + Lenalidomid + Dexamethason
-	Daratumumab + Bortezomib + Dexamethason
-	Daratumumab Monotherapie (nur für Personen mit Krankheitsprogression unter der letzten Therapie)
-	Daratumumab + Pomalidomid + Dexamethason
-	Elotuzumab + Lenalidomid + Dexamethason
-	Elotuzumab + Pomalidomid + Dexamethason (nur für Personen mit Krankheitsprogression unter der letzten Therapie)
-	Isatuximab + Pomalidomid + Dexamethason (nur für Personen mit Krankheitsprogression unter der letzten Therapie)
-	Ixazomib + Lenalidomid + Dexamethason
-	Lenalidomid + Dexamethason
-	Panobinostat + Bortezomib und Dexamethason
-	Pomalidomid + Bortezomib und Dexamethason
-	Pomalidomid + Dexamethason (nur für Personen mit Krankheitsprogression unter der letzten Therapie)
-	Cyclophosphamid (in Kombination mit weiteren antineoplastisch wirksamen Arzneimitteln)
-	Melphalan
-	Doxorubicin
-	Carmustin (in Kombination mit anderen Zytostatika und einem Nebennierenrindenhormon, besonders Prednison)
-	Vincristin
-	Dexamethason
-	Prednisolon
-	Prednison
-	Best-Supportive-Care
unter Berücksichtigung der Vortherapien sowie Ausprägung und Dauer des Ansprechens."|"ist nicht belegt"|NA|"L01AA10"
"921"|"https://www.g-ba.de/bewertungsverfahren/nutzenbewertung/882/"|"Xenpozyme"|"1659"|"Olipudase alfa"|"2023-03-16"|NA|"nicht quantifizierbar, weil die wissenschaftliche Datengrundlage dies nicht zulässt"|"Anhaltspunkt"|"A16AB25"
"921"|"https://www.g-ba.de/bewertungsverfahren/nutzenbewertung/882/"|"Xenpozyme"|"1735"|"Olipudase alfa"|"2023-03-16"|NA|"nicht quantifizierbar, weil die wissenschaftliche Datengrundlage dies nicht zulässt"|"Anhaltspunkt"|"A16AB25"
"922"|"https://www.g-ba.de/bewertungsverfahren/nutzenbewertung/881/"|"Perjeta"|"1660"|"Pertuzumab"|"2023-03-16"|"ein Therapieschema, Trastuzumab, ein Taxan (Paclitaxel oder Docetaxel) und ggf. ein Anthrazyklin (Doxorubicin oder Epirubicin) enthaltend"|"gering"|"Hinweis"|"L01FD02"
"923"|"https://www.g-ba.de/bewertungsverfahren/nutzenbewertung/880/"|"Phesgo"|"1661"|"Pertuzumab/Trastuzumab"|"2023-03-16"|"ein Therapieschema, Trastuzumab, ein Taxan (Paclitaxel oder Docetaxel) und ggf. ein Anthrazyklin (Doxorubicin oder Epirubicin) enthaltend"|"gering"|"Hinweis"|"L01FY01"
"924"|"https://www.g-ba.de/bewertungsverfahren/nutzenbewertung/879/"|"Retsevmo"|"1662"|"Selpercatinib"|"2023-03-16"|"- Vandetanib
oder
- Cabozantinib
"|"ist nicht belegt"|NA|"L01EX22"
"925"|"https://www.g-ba.de/bewertungsverfahren/nutzenbewertung/878/"|"Tecartus"|"1663"|"Brexucabtagen-Autoleucel"|"2023-03-16"|NA|"nicht quantifizierbar, weil die wissenschaftliche Datengrundlage dies nicht zulässt"|"Anhaltspunkt"|"L01XL06"
"926"|"https://www.g-ba.de/bewertungsverfahren/nutzenbewertung/895/"|"Vabysmo"|"1664"|"Faricimab"|"2023-04-06"|"Ranibizumab oder Aflibercept"|"ist nicht belegt"|NA|"S01LA09"
"927"|"https://www.g-ba.de/bewertungsverfahren/nutzenbewertung/894/"|"Zokinvy"|"1665"|"Lonafarnib"|"2023-04-06"|NA|"nicht quantifizierbar, weil die wissenschaftliche Datengrundlage dies nicht zulässt"|"Anhaltspunkt"|"A16AX20"
"928"|"https://www.g-ba.de/bewertungsverfahren/nutzenbewertung/893/"|"Orgovyx"|"1666"|"Relugolix"|"2023-04-06"|"- Radikale Prostatektomie, gegebenenfalls in Kombination mit einer Lymphadenektomie
oder
- Perkutane Strahlentherapie in Kombination mit einer konventionellen Androgendeprivation oder Bicalutamid
oder
- Perkutane Strahlentherapie in Kombination mit einer HDR-Brachytherapie (nur für Patienten der klinischen Kategorie cT3)"|"ist nicht belegt"|NA|"L02BX04"
"928"|"https://www.g-ba.de/bewertungsverfahren/nutzenbewertung/893/"|"Orgovyx"|"1736"|"Relugolix"|"2023-04-06"|"- die konventionelle Androgendeprivation 
oder
- Bicalutamid"|"ist nicht belegt"|NA|"L02BX04"
"928"|"https://www.g-ba.de/bewertungsverfahren/nutzenbewertung/893/"|"Orgovyx"|"1737"|"Relugolix"|"2023-04-06"|"Patientenindividuelle Therapie unter Auswahl von
- Salvageprostatektomie,
- perkutaner Salvagestrahlentherapie und
- perkutaner Salvagestrahlentherapie in Kombination mit einer konventionellen Androgendeprivation oder Bicalutamid;
unter Berücksichtigung der Vortherapie und des Progressionsrisikos.
"|"ist nicht belegt"|NA|"L02BX04"
"928"|"https://www.g-ba.de/bewertungsverfahren/nutzenbewertung/893/"|"Orgovyx"|"1740"|"Relugolix"|"2023-04-06"|"- die konventionelle Androgendeprivation in Kombination mit Apalutamid
oder
- die konventionelle Androgendeprivation in Kombination mit Abirateronacetat und Prednison oder Prednisolon (nur für Patienten mit neu diagnostiziertem Hochrisiko-Prostatakarzinom)
oder
- die konventionelle Androgendeprivation in Kombination mit Docetaxel mit oder ohne Prednison oder Prednisolon
oder
- die konventionelle Androgendeprivation in Kombination mit Enzalutamid"|"ist nicht belegt"|NA|"L02BX04"
"928"|"https://www.g-ba.de/bewertungsverfahren/nutzenbewertung/893/"|"Orgovyx"|"1741"|"Relugolix"|"2023-04-06"|"die konventionelle Androgendeprivation"|"ist nicht belegt"|NA|"L02BX04"
"929"|"https://www.g-ba.de/bewertungsverfahren/nutzenbewertung/892/"|"Amvuttra"|"1667"|"Vutrisiran"|"2023-04-06"|"Tafamidis (nur bei hATTR-PN Stadium 1) oder Patisiran"|"gering"|"Hinweis"|"N07XX18"
"930"|"https://www.g-ba.de/bewertungsverfahren/nutzenbewertung/891/"|"Veklury"|"1668"|"Remdesivir"|"2023-04-06"|"Therapie nach ärztlicher Maßgabe"|"ist nicht belegt"|NA|"J05AB16"
"931"|"https://www.g-ba.de/bewertungsverfahren/nutzenbewertung/890/"|"Evusheld"|"1669"|"Tixagevimab/Cilgavimab"|"2023-04-20"|"Therapie nach ärztlicher Maßgabe"|"ist nicht belegt"|NA|"J06BD03"
"931"|"https://www.g-ba.de/bewertungsverfahren/nutzenbewertung/890/"|"Evusheld"|"1738"|"Tixagevimab/Cilgavimab"|"2023-04-20"|"Therapie nach ärztlicher Maßgabe"|"gering"|"Anhaltspunkt"|"J06BD03"
"931"|"https://www.g-ba.de/bewertungsverfahren/nutzenbewertung/890/"|"Evusheld"|"1739"|"Tixagevimab/Cilgavimab"|"2023-04-20"|"Therapie nach ärztlicher Maßgabe"|"ist nicht belegt"|NA|"J06BD03"
"932"|"https://www.g-ba.de/bewertungsverfahren/nutzenbewertung/889/"|"Vabysmo"|"1670"|"Faricimab"|"2023-04-06"|"Ranibizumab oder Aflibercept"|"ist nicht belegt"|NA|"S01LA09"
"933"|"https://www.g-ba.de/bewertungsverfahren/nutzenbewertung/888/"|"Veklury"|"1671"|"Remdesivir"|"2023-04-06"|"Therapie nach ärztlicher Maßgabe"|"ist nicht belegt"|NA|"J05AB16"
"934"|"https://www.g-ba.de/bewertungsverfahren/nutzenbewertung/899/"|"Ultomiris"|"1674"|"Ravulizumab"|"2023-04-20"|"Zweckmäßige Vergleichstherapie für Ravulizumab als Zusatztherapie zu einer Standardbehandlung:
Eculizumab (für refraktäre Patientinnen und Patienten) oder Efgartigimod alfa"|"ist nicht belegt"|NA|"L04AJ02"
"935"|"https://www.g-ba.de/bewertungsverfahren/nutzenbewertung/897/"|"Genvoya"|"1675"|"Elvitegravir/Cobicistat/Emtricitabin/Tenofoviralafenamid"|"2023-04-20"|"Abacavir + Lamivudin oder Abacavir+ Emtricitabin jeweils in Kombination mit
- Dolutegravir oder
- Lopinavir/Ritonavir oder
- Raltegravir oder
- Nevirapin oder
- Atazanavir/Ritonavir oder
- Darunavir/Ritonavir"|"ist nicht belegt"|NA|"J05AR18"
"935"|"https://www.g-ba.de/bewertungsverfahren/nutzenbewertung/897/"|"Genvoya"|"1742"|"Elvitegravir/Cobicistat/Emtricitabin/Tenofoviralafenamid"|"2023-04-20"|"Eine patientenindividuelle antiretrovirale Therapie unter Auswahl der zugelassenen Wirkstoffe; unter Berücksichtigung der Vortherapie(n) und des Grundes für den Therapiewechsel, insbesondere Therapieversagen aufgrund eines virologischen Versagens und etwaig einhergehender Resistenzbildung oder aufgrund von Nebenwirkungen"|"ist nicht belegt"|NA|"J05AR18"
"936"|"https://www.g-ba.de/bewertungsverfahren/nutzenbewertung/898/"|"Lynparza"|"1676"|"Olaparib"|"2023-04-20"|"Die Fortführung der mit der Platin-basierten Erstlinien-Chemotherapie begonnenen Behandlung mit Bevacizumab."|"beträchtlich"|"Anhaltspunkt"|"L01XK01"
"937"|"https://www.g-ba.de/bewertungsverfahren/nutzenbewertung/904/"|"Tezspire"|"1686"|"Tezepelumab"|"2023-05-12"|"eine patientenindividuelle Therapieeskalation unter Berücksichtigung der Vortherapie unter Auswahl von: 
- hochdosiertes ICS und LABA und LAMA oder 
- hochdosiertes ICS und LABA und ggf. LAMA und Omalizumab, sofern die für die Anwendung von Omalizumab notwendigen Kriterien erfüllt sind oder 
- hochdosiertes ICS und LABA und ggf. LAMA und Mepolizumab oder Dupilumab, sofern die notwendigen Kriterien für die Anwendung von Omalizumab nicht erfüllt sind "|"ist nicht belegt"|NA|"R03DX11"
"937"|"https://www.g-ba.de/bewertungsverfahren/nutzenbewertung/904/"|"Tezspire"|"1758"|"Tezepelumab"|"2023-05-12"|"eine patientenindividuelle Therapieeskalation unter Berücksichtigung der Vortherapie und der Pathogenese des Asthmas unter Auswahl von: 
- hochdosiertes ICS und LABA und LAMA oder 
- hochdosiertes ICS und LABA und ggf. LAMA und Omalizumab, sofern die für die Anwendung von Omalizumab notwendigen Kriterien erfüllt sind oder 
- hochdosiertes ICS und LABA und ggf. LAMA und Mepolizumab oder Reslizumab oder Benralizumab oder Dupilumab, sofern die für die Anwendung der jeweiligen Antikörper notwendigen Kriterien erfüllt sind"|"ist nicht belegt"|NA|"R03DX11"
"938"|"https://www.g-ba.de/bewertungsverfahren/nutzenbewertung/903/"|"Adtralza"|"1687"|"Tralokinumab"|"2023-05-12"|"Dupilumab (ggf. in Kombination mit topischen Glukokortikoiden (TCS) und/oder topischen Calcineurininhibitoren (TCI))"|"ist nicht belegt"|NA|"D11AH07"
"940"|"https://www.g-ba.de/bewertungsverfahren/nutzenbewertung/901/"|"Yescarta"|"1885"|"Axicabtagen-Ciloleucel"|"2023-12-21"|"Therapie nach ärztlicher Maßgabe unter Berücksichtigung von
•	Polatuzumab in Kombination mit Bendamustin und Rituximab
und
•	Tafasitamab in Kombination mit Lenalidomid"|"ist nicht belegt"|NA|"L01XL03"
"942"|"https://www.g-ba.de/bewertungsverfahren/nutzenbewertung/905/"|"Ryaltris"|"1691"|"Olopatadin/Mometason"|"2023-06-01"|"intranasales Glukokortikoid (INCS) in Kombination mit intranasalem Antihistaminikum (INAH)"|"ist nicht belegt"|NA|"R01AD59"
"943"|"https://www.g-ba.de/bewertungsverfahren/nutzenbewertung/906/"|"Livtencity"|"1692"|"Maribavir"|"2023-06-01"|NA|"gering"|"Anhaltspunkt"|"J05AX10"
"944"|"https://www.g-ba.de/bewertungsverfahren/nutzenbewertung/907/"|"Roclanda"|"1722"|"Latanoprost/Netarsudil"|"2023-06-15"|"Kombinationstherapie aus Betablocker + Prostaglandinanalogon bzw. Prostamid als freie oder fixe Kombination"|"ist nicht belegt"|NA|"S01EE51"
"945"|"https://www.g-ba.de/bewertungsverfahren/nutzenbewertung/908/"|"Brukinsa"|"1723"|"Zanubrutinib"|"2023-06-15"|"-	Ibrutinib
oder
-	Ibrutinib in Kombination mit Rituximab oder Obinutuzumab
oder
-	Fludarabin in Kombination mit Cyclophosphamid und Rituximab [FCR] (nur für Patientinnen und Patienten ohne Vorliegen genetischer Risikofaktoren und < 65 Jahren, die anhand ihres Allgemeinzustandes und ihrer Komorbiditäten für eine Therapie mit FCR geeignet sind) 
oder
-	Bendamustin in Kombination mit Rituximab (nur für Patientinnen und Patienten ohne Vorliegen genetischer Risikofaktoren und die entsprechend der obigen Kriterien nicht für eine Therapie mit FCR geeignet sind)
oder
-	Chlorambucil in Kombination mit Rituximab oder Obinutuzumab (nur für Patientinnen und Patienten ohne Vorliegen genetischer Risikofaktoren und die entsprechend der obigen Kriterien nicht für eine Therapie mit FCR geeignet sind)
"|"gering"|"Anhaltspunkt"|"L01EL03"
"945"|"https://www.g-ba.de/bewertungsverfahren/nutzenbewertung/908/"|"Brukinsa"|"1804"|"Zanubrutinib"|"2023-06-15"|"-	Ibrutinib
oder
-	Ibrutinib in Kombination mit Rituximab oder Obinutuzumab
oder
-	Fludarabin in Kombination mit Cyclophosphamid und Rituximab [FCR] (nur für Patientinnen und Patienten ohne Vorliegen genetischer Risikofaktoren und < 65 Jahren, die anhand ihres Allgemeinzustandes und ihrer Komorbiditäten für eine Therapie mit FCR geeignet sind) 
oder
-	Bendamustin in Kombination mit Rituximab (nur für Patientinnen und Patienten ohne Vorliegen genetischer Risikofaktoren und die entsprechend der obigen Kriterien nicht für eine Therapie mit FCR geeignet sind)
oder
-	Chlorambucil in Kombination mit Rituximab oder Obinutuzumab (nur für Patientinnen und Patienten ohne Vorliegen genetischer Risikofaktoren und die entsprechend der obigen Kriterien nicht für eine Therapie mit FCR geeignet sind)
"|"ist nicht belegt"|NA|"L01EL03"
"946"|"https://www.g-ba.de/bewertungsverfahren/nutzenbewertung/909/"|"Brukinsa"|"1724"|"Zanubrutinib"|"2023-06-15"|"- Bendamustin
- CHOP (Cyclophosphamid + Doxorubicin + Vincristin + Prednison)
- CVP (Cyclophosphamid + Vincristin + Prednison)
- FCM (Fludarabin + Cyclophosphamid + Mitoxantron) + Rituximab (bei Personen mit Resistenz auf CHOP)
- Chlorambucil
- Cyclophosphamid"|"ist nicht belegt"|NA|"L01EL03"
"947"|"https://www.g-ba.de/bewertungsverfahren/nutzenbewertung/910/"|"Brukinsa"|"1725"|"Zanubrutinib"|"2023-06-15"|"- Ibrutinib 
oder
- Venetoclax + Rituximab 
oder
- eine Chemoimmuntherapie mit FCR oder BR oder ClbR (jeweils nur bei langem rezidivfreien Intervall und fehlenden genetischen Risikofaktoren)"|"gering"|"Hinweis"|"L01EL03"
"947"|"https://www.g-ba.de/bewertungsverfahren/nutzenbewertung/910/"|"Brukinsa"|"1765"|"Zanubrutinib"|"2023-06-15"|"Venetoclax + Rituximab"|"ist nicht belegt"|NA|"L01EL03"
"947"|"https://www.g-ba.de/bewertungsverfahren/nutzenbewertung/910/"|"Brukinsa"|"1766"|"Zanubrutinib"|"2023-06-15"|"Ibrutinib"|"ist nicht belegt"|NA|"L01EL03"
"947"|"https://www.g-ba.de/bewertungsverfahren/nutzenbewertung/910/"|"Brukinsa"|"1767"|"Zanubrutinib"|"2023-06-15"|"Patientenindividuelle Therapie unter Auswahl von
•	Idelalisib in Kombination mit Rituximab, 
•	Bendamustin in Kombination mit Rituximab, 
•	Chlorambucil in Kombination mit Rituximab und
•	Best-Supportive-Care"|"ist nicht belegt"|NA|"L01EL03"
"948"|"https://www.g-ba.de/bewertungsverfahren/nutzenbewertung/914/"|"Skyrizi"|"1726"|"Risankizumab"|"2023-06-15"|"Ein TNF-α-Antagonist (Adalimumab oder Infliximab) oder Integrin-Inhibitor (Vedolizumab) oder Interleukin-Inhibitor (Ustekinumab)"|"ist nicht belegt"|NA|"L04AC18"
"948"|"https://www.g-ba.de/bewertungsverfahren/nutzenbewertung/914/"|"Skyrizi"|"1774"|"Risankizumab"|"2023-06-15"|"Ein Wechsel der Therapie auf einen TNF-α-Antagonisten (Adalimumab oder Infliximab) oder Integrin-Inhibitoren (Vedolizumab) oder Interleukin-Inhibitoren (Ustekinumab)"|"gering"|"Anhaltspunkt"|"L04AC18"
"949"|"https://www.g-ba.de/bewertungsverfahren/nutzenbewertung/913/"|"Biktarvy"|"1729"|"Bictegravir/Emtricitabin/Tenofoviralafenamid"|"2023-06-15"|"Abacavir + Lamivudin oder Abacavir+ Emtricitabin jeweils in Kombination mit
-	Dolutegravir oder
-	Lopinavir/Ritonavir oder
-	Raltegravir oder
-	Nevirapin oder
-	Atazanavir + Ritonavir oder
-	Darunavir + Ritonavir"|"ist nicht belegt"|NA|"J05AR20"
"949"|"https://www.g-ba.de/bewertungsverfahren/nutzenbewertung/913/"|"Biktarvy"|"1771"|"Bictegravir/Emtricitabin/Tenofoviralafenamid"|"2023-06-15"|"Abacavir + Lamivudin oder Abacavir+ Emtricitabin jeweils in Kombination mit
-	Dolutegravir oder
-	Atazanavir + Ritonavir oder
-	Darunavir + Ritonavir"|"ist nicht belegt"|NA|"J05AR20"
"949"|"https://www.g-ba.de/bewertungsverfahren/nutzenbewertung/913/"|"Biktarvy"|"1772"|"Bictegravir/Emtricitabin/Tenofoviralafenamid"|"2023-06-15"|"Tenofoviralafenamid + Emtricitabin oder Abacavir + Lamivudin oder Abacavir+ Emtricitabin jeweils in Kombination mit
-	Dolutegravir oder
-	Atazanavir + Ritonavir oder
-	Darunavir + Ritonavir oder
-	Elvitegravir/Cobicistat"|"ist nicht belegt"|NA|"J05AR20"
"949"|"https://www.g-ba.de/bewertungsverfahren/nutzenbewertung/913/"|"Biktarvy"|"1773"|"Bictegravir/Emtricitabin/Tenofoviralafenamid"|"2023-06-15"|"Eine patientenindividuelle antiretrovirale Therapie unter Auswahl der zugelassenen Wirkstoffe; unter Berücksichtigung der Vortherapie(n) und des Grundes für den Therapiewechsel, insbesondere Therapieversagen aufgrund eines virologischen Versagens und etwaig einhergehender Resistenzbildung oder aufgrund von Nebenwirkungen."|"ist nicht belegt"|NA|"J05AR20"
"950"|"https://www.g-ba.de/bewertungsverfahren/nutzenbewertung/912/"|"Enjaymo"|"1730"|"Sutimlimab"|"2023-06-15"|NA|"gering"|"Anhaltspunkt"|"L04AJ04"
"951"|"https://www.g-ba.de/bewertungsverfahren/nutzenbewertung/911/"|"Verzenios"|"1731"|"Abemaciclib"|"2023-06-15"|"•	Anastrozol 
oder
•	Letrozol 
oder
•	Fulvestrant 
oder
•	ggf. Tamoxifen, wenn Aromatasehemmer nicht geeignet sind 
oder
•	Exemestan (nur für Patientinnen mit Progress nach einer Antiöstrogen-Behandlung)
oder
•	Ribociclib in Kombination mit einem nicht-steroidalen Aromatasehemmer (Anastrozol, Letrozol) 
oder
•	Palbociclib in Kombination mit einem nicht steroidalen-Aromatasehemmer (Anastrozol, Letrozol) 
oder
•	Ribociclib in Kombination mit Fulvestrant 
oder
•	Abemaciclib in Kombination mit Fulvestrant 
oder
•	Palbociclib in Kombination mit Fulvestrant
"|"gering"|"Anhaltspunkt"|"L01EF03"
"952"|"https://www.g-ba.de/bewertungsverfahren/nutzenbewertung/915/"|"Pluvicto"|"1732"|"(177Lu)Lutetiumvipivotidtetraxetan"|"2023-07-06"|"Patientenindividuelle Therapie unter Berücksichtigung der Vortherapie; unter Auswahl von 
-	Abirateron in Kombination mit Prednison oder Prednisolon, 
-	Enzalutamid,
-	Cabazitaxel, 
-	Olaparib (nur für Patienten mit einer BRCA 1/2 Mutation),
-	Best-Supportive-Care"|"beträchtlich"|"Hinweis"|"V10XX05"
"952"|"https://www.g-ba.de/bewertungsverfahren/nutzenbewertung/915/"|"Pluvicto"|"1816"|"(177Lu)Lutetiumvipivotidtetraxetan"|"2023-07-06"|"Patientenindividuelle Therapie unter Berücksichtigung der Vortherapie; unter Auswahl von 
-	Abirateron in Kombination mit Prednison oder Prednisolon, 
-	Enzalutamid,
-	Cabazitaxel, 
-	Olaparib (nur für Patienten mit einer BRCA 1/2 Mutation),
-	Best-Supportive-Care"|"ist nicht belegt"|NA|"V10XX05"
"953"|"https://www.g-ba.de/bewertungsverfahren/nutzenbewertung/917/"|"Lynparza"|"1733"|"Olaparib"|"2023-07-06"|"–	Abirateronacetat in Kombination mit Prednison oder Prednisolon (nur für Patienten, deren Erkrankung während oder nach einer Docetaxel-haltigen Chemotherapie progredient ist; nur für Patienten mit asymptomatischem oder mild symptomatischem Verlauf der Erkrankung nach Versagen der Androgenentzugstherapie, bei denen eine Chemotherapie noch nicht klinisch indiziert ist)
oder
–	Enzalutamid (nur für Patienten, deren Erkrankung während oder nach einer Chemotherapie mit Docetaxel fortschreitet; nur für Patienten mit asymptomatischem oder mild symptomatischem Verlauf der Erkrankung nach Versagen der Androgenentzugstherapie, bei denen eine Chemotherapie noch nicht klinisch indiziert ist)
oder
–	Olaparib als Monotherapie (nur für Patienten mit BRCA1/2-Mutationen (in der Keimbahn und/oder somatisch), deren Erkrankung nach vorheriger Behandlung, die eine neue hormonelle Substanz (new hormonal agent) umfasste, progredient ist)
oder
‒	Best-Supportive-Care (nur für Patienten mit reduziertem Allgemeinzustand (ECOG Performance Status ≥ 2))"|"beträchtlich"|"Anhaltspunkt"|"L01XK01"
"953"|"https://www.g-ba.de/bewertungsverfahren/nutzenbewertung/917/"|"Lynparza"|"1802"|"Olaparib"|"2023-07-06"|"Patientenindividuelle Therapie unter Auswahl von
­	Abirateronacetat in Kombination mit Prednison oder Prednisolon (nur für Patienten, deren Erkrankung während oder nach einer Docetaxel-haltigen Chemotherapie progredient ist),
­	Enzalutamid (nur für Patienten, deren Erkrankung während oder nach einer Chemotherapie mit Docetaxel fortschreitet) und
­	Olaparib als Monotherapie (nur für Patienten, deren Erkrankung nach vorheriger Behandlung, die eine neue hormonelle Substanz (new hormonal agent) umfasste, progredient ist)
unter Berücksichtigung der Vortherapie(n) und des BRCA1/2-Mutationsstatus."|"ist nicht belegt"|NA|"L01XK01"
"953"|"https://www.g-ba.de/bewertungsverfahren/nutzenbewertung/917/"|"Lynparza"|"1815"|"Olaparib"|"2023-07-06"|"–	Abirateronacetat in Kombination mit Prednison oder Prednisolon (nur für Patienten, deren Erkrankung während oder nach einer Docetaxel-haltigen Chemotherapie progredient ist; nur für Patienten mit asymptomatischem oder mild symptomatischem Verlauf der Erkrankung nach Versagen der Androgenentzugstherapie, bei denen eine Chemotherapie noch nicht klinisch indiziert ist)
oder
–	Enzalutamid (nur für Patienten, deren Erkrankung während oder nach einer Chemotherapie mit Docetaxel fortschreitet; nur für Patienten mit asymptomatischem oder mild symptomatischem Verlauf der Erkrankung nach Versagen der Androgenentzugstherapie, bei denen eine Chemotherapie noch nicht klinisch indiziert ist)
oder
–	Olaparib als Monotherapie (nur für Patienten mit BRCA1/2-Mutationen (in der Keimbahn und/oder somatisch), deren Erkrankung nach vorheriger Behandlung, die eine neue hormonelle Substanz (new hormonal agent) umfasste, progredient ist)
oder
‒	Best-Supportive-Care (nur für Patienten mit reduziertem Allgemeinzustand (ECOG Performance Status ≥ 2))"|"ist nicht belegt"|NA|"L01XK01"
"954"|"https://www.g-ba.de/bewertungsverfahren/nutzenbewertung/916/"|"Livmarli"|"1734"|"Maralixibat"|"2023-07-06"|NA|"nicht quantifizierbar, weil die wissenschaftliche Datengrundlage dies nicht zulässt"|"Anhaltspunkt"|"A05AX04"
"955"|"https://www.g-ba.de/bewertungsverfahren/nutzenbewertung/921/"|"Enhertu"|"1744"|"Trastuzumab-Deruxtecan"|"2023-07-20"|"- Docetaxel vgl. Anlage VI zum Abschnitt K der Arzneimittel-Richtlinie
oder
- Irinotecan vgl. Anlage VI zum Abschnitt K der Arzneimittel-Richtlinie
oder
- Paclitaxel vgl. Anlage VI zum Abschnitt K der Arzneimittel-Richtlinie
oder
- Ramucirumab in Kombination mit Paclitaxel"|"ist nicht belegt"|NA|"L01FD04"
"955"|"https://www.g-ba.de/bewertungsverfahren/nutzenbewertung/921/"|"Enhertu"|"1745"|"Trastuzumab-Deruxtecan"|"2023-07-20"|"Trifluridin/Tipiracil"|"ist nicht belegt"|NA|"L01FD04"
"956"|"https://www.g-ba.de/bewertungsverfahren/nutzenbewertung/920/"|"Spevigo"|"1746"|"Spesolimab"|"2023-07-20"|"Therapie nach ärztlicher Maßgabe unter Berücksichtigung von systemischen Glukokortikoiden und Best-Supportive-Care"|"ist nicht belegt"|NA|"L04AC22"
"957"|"https://www.g-ba.de/bewertungsverfahren/nutzenbewertung/922/"|"Enhertu"|"1747"|"Trastuzumab-Deruxtecan"|"2023-07-20"|"- Capecitabin
oder
- Eribulin
oder
- Vinorelbin
oder
- eine Anthrazyklin- oder Taxan-haltige Therapie (nur für Patientinnen und Patienten, die noch keine Anthrazyklin- und/oder Taxan-haltige Therapie erhalten haben oder die für eine erneute Anthrazyklin- oder Taxan-haltige Behandlung infrage kommen.)"|"beträchtlich"|"Hinweis"|"L01FD04"
"959"|"https://www.g-ba.de/bewertungsverfahren/nutzenbewertung/918/"|"Lumykras"|"1748"|"Sotorasib"|"2023-08-03"|"- Docetaxel (nur für Patientinnen und Patienten mit PD-L1 negativen Tumoren)
oder
- Pemetrexed (nur für Patientinnen und Patienten mit PD-L1 negativen Tumoren und außer bei überwiegend plattenepithelialer Histologie)
oder
- Nivolumab
oder
- Pembrolizumab (nur für Patientinnen und Patienten mit PD-L1 exprimierenden Tumoren (PD-L1-Expression ≥ 1 % der Tumorzellen))
oder
- Atezolizumab
oder
- Docetaxel in Kombination mit Nintedanib (nur für Patientinnen und Patienten mit PD-L1 negativen Tumoren und Adenokarzinom-Histologie)"|"ist nicht belegt"|NA|"L01XX73"
"959"|"https://www.g-ba.de/bewertungsverfahren/nutzenbewertung/918/"|"Lumykras"|"1799"|"Sotorasib"|"2023-08-03"|"Patientenindividuelle Therapie unter Berücksichtigung der Vortherapie und Histologie unter Auswahl von Afatinib, Pemetrexed, Erlotinib, Docetaxel, Docetaxel in Kombination mit Ramucirumab, Docetaxel in Kombination mit Nintedanib und Vinorelbin."|"nicht quantifizierbar"|"Anhaltspunkt"|"L01XX73"
"959"|"https://www.g-ba.de/bewertungsverfahren/nutzenbewertung/918/"|"Lumykras"|"1832"|"Sotorasib"|"2023-08-03"|"Patientenindividuelle Therapie unter Berücksichtigung der Vortherapie und Histologie unter Auswahl von Afatinib, Pemetrexed, Erlotinib, Docetaxel, Docetaxel in Kombination mit Ramucirumab, Docetaxel in Kombination mit Nintedanib und Vinorelbin."|"ist nicht belegt"|NA|"L01XX73"
"958"|"https://www.g-ba.de/bewertungsverfahren/nutzenbewertung/919/"|"Imbruvica"|"1749"|"Ibrutinib"|"2023-07-20"|"- Ibrutinib
oder
- Ibrutinib in Kombination mit Rituximab oder Obinutuzumab
oder
- Fludarabin in Kombination mit Cyclophosphamid und Rituximab [FCR] (nur für Patientinnen und Patienten ohne Vorliegen genetischer Risikofaktoren und < 65 Jahren, die anhand ihres Allgemeinzustandes und ihrer Komorbiditäten für eine Therapie mit FCR geeignet sind) 
oder
- Bendamustin in Kombination mit Rituximab (nur für Patientinnen und Patienten ohne Vorliegen genetischer Risikofaktoren und die entsprechend der obigen Kriterien nicht für eine Therapie mit FCR geeignet sind)
oder
- Chlorambucil in Kombination mit Rituximab oder Obinutuzumab (nur für Patientinnen und Patienten ohne Vorliegen genetischer Risikofaktoren und die entsprechend der obigen Kriterien nicht für eine Therapie mit FCR geeignet sind)"|"ist nicht belegt"|NA|"L01EL01"
"958"|"https://www.g-ba.de/bewertungsverfahren/nutzenbewertung/919/"|"Imbruvica"|"1803"|"Ibrutinib"|"2023-07-20"|"- Ibrutinib
oder
- Ibrutinib in Kombination mit Rituximab oder Obinutuzumab
oder
- Fludarabin in Kombination mit Cyclophosphamid und Rituximab [FCR] (nur für Patientinnen und Patienten ohne Vorliegen genetischer Risikofaktoren und < 65 Jahren, die anhand ihres Allgemeinzustandes und ihrer Komorbiditäten für eine Therapie mit FCR geeignet sind) 
oder
- Bendamustin in Kombination mit Rituximab (nur für Patientinnen und Patienten ohne Vorliegen genetischer Risikofaktoren und die entsprechend der obigen Kriterien nicht für eine Therapie mit FCR geeignet sind)
oder
- Chlorambucil in Kombination mit Rituximab oder Obinutuzumab (nur für Patientinnen und Patienten ohne Vorliegen genetischer Risikofaktoren und die entsprechend der obigen Kriterien nicht für eine Therapie mit FCR geeignet sind)"|"ist nicht belegt"|NA|"L01EL01"
"961"|"https://www.g-ba.de/bewertungsverfahren/nutzenbewertung/923/"|"Fintepla"|"1750"|"Fenfluramin"|"2023-08-03"|NA|"beträchtlich"|"Anhaltspunkt"|"N03AX26"
"963"|"https://www.g-ba.de/bewertungsverfahren/nutzenbewertung/930/"|"Forxiga"|"1752"|"Dapagliflozin"|"2023-08-17"|"Eine optimierte Standardtherapie zur Behandlung der symptomatischen, chronischen Herzinsuffizienz mit erhaltener Ejektionsfraktion bzw. geringgradig eingeschränkter Ejektionsfraktion und der zugrundeliegenden Erkrankungen, wie z.B. Hypertonie, Herzrhythmusstörungen, Koronare Herzkrankheit, Diabetes mellitus, chronische Nierenerkrankung, Dyslipoproteinämien sowie der Begleitsymptome"|"gering"|"Anhaltspunkt"|"A10BK01"
"964"|"https://www.g-ba.de/bewertungsverfahren/nutzenbewertung/929/"|"Triumeq"|"1753"|"Dolutegravir/Abacavir/Lamivudin"|"2023-08-17"|"Abacavir + Lamivudin oder Abacavir+ Emtricitabin jeweils in Kombination mit

-	Lopinavir/Ritonavir oder
-	Raltegravir oder
-	Nevirapin oder
-	Atazanavir + Ritonavir oder
-	Darunavir + Ritonavir

oder Dolutegravir + Abacavir + Emtricitabin"|"ist nicht belegt"|NA|"J05AR13"
"964"|"https://www.g-ba.de/bewertungsverfahren/nutzenbewertung/929/"|"Triumeq"|"1829"|"Dolutegravir/Abacavir/Lamivudin"|"2023-08-17"|"Abacavir + Lamivudin oder Abacavir+ Emtricitabin jeweils in Kombination mit

-	Atazanavir + Ritonavir oder
-	Darunavir + Ritonavir

oder Dolutegravir + Abacavir + Emtricitabin"|"ist nicht belegt"|NA|"J05AR13"
"964"|"https://www.g-ba.de/bewertungsverfahren/nutzenbewertung/929/"|"Triumeq"|"1830"|"Dolutegravir/Abacavir/Lamivudin"|"2023-08-17"|"Eine patientenindividuelle antiretrovirale Therapie unter Auswahl der zugelassenen Wirkstoffe; unter Berücksichtigung der Vortherapie(n) und des Grundes für den Therapiewechsel, insbesondere Therapieversagen aufgrund eines virologischen Versagens und etwaig einhergehender Resistenzbildung oder aufgrund von Nebenwirkungen."|"ist nicht belegt"|NA|"J05AR13"
"965"|"https://www.g-ba.de/bewertungsverfahren/nutzenbewertung/928/"|"Kerendia"|"1754"|"Finerenon"|"2023-08-17"|"Eine optimierte Standardtherapie zur Behandlung der chronischen Nierenerkrankung und des Diabetes mellitus Typ 2 unter Berücksichtigung der Grunderkrankung(en) und häufiger Komorbiditäten (wie Dyslipoproteinämie, Hypertonie, Anämie, Herzinsuffizienz)."|"ist nicht belegt"|NA|"C03DA05"
"966"|"https://www.g-ba.de/bewertungsverfahren/nutzenbewertung/927/"|"Kerendia"|"1755"|"Finerenon"|"2023-08-17"|"Eine optimierte Standardtherapie zur Behandlung der chronischen Nierenerkrankung und des Diabetes mellitus Typ 2 unter Berücksichtigung der Grunderkrankung(en) und häufiger Komorbiditäten (wie Dyslipoproteinämie, Hypertonie, Anämie, Herzinsuffizienz)."|"nicht quantifizierbar"|"Anhaltspunkt"|"C03DA05"
"967"|"https://www.g-ba.de/bewertungsverfahren/nutzenbewertung/926/"|"Hemlibra"|"1756"|"Emicizumab"|"2023-08-17"|"Plasmatische oder rekombinante Blutgerinnungsfaktor-VIII-Präparate, eingesetzt als Routineprophylaxe"|"ist nicht belegt"|NA|"B02BX06"
"968"|"https://www.g-ba.de/bewertungsverfahren/nutzenbewertung/925/"|"Lupkynis"|"1757"|"Voclosporin"|"2023-08-17"|"Patientenindividuelle Therapie unter Berücksichtigung ggf. der Vortherapie und der Krankheitsaktivität unter Auswahl der folgenden Wirkstoffe:"|"ist nicht belegt"|NA|"L04AD03"
"970"|"https://www.g-ba.de/bewertungsverfahren/nutzenbewertung/948/"|"Sotyktu"|"1845"|"Deucravacitinib"|"2023-10-05"|"Adalimumab oder Bimekizumab oder Guselkumab oder Ixekizumab oder Secukinumab"|"ist nicht belegt"|NA|"L04AF07"
"970"|"https://www.g-ba.de/bewertungsverfahren/nutzenbewertung/948/"|"Sotyktu"|"1846"|"Deucravacitinib"|"2023-10-05"|"Adalimumab oder Bimekizumab oder Brodalumab oder Guselkumab oder Infliximab oder Ixekizumab oder Risankizumab oder Secukinumab oder Ustekinumab"|"ist nicht belegt"|NA|"L04AF07"
"971"|"https://www.g-ba.de/bewertungsverfahren/nutzenbewertung/940/"|"Reblozyl"|"1791"|"Luspatercept"|"2023-09-21"|"Eine bedarfsgerechte Transfusionstherapie mit Erythrozytenkonzentraten in Kombination mit einer Chelattherapie gemäß der Zulassung, vorzugsweise als Monotherapie"|"gering"|"Hinweis"|"B03XA06"
"972"|"https://www.g-ba.de/bewertungsverfahren/nutzenbewertung/949/"|"Rayvow"|"1831"|"Lasmiditan"|"2023-10-05"|"Eine patientenindividuelle Therapie unter Berücksichtigung der Vorbehandlung, der Schwere des Anfalls sowie bestehender Begleiterkrankungen unter Auswahl selektiver Serotonin-5HT1-Rezeptoragonisten (Almotriptan, Eletriptan, Frovatriptan, Naratriptan, Rizatriptan, Sumatriptan, Zolmitriptan) und nicht-steroidaler Antirheumatika (Acetylsalicylsäure, Diclofenac, Ibuprofen)"|"ist nicht belegt"|NA|"N02CC08"
"960"|"https://www.g-ba.de/bewertungsverfahren/nutzenbewertung/931/"|"Spravato"|"1833"|"Esketamin"|"2023-09-21"|"- Augmentation mit Lithium* bzw. Quetiapin retard* oder Kombination zweier Antidepressiva

* Als Add-On zu der zuletzt gegebenen antidepressiven Monotherapie."|"beträchtlich"|"Anhaltspunkt"|"N06AX27"
"974"|"https://www.g-ba.de/bewertungsverfahren/nutzenbewertung/936/"|"Lynparza"|"1792"|"Olaparib"|"2023-09-21"|"Niraparib"|"ist nicht belegt"|NA|"L01XK01"
"975"|"https://www.g-ba.de/bewertungsverfahren/nutzenbewertung/934/"|"Nubeqa"|"1793"|"Darolutamid"|"2023-09-21"|"- die konventionelle Androgendeprivation in Kombination mit Apalutamid
oder
- die konventionelle Androgendeprivation in Kombination mit Enzalutamid
oder
- die konventionelle Androgendeprivation in Kombination mit Abirateronacetat und Prednison oder Prednisolon (nur für Patienten mit neu diagnostiziertem Hochrisiko-Prostatakarzinom)
oder
- die konventionelle Androgendeprivation in Kombination mit Docetaxel mit oder ohne Prednison oder Prednisolon"|"beträchtlich"|"Hinweis"|"L02BB06"
"977"|"https://www.g-ba.de/bewertungsverfahren/nutzenbewertung/954/"|"Rinvoq"|"1805"|"Upadacitinib"|"2023-10-19"|"Ein TNF-α-Antagonist* (Adalimumab oder Infliximab) oder Integrin-Inhibitor (Vedolizumab) oder Interleukin-Inhibitor (Ustekinumab)

* Die Anwendungsgebiete der TNF-α-Inhibitoren setzen voraus, dass die Patienten auf eine vollständige und adäquate Therapie mit einem Kortikosteroid und/oder einem Immunsuppressivum (konventionelle Therapie) nicht ausreichend angesprochen oder eine Unverträglichkeit oder eine Kontraindikation für solche Therapien haben (Fachinformation Humira® Stand Januar 2017)."|"ist nicht belegt"|NA|"L04AF03"
"977"|"https://www.g-ba.de/bewertungsverfahren/nutzenbewertung/954/"|"Rinvoq"|"1806"|"Upadacitinib"|"2023-10-19"|"Ein Wechsel der Therapie auf einen TNF-α-Antagonisten* (Adalimumab oder Infliximab) oder Integrin-Inhibitoren (Vedolizumab) oder Interleukin-Inhibitoren (Ustekinumab)

* Die Anwendungsgebiete der TNF-α-Inhibitoren setzen voraus, dass die Patienten auf eine vollständige und adäquate Therapie mit einem Kortikosteroid und/oder einem Immunsuppressivum (konventionelle Therapie) nicht ausreichend angesprochen oder eine Unverträglichkeit oder eine Kontraindikation für solche Therapien haben (Fachinformation Humira® Stand Januar 2017)."|"ist nicht belegt"|NA|"L04AF03"
"978"|"https://www.g-ba.de/bewertungsverfahren/nutzenbewertung/932/"|"Dupixent"|"1795"|"Dupilumab"|"2023-09-21"|"Ein patientenindividuell optimiertes Therapieregime in Abhängigkeit der Ausprägung der Erkrankung und unter Berücksichtigung der Vortherapie, unter Auswahl folgender Therapien:

–	topische Glukokortikoide der Klassen 1 bis 3
–	Tacrolimus (topisch)"|"nicht quantifizierbar"|"Anhaltspunkt"|"D11AH05"
"978"|"https://www.g-ba.de/bewertungsverfahren/nutzenbewertung/932/"|"Dupixent"|"1838"|"Dupilumab"|"2023-09-21"|"Ein patientenindividuell optimiertes Therapieregime in Abhängigkeit der Ausprägung der Erkrankung und unter Berücksichtigung der Vortherapie, unter Auswahl folgender Therapien:

–	topische Glukokortikoide der Klassen 1 bis 3
–	Tacrolimus (topisch)"|"ist nicht belegt"|NA|"D11AH05"
"979"|"https://www.g-ba.de/bewertungsverfahren/nutzenbewertung/943/"|"Imjudo"|"1796"|"Tremelimumab"|"2023-10-05"|"Atezolizumab in Kombination mit Bevacizumab"|"ist nicht belegt"|NA|"L01FX20"
"979"|"https://www.g-ba.de/bewertungsverfahren/nutzenbewertung/943/"|"Imjudo"|"1844"|"Tremelimumab"|"2023-10-05"|"Best-Supportive-Care"|"ist nicht belegt"|NA|"L01FX20"
"980"|"https://www.g-ba.de/bewertungsverfahren/nutzenbewertung/942/"|"Tremelimumab AstraZeneca"|"1797"|"Tremelimumab"|"2023-10-05"|"-	Pembrolizumab als Monotherapie
oder
-	Atezolizumab als Monotherapie 
oder
-	Cemiplimab als Monotherapie
oder
-	Nivolumab in Kombination mit Ipilimumab und 2 Zyklen platinbasierter Chemotherapie (nur für Patientinnen und Patienten mit ECOG PS 0-1) 
oder
-	Pembrolizumab in Kombination mit Carboplatin und entweder Paclitaxel oder nab-Paclitaxel (nur für Patientinnen und Patienten mit ECOG PS 0-1 und einem plattenepithelialen NSCLC)
oder
-	Pembrolizumab in Kombination mit Pemetrexed und platinhaltiger Chemotherapie (nur für Patientinnen und Patienten mit ECOG PS 0-1 und einem nicht-plattenepithelialen NSCLC)
oder
-	Atezolizumab in Kombination mit Bevacizumab, Paclitaxel und Carboplatin (nur für Patientinnen und Patienten mit ECOG PS 0-1 und einem nicht-plattenepithelialen NSCLC)
oder
-	Atezolizumab in Kombination mit nab-Paclitaxel und Carboplatin (nur für Patientinnen und Patienten mit ECOG PS 0-1 und einem nicht-plattenepithelialen NSCLC)"|"ist nicht belegt"|NA|"L01FX20"
"980"|"https://www.g-ba.de/bewertungsverfahren/nutzenbewertung/942/"|"Tremelimumab AstraZeneca"|"1843"|"Tremelimumab"|"2023-10-05"|"-	Pembrolizumab in Kombination mit Pemetrexed und platinhaltiger Chemotherapie (nur für Patientinnen und Patienten mit ECOG PS 0-1 und einem nicht-plattenepithelialen NSCLC)
oder
-	Pembrolizumab in Kombination mit Carboplatin und entweder Paclitaxel oder nab-Paclitaxel (nur für Patientinnen und Patienten mit ECOG PS 0-1 und einem plattenepithelialen NSCLC)
oder
-	Atezolizumab als Monotherapie (nur für Patientinnen und Patienten mit einer PD-L1-Expression ≥ 10 % bei tumorinfiltrierenden Immunzellen)
oder
-	Atezolizumab in Kombination mit Bevacizumab, Paclitaxel und Carboplatin (nur für Patientinnen und Patienten mit ECOG PS 0-1 und einem nicht-plattenepithelialen NSCLC)
oder
-	Atezolizumab in Kombination mit nab-Paclitaxel und Carboplatin (nur für Patientinnen und Patienten mit ECOG PS 0-1 und einem nicht-plattenepithelialen NSCLC)
oder 
-	Nivolumab in Kombination mit Ipilimumab und 2 Zyklen platinbasierter Chemotherapie (nur für Patientinnen und Patienten mit ECOG PS 0-1)
oder 
-	Carboplatin in Kombination mit einem Drittgenerationszytostatikum (Vinorelbin oder Gemcitabin oder Docetaxel oder Paclitaxel oder Pemetrexed) vgl. Anlage VI zum Abschnitt K der Arzneimittel-Richtlinie (nur für Patientinnen und Patienten mit ECOG PS 2)
oder 
-	Carboplatin in Kombination mit nab-Paclitaxel (nur für Patientinnen und Patienten mit ECOG PS 2)"|"ist nicht belegt"|NA|"L01FX20"
"981"|"https://www.g-ba.de/bewertungsverfahren/nutzenbewertung/941/"|"Imfinzi"|"1790"|"Durvalumab"|"2023-10-05"|"Atezolizumab in Kombination mit Bevacizumab"|"ist nicht belegt"|NA|"L01FF03"
"981"|"https://www.g-ba.de/bewertungsverfahren/nutzenbewertung/941/"|"Imfinzi"|"1842"|"Durvalumab"|"2023-10-05"|"Best-Supportive-Care"|"ist nicht belegt"|NA|"L01FF03"
"982"|"https://www.g-ba.de/bewertungsverfahren/nutzenbewertung/937/"|"Imfinzi"|"1789"|"Durvalumab"|"2023-10-05"|"-	Pembrolizumab als Monotherapie
oder
-	Atezolizumab als Monotherapie 
oder
-	Cemiplimab als Monotherapie
oder
-	Nivolumab in Kombination mit Ipilimumab und 2 Zyklen platinbasierter Chemotherapie (nur für Patientinnen und Patienten mit ECOG PS 0-1) 
oder
-	Pembrolizumab in Kombination mit Carboplatin und entweder Paclitaxel oder nab-Paclitaxel (nur für Patientinnen und Patienten mit ECOG PS 0-1 und einem plattenepithelialen NSCLC)
oder
-	Pembrolizumab in Kombination mit Pemetrexed und platinhaltiger Chemotherapie (nur für Patientinnen und Patienten mit ECOG PS 0-1 und einem nicht-plattenepithelialen NSCLC)
oder
-	Atezolizumab in Kombination mit Bevacizumab, Paclitaxel und Carboplatin (nur für Patientinnen und Patienten mit ECOG PS 0-1 und einem nicht-plattenepithelialen NSCLC)
oder
-	Atezolizumab in Kombination mit nab-Paclitaxel und Carboplatin (nur für Patientinnen und Patienten mit ECOG PS 0-1 und einem nicht-plattenepithelialen NSCLC)"|"ist nicht belegt"|NA|"L01FF03"
"982"|"https://www.g-ba.de/bewertungsverfahren/nutzenbewertung/937/"|"Imfinzi"|"1841"|"Durvalumab"|"2023-10-05"|"-	Pembrolizumab in Kombination mit Pemetrexed und platinhaltiger Chemotherapie (nur für Patientinnen und Patienten mit ECOG PS 0-1 und einem nicht-plattenepithelialen NSCLC)
oder
-	Pembrolizumab in Kombination mit Carboplatin und entweder Paclitaxel oder nab-Paclitaxel (nur für Patientinnen und Patienten mit ECOG PS 0-1 und einem plattenepithelialen NSCLC)
oder
-	Atezolizumab als Monotherapie (nur für Patientinnen und Patienten mit einer PD-L1-Expression ≥ 10 % bei tumorinfiltrierenden Immunzellen)
oder
-	Atezolizumab in Kombination mit Bevacizumab, Paclitaxel und Carboplatin (nur für Patientinnen und Patienten mit ECOG PS 0-1 und einem nicht-plattenepithelialen NSCLC)
oder
-	Atezolizumab in Kombination mit nab-Paclitaxel und Carboplatin (nur für Patientinnen und Patienten mit ECOG PS 0-1 und einem nicht-plattenepithelialen NSCLC)
oder 
-	Nivolumab in Kombination mit Ipilimumab und 2 Zyklen platinbasierter Chemotherapie (nur für Patientinnen und Patienten mit ECOG PS 0-1)
oder 
-	Carboplatin in Kombination mit einem Drittgenerationszytostatikum (Vinorelbin oder Gemcitabin oder Docetaxel oder Paclitaxel oder Pemetrexed) vgl. Anlage VI zum Abschnitt K der Arzneimittel-Richtlinie (nur für Patientinnen und Patienten mit ECOG PS 2)
oder 
-	Carboplatin in Kombination mit nab-Paclitaxel (nur für Patientinnen und Patienten mit ECOG PS 2)"|"ist nicht belegt"|NA|"L01FF03"
"983"|"https://www.g-ba.de/bewertungsverfahren/nutzenbewertung/935/"|"Imfinzi"|"1788"|"Durvalumab"|"2023-10-05"|"Cisplatin in Kombination mit Gemcitabin (vgl. Anlage VI zum Abschnitt K der Arzneimittel-Richtlinie)"|"gering"|"Hinweis"|"L01FF03"
"984"|"https://www.g-ba.de/bewertungsverfahren/nutzenbewertung/939/"|"Trulicity"|"1787"|"Dulaglutid"|"2023-09-21"|"Eine patientenindividuelle Therapie unter Berücksichtigung des HbA1c-Wertes, der Vortherapien und Komplikationen unter Auswahl von
-	Metformin + Humaninsulin
-	Metformin + Liraglutid
-	einer Eskalation der Insulintherapie (konventionelle Therapie (CT) ggf. + Metformin bzw. intensivierte Insulintherapie (ICT))"|"ist nicht belegt"|NA|"A10BJ05"
"985"|"https://www.g-ba.de/bewertungsverfahren/nutzenbewertung/945/"|"Dupixent"|"1786"|"Dupilumab"|"2023-09-21"|"Therapie nach ärztlicher Maßgabe unter Auswahl von Budesonid sowie Protonenpumpeninhibitoren (PPI)"|"ist nicht belegt"|NA|"D11AH05"
"986"|"https://www.g-ba.de/bewertungsverfahren/nutzenbewertung/938/"|"Wakix"|"1785"|"Pitolisant"|"2023-09-21"|NA|"nicht quantifizierbar, weil die wissenschaftliche Datengrundlage dies nicht zulässt"|"Anhaltspunkt"|"N07XX11"
"987"|"https://www.g-ba.de/bewertungsverfahren/nutzenbewertung/944/"|"Dupixent"|"1784"|"Dupilumab"|"2023-10-05"|"Best-Supportive-Care"|"nicht quantifizierbar"|"Anhaltspunkt"|"D11AH05"
"988"|"https://www.g-ba.de/bewertungsverfahren/nutzenbewertung/946/"|"Rubraca"|"1800"|"Rucaparib"|"2023-09-21"|"Patientenindividuelle Therapie unter Auswahl von 
-	Olaparib,
-	Niraparib und
-	beobachtendem Abwarten (nur für Patientinnen, die bereits einen PARP-Inhibitor erhalten haben);
unter Berücksichtigung der Vortherapie mit einem PARP-Inhibitor"|"gilt als nicht belegt"|NA|"L01XK03"
"991"|"https://www.g-ba.de/bewertungsverfahren/nutzenbewertung/947/"|"Ebvallo"|"1801"|"Tabelecleucel"|"2023-10-05"|NA|"nicht quantifizierbar, weil die wissenschaftliche Datengrundlage dies nicht zulässt"|"Anhaltspunkt"|"L01XL09"
"993"|"https://www.g-ba.de/bewertungsverfahren/nutzenbewertung/951/"|"Libtayo"|"1807"|"Cemiplimab"|"2023-10-19"|"Therapie nach ärztlicher Maßgabe unter Auswahl einer Monotherapie mit:
-	Nab-Paclitaxel
-	Vinorelbin
-	Ifosfamid
-	Topotecan
-	Pemetrexed
-	Irinotecan
-	Pembrolizumab (für Patientinnen mit PD-L1 positivem Zervixkarzinom)"|"beträchtlich"|"Hinweis"|"L01FF06"
"993"|"https://www.g-ba.de/bewertungsverfahren/nutzenbewertung/951/"|"Libtayo"|"1871"|"Cemiplimab"|"2023-10-19"|"Best-Supportive-Care"|"ist nicht belegt"|NA|"L01FF06"
"994"|"https://www.g-ba.de/bewertungsverfahren/nutzenbewertung/952/"|"Libtayo"|"1808"|"Cemiplimab"|"2023-10-19"|"-	Pembrolizumab als Monotherapie
oder
-	Atezolizumab als Monotherapie 
oder
-	Cemiplimab als Monotherapie
oder
-	Nivolumab in Kombination mit Ipilimumab und 2 Zyklen platinbasierter Chemotherapie (nur für Patientinnen und Patienten mit ECOG PS 0-1) 
oder
-	Pembrolizumab in Kombination mit Carboplatin und entweder Paclitaxel oder nab-Paclitaxel (nur für Patientinnen und Patienten mit ECOG PS 0-1 und einem plattenepithelialen NSCLC)
oder
-	Pembrolizumab in Kombination mit Pemetrexed und platinhaltiger Chemotherapie (nur für Patientinnen und Patienten mit ECOG PS 0-1 und einem nicht-plattenepithelialen NSCLC)
oder
-	Atezolizumab in Kombination mit Bevacizumab, Paclitaxel und Carboplatin (nur für Patientinnen und Patienten mit ECOG PS 0-1 und einem nicht-plattenepithelialen NSCLC)
oder
-	Atezolizumab in Kombination mit nab-Paclitaxel und Carboplatin (nur für Patientinnen und Patienten mit ECOG PS 0-1 und einem nicht-plattenepithelialen NSCLC)"|"ist nicht belegt"|NA|"L01FF06"
"994"|"https://www.g-ba.de/bewertungsverfahren/nutzenbewertung/952/"|"Libtayo"|"1847"|"Cemiplimab"|"2023-10-19"|"-	Pembrolizumab in Kombination mit Pemetrexed und platinhaltiger Chemotherapie (nur für Patientinnen und Patienten mit ECOG PS 0-1 und einem nicht-plattenepithelialen NSCLC)
oder
-	Pembrolizumab in Kombination mit Carboplatin und entweder Paclitaxel oder nab-Paclitaxel (nur für Patientinnen und Patienten mit ECOG PS 0-1 und einem plattenepithelialen NSCLC)
oder
-	Atezolizumab als Monotherapie (nur für Patientinnen und Patienten mit einer PD-L1-Expression ≥ 10 % bei tumorinfiltrierenden Immunzellen)
oder
-	Atezolizumab in Kombination mit Bevacizumab, Paclitaxel und Carboplatin (nur für Patientinnen und Patienten mit ECOG PS 0-1 und einem nicht-plattenepithelialen NSCLC)
oder
-	Atezolizumab in Kombination mit nab-Paclitaxel und Carboplatin (nur für Patientinnen und Patienten mit ECOG PS 0-1 und einem nicht-plattenepithelialen NSCLC)
oder 
-	Nivolumab in Kombination mit Ipilimumab und 2 Zyklen platinbasierter Chemotherapie (nur für Patientinnen und Patienten mit ECOG PS 0-1)
oder 
-	Carboplatin in Kombination mit einem Drittgenerationszytostatikum (Vinorelbin oder Gemcitabin oder Docetaxel oder Paclitaxel oder Pemetrexed) vgl. Anlage VI zum Abschnitt K der Arzneimittel-Richtlinie (nur für Patientinnen und Patienten mit ECOG PS 2)
oder 
-	Carboplatin in Kombination mit nab-Paclitaxel (nur für Patientinnen und Patienten mit ECOG PS 2)"|"ist nicht belegt"|NA|"L01FF06"
"995"|"https://www.g-ba.de/bewertungsverfahren/nutzenbewertung/953/"|"Hemgenix"|"1809"|"Etranacogen Dezaparvovec"|"2023-10-19"|NA|"nicht quantifizierbar, weil die wissenschaftliche Datengrundlage dies nicht zulässt"|"Anhaltspunkt"|"B02BD16"
"996"|"https://www.g-ba.de/bewertungsverfahren/nutzenbewertung/955/"|"Zynlonta "|"1810"|"Loncastuximab tesirin"|"2023-11-02"|"Therapie nach ärztlicher Maßgabe unter Berücksichtigung von 
-	Tisagenlecleucel,
-	Axicabtagen-Ciloleucel,
-	einer Induktionstherapie mit
	•	R-GDP (Rituximab, Gemcitabin, Dexamethason, Cisplatin bzw. Carboplatin) oder 
	•	R-DHAP (Rituximab, Dexamethason, Cisplatin, Cytarabin) oder 
	•	R-ICE (Rituximab, Ifosfamid, Carboplatin, Etoposid) 
	gefolgt von einer Hochdosistherapie mit autologer Stammzelltransplantation bei Ansprechen auf die Induktionstherapie, 
-	einer Induktionstherapie mit
	•	R-GDP (Rituximab, Gemcitabin, Dexamethason, Cisplatin bzw. Carboplatin) oder 
	•	R-DHAP (Rituximab, Dexamethason, Cisplatin, Cytarabin) oder 
	•	R-ICE (Rituximab, Ifosfamid, Carboplatin, Etoposid) 
	gefolgt von einer Hochdosistherapie mit allogener Stammzelltransplantation bei Ansprechen auf die Induktionstherapie"|"ist nicht belegt"|NA|"L01FX22"
"996"|"https://www.g-ba.de/bewertungsverfahren/nutzenbewertung/955/"|"Zynlonta "|"1873"|"Loncastuximab tesirin"|"2023-11-02"|"Therapie nach ärztlicher Maßgabe unter Berücksichtigung von 
-	Polatuzumab Vedotin + Bendamustin + Rituximab, 
-	Tafasitamab + Lenalidomid, 
-	Monotherapie Pixantron
-	Bestrahlung"|"ist nicht belegt"|NA|"L01FX22"
"997"|"https://www.g-ba.de/bewertungsverfahren/nutzenbewertung/959/"|"Imcivree"|"1811"|"Setmelanotid"|"2023-11-02"|NA|"nicht quantifizierbar, weil die wissenschaftliche Datengrundlage dies nicht zulässt"|"Anhaltspunkt"|"A08AA12"
"998"|"https://www.g-ba.de/bewertungsverfahren/nutzenbewertung/958/"|"Evusheld"|"1812"|"Tixagevimab/Cilgavimab"|"2023-11-02"|"Beobachtendes Abwarten"|"ist nicht belegt"|NA|"J06BD03"
"999"|"https://www.g-ba.de/bewertungsverfahren/nutzenbewertung/956/"|"Reblozyl"|"1813"|"Luspatercept"|"2023-11-02"|"Eine bedarfsgerechte Transfusionstherapie mit Erythrozytenkonzentraten in Kombination mit einer Chelattherapie gemäß der Zulassung, vorzugsweise als Monotherapie"|"ist nicht belegt"|NA|"B03XA06"
"1000"|"https://www.g-ba.de/bewertungsverfahren/nutzenbewertung/957/"|"Reblozyl"|"1814"|"Luspatercept"|"2023-11-02"|"eine bedarfsgerechte Transfusionstherapie mit Erythrozytenkonzentraten in Kombination mit einer Chelattherapie gemäß der Zulassung"|"ist nicht belegt"|NA|"B03XA06"
"1001"|"https://www.g-ba.de/bewertungsverfahren/nutzenbewertung/960/"|"Breyanzi"|"1817"|"Lisocabtagen maraleucel "|"2023-11-16"|"Induktionstherapie mit 
•	R-GDP (Rituximab, Gemcitabin, Cisplatin, Dexamethason) oder 
•	R-ICE (Rituximab, Ifosfamid, Carboplatin, Etoposid) oder 
•	R-DHAP (Rituximab, Dexamethason, Cytarabin, Cisplatin)
gefolgt von einer Hochdosistherapie mit autologer oder allogener Stammzelltransplantation bei Ansprechen auf die Induktionstherapie"|"beträchtlich"|"Anhaltspunkt"|"L01XL08"
"1001"|"https://www.g-ba.de/bewertungsverfahren/nutzenbewertung/960/"|"Breyanzi"|"1876"|"Lisocabtagen maraleucel "|"2023-11-16"|"Therapie nach ärztlicher Maßgabe unter Berücksichtigung von
•	Polatuzumab in Kombination mit Bendamustin und Rituximab
und
•	Tafasitamab in Kombination mit Lenalidomid"|"ist nicht belegt"|NA|"L01XL08"
"1001"|"https://www.g-ba.de/bewertungsverfahren/nutzenbewertung/960/"|"Breyanzi"|"1877"|"Lisocabtagen maraleucel "|"2023-11-16"|"•	Pembrolizumab Monotherapie 
oder 
•	Nivolumab in Kombination mit Brentuximab Vedotin"|"ist nicht belegt"|NA|"L01XL08"
"1002"|"https://www.g-ba.de/bewertungsverfahren/nutzenbewertung/963/"|"Entresto"|"1818"|"Sacubitril/Valsartan"|"2023-12-07"|"Captopril oder Enalapril"|"ist nicht belegt"|NA|"C09DX04"
"1003"|"https://www.g-ba.de/bewertungsverfahren/nutzenbewertung/962/"|"Cosentyx"|"1819"|"Secukinumab"|"2023-12-07"|"Adalimumab"|"ist nicht belegt"|NA|"L04AC10"
"1004"|"https://www.g-ba.de/bewertungsverfahren/nutzenbewertung/961/"|"Ultomiris"|"1820"|"Ravulizumab"|"2023-12-07"|"Eculizumab (ab dem 2. Schub) oder Satralizumab"|"ist nicht belegt"|NA|"L04AJ02"
"1005"|"https://www.g-ba.de/bewertungsverfahren/nutzenbewertung/971/"|"Adempas"|"1821"|"Riociguat"|"2023-12-21"|"Patientenindividuelle Therapie unter Berücksichtigung insbesondere der Vortherapien, des Schweregrades und der Grunderkrankungen unter Auswahl von 
-	Endothelinrezeptor-Antagonisten: Bosentan, Ambrisentan 
-	Phosphodiesterase-Hemmer Typ 5: Sildenafil, Tadalafil"|"ist nicht belegt"|NA|"C02KX05"
"1006"|"https://www.g-ba.de/bewertungsverfahren/nutzenbewertung/970/"|"Bimzelx"|"1822"|"Bimekizumab"|"2023-12-21"|"ein TNF-alpha-Antagonist (Adalimumab oder Certolizumab Pegol oder Etanercept oder Golimumab oder Infliximab) oder ein Interleukin-Inhibitor (Ixekizumab oder Secukinumab oder Ustekinumab), ggf. in Kombination mit Methotrexat"|"ist nicht belegt"|NA|"L04AC21"
"1006"|"https://www.g-ba.de/bewertungsverfahren/nutzenbewertung/970/"|"Bimzelx"|"1886"|"Bimekizumab"|"2023-12-21"|"der Wechsel auf ein anderes biologisches krankheitsmodifizierendes Antirheumatikum (Adalimumab oder Certolizumab Pegol oder Etanercept oder Golimumab oder Infliximab oder Ixekizumab oder Secukinumab oder Ustekinumab), ggf. in Kombination mit Methotrexat"|"ist nicht belegt"|NA|"L04AC21"
"1007"|"https://www.g-ba.de/bewertungsverfahren/nutzenbewertung/969/"|"Bimzelx"|"1823"|"Bimekizumab"|"2023-12-21"|"ein TNF-α-Inhibitor (Adalimumab oder Certolizumab pegol oder Etanercept oder Golimumab oder Infliximab) oder ein IL-17-Inhibitor (Secukinumab oder Ixekizumab)"|"ist nicht belegt"|NA|"L04AC21"
"1007"|"https://www.g-ba.de/bewertungsverfahren/nutzenbewertung/969/"|"Bimzelx"|"1887"|"Bimekizumab"|"2023-12-21"|"der Wechsel auf ein anderes biologisches krankheitsmodifizierendes Antirheumatikum: TNF-α-Inhibitor (Adalimumab oder Certolizumab pegol oder Etanercept oder Golimumab oder Infliximab) oder IL-17-Inhibitor (Secukinumab oder Ixekizumab)"|"ist nicht belegt"|NA|"L04AC21"
"1008"|"https://www.g-ba.de/bewertungsverfahren/nutzenbewertung/967/"|"Opdivo"|"1824"|"Nivolumab"|"2023-12-21"|"Pembrolizumab (Monotherapie)"|"ist nicht belegt"|NA|"L01FF01"
"1008"|"https://www.g-ba.de/bewertungsverfahren/nutzenbewertung/967/"|"Opdivo"|"1891"|"Nivolumab"|"2023-12-21"|"-	Pembrolizumab (Monotherapie)
oder
-	Nivolumab (Monotherapie)"|"ist nicht belegt"|NA|"L01FF01"
"1009"|"https://www.g-ba.de/bewertungsverfahren/nutzenbewertung/966/"|"Opdivo"|"1825"|"Nivolumab"|"2023-12-21"|"Pembrolizumab (Monotherapie)"|"ist nicht belegt"|NA|"L01FF01"
"1010"|"https://www.g-ba.de/bewertungsverfahren/nutzenbewertung/965/"|"Bimzelx"|"1826"|"Bimekizumab"|"2023-12-21"|"ein TNF-α-Inhibitor (Adalimumab oder Certolizumab pegol oder Etanercept oder Golimumab) oder ein IL-17-Inhibitor (Ixekizumab oder Secukinumab)"|"ist nicht belegt"|NA|"L04AC21"
"1010"|"https://www.g-ba.de/bewertungsverfahren/nutzenbewertung/965/"|"Bimzelx"|"1889"|"Bimekizumab"|"2023-12-21"|"der Wechsel auf ein anderes biologisches krankheitsmodifizierendes Antirheumatikum: TNF-α-Inhibitor (Adalimumab oder Certolizumab pegol oder Etanercept oder Golimumab) oder IL-17-Inhibitor (Ixekizumab oder Secukinumab)"|"ist nicht belegt"|NA|"L04AC21"
"1011"|"https://www.g-ba.de/bewertungsverfahren/nutzenbewertung/964/"|"Koselugo"|"1827"|"Selumetinib"|"2023-12-21"|NA|"nicht quantifizierbar, weil die wissenschaftliche Datengrundlage dies nicht zulässt"|"Anhaltspunkt"|"L01EE04"
"1013"|"https://www.g-ba.de/bewertungsverfahren/nutzenbewertung/974/"|"Orkambi"|"1848"|"Lumacaftor/Ivacaftor"|"2024-01-18"|"Best-Supportive-Care"|"nicht quantifizierbar"|"Anhaltspunkt"|"R07AX30"
"1014"|"https://www.g-ba.de/bewertungsverfahren/nutzenbewertung/975/"|"Omvoh"|"1849"|"Mirikizumab"|"2024-01-18"|"Ein TNF-α-Antagonist (Adalimumab oder Infliximab oder Golimumab) oder Vedolizumab oder Ustekinumab oder Ozanimod"|"ist nicht belegt"|NA|"L04AC24"
"1014"|"https://www.g-ba.de/bewertungsverfahren/nutzenbewertung/975/"|"Omvoh"|"1892"|"Mirikizumab"|"2024-01-18"|"Vedolizumab oder Tofacitinib oder Ustekinumab oder Filgotinib oder Ozanimod oder einen TNF-α-Antagonisten (Adalimumab oder Infliximab oder Golimumab)"|"ist nicht belegt"|NA|"L04AC24"
"1015"|"https://www.g-ba.de/bewertungsverfahren/nutzenbewertung/973/"|"Tibsovo"|"1850"|"Ivosidenib"|"2024-01-18"|NA|"erheblich"|"Hinweis"|"L01XX62"
"1016"|"https://www.g-ba.de/bewertungsverfahren/nutzenbewertung/972/"|"Tibsovo"|"1851"|"Ivosidenib"|"2024-01-18"|NA|"nicht quantifizierbar, weil die wissenschaftliche Datengrundlage dies nicht zulässt"|"Anhaltspunkt"|"L01XX62"
"1017"|"https://www.g-ba.de/bewertungsverfahren/nutzenbewertung/981/"|"Jardiance"|"1852"|"Empagliflozin"|"2024-02-01"|"Eine optimierte Standardtherapie zur Behandlung der chronischen Nierenerkrankung unter Berücksichtigung der Grunderkrankung und häufiger Komorbiditäten (wie Diabetes mellitus, Hypertonie, Dyslipoproteinämie, Anämie, Herzinsuffizienz)."|"ist nicht belegt"|NA|"A10BK03"
"1018"|"https://www.g-ba.de/bewertungsverfahren/nutzenbewertung/980/"|"Alprolix"|"1853"|"Eftrenonacog alfa"|"2024-02-01"|"rekombinante oder aus humanem Plasma gewonnene Blutgerinnungsfaktor-IX-Präparate"|"ist nicht belegt"|NA|"B02BD34"
"1019"|"https://www.g-ba.de/bewertungsverfahren/nutzenbewertung/979/"|"Camzyos"|"1854"|"Mavacamten"|"2024-02-01"|"Therapie nach ärztlicher Maßgabe unter Berücksichtigung von nicht-vasodilatierenden Betablockern, Verapamil und Diltiazem"|"beträchtlich"|"Anhaltspunkt"|"C01EB24"
"1020"|"https://www.g-ba.de/bewertungsverfahren/nutzenbewertung/978/"|"Columvi"|"1855"|"Glofitamab"|"2024-02-01"|NA|"nicht quantifizierbar, weil die wissenschaftliche Datengrundlage dies nicht zulässt"|"Anhaltspunkt"|"L01FX28"
"1021"|"https://www.g-ba.de/bewertungsverfahren/nutzenbewertung/983/"|"Pombiliti"|"1856"|"Cipaglucosidase alfa"|"2024-02-01"|"Alglucosidase alfa"|"gering"|"Anhaltspunkt"|"A16AB23"
"1022"|"https://www.g-ba.de/bewertungsverfahren/nutzenbewertung/977/"|"Opdivo"|"1857"|"Nivolumab"|"2024-02-01"|"Patientenindividuelle Therapie unter Auswahl von 
▪	präoperativer (neoadjuvanter) systemischer Chemotherapie unter Auswahl von 
	-	Cisplatin in Kombination mit einem Drittgenerationszytostatikum (Vinorelbin oder Gemcitabin oder Docetaxel oder Paclitaxel oder Pemetrexed) 
	und 
	-	Carboplatin in Kombination mit einem Drittgenerationszytostatikum (Vinorelbin oder Gemcitabin oder Docetaxel oder Paclitaxel oder Pemetrexed) und
▪	simultaner Strahlenchemotherapie mit Platin-basierter (Cisplatin oder Carboplatin) Kombinationschemotherapie.
unter Berücksichtigung des Tumorstadiums, der Tumorhistologie, dem Vorliegen eines Pancoast-Tumors und der Erreichbarkeit einer R0-Resektion, sowie der Voraussetzungen für einen Einsatz von Carboplatin."|"nicht quantifizierbar"|"Anhaltspunkt"|"L01FF01"
"1023"|"https://www.g-ba.de/bewertungsverfahren/nutzenbewertung/976/"|"Sirturo"|"1858"|"Bedaquilin"|"2024-02-01"|NA|"beträchtlich"|"Anhaltspunkt"|"J04AK05"
"1024"|"https://www.g-ba.de/bewertungsverfahren/nutzenbewertung/982/"|"Xydalba"|"1859"|"Dalbavancin"|"2024-02-01"|NA|"gilt als belegt"|NA|"J01XA04"
"1025"|"https://www.g-ba.de/bewertungsverfahren/nutzenbewertung/986/"|"Trodelvy"|"1860"|"Sacituzumab govitecan"|"2024-02-15"|"- Capecitabin
oder
- Eribulin
oder
- Vinorelbin
oder
- eine Anthrazyklin- oder Taxan-haltige Therapie (nur für Patientinnen und Patienten, die noch keine Anthrazyklin- und/oder Taxan-haltige Therapie erhalten haben oder die für eine erneute Anthrazyklin- oder Taxan-haltige Behandlung infrage kommen.)"|"beträchtlich"|"Hinweis"|"L01FX17"
"1026"|"https://www.g-ba.de/bewertungsverfahren/nutzenbewertung/987/"|"Galafold"|"1861"|"Migalastat"|"2024-02-15"|"Agalsidase alfa oder Agalsidase beta"|"ist nicht belegt"|NA|"A16AX14"
"1027"|"https://www.g-ba.de/bewertungsverfahren/nutzenbewertung/985/"|"Lonsurf"|"1862"|"Trifluridin/Tipiracil"|"2024-02-15"|"Trifluridin/Tipiracil"|"beträchtlich"|"Anhaltspunkt"|"L01BC59"
"1028"|"https://www.g-ba.de/bewertungsverfahren/nutzenbewertung/988/"|"Refixia"|"1863"|"Nonacog beta pegol"|"2024-02-15"|"rekombinante oder aus humanem Plasma gewonnene Blutgerinnungsfaktor-IX-Präparate"|"ist nicht belegt"|NA|"B02BD36"
"1029"|"https://www.g-ba.de/bewertungsverfahren/nutzenbewertung/990/"|"Kymriah"|"1864"|"Tisagenlecleucel"|"2024-02-15"|NA|"nicht quantifizierbar, weil die wissenschaftliche Datengrundlage dies nicht zulässt"|"Anhaltspunkt"|"L01XL04"
"1030"|"https://www.g-ba.de/bewertungsverfahren/nutzenbewertung/991/"|"Kymriah"|"1865"|"Tisagenlecleucel"|"2024-02-15"|NA|"nicht quantifizierbar, weil die wissenschaftliche Datengrundlage dies nicht zulässt"|"Anhaltspunkt"|"L01XL04"
"1031"|"https://www.g-ba.de/bewertungsverfahren/nutzenbewertung/989/"|"Tecvayli"|"1866"|"Teclistamab"|"2024-02-15"|"Eine patientenindividuelle Therapie unter Auswahl von: 
-	Bortezomib Monotherapie 
-	Bortezomib + pegyliertes liposomales Doxorubicin 
-	Bortezomib + Dexamethason 
-	Carfilzomib + Lenalidomid und Dexamethason 
-	Carfilzomib + Dexamethason 
-	Daratumumab + Lenalidomid + Dexamethason 
-	Daratumumab + Bortezomib + Dexamethason 
-	Daratumumab Monotherapie 
-	Daratumumab + Pomalidomid + Dexamethason 
-	Elotuzumab + Lenalidomid + Dexamethason 
-	Elotuzumab + Pomalidomid + Dexamethason 
-	Isatuximab + Pomalidomid + Dexamethason 
-	Ixazomib + Lenalidomid + Dexamethason 
-	Lenalidomid + Dexamethason 
-	Panobinostat + Bortezomib und Dexamethason 
-	Pomalidomid + Bortezomib und Dexamethason 
-	Pomalidomid + Dexamethason 
-	Cyclophosphamid in Kombination mit weiteren antineoplastisch wirksamen Arzneimitteln 
-	Melphalan als Monotherapie oder in Kombination mit Prednisolon oder Prednison 
-	Doxorubicin als Monotherapie oder in Kombination mit weiteren antineoplastisch wirksamen Arzneimitteln 
-	Vincristin in Kombination mit weiteren antineoplastisch wirksamen Arzneimitteln 
-	Dexamethason in Kombination mit weiteren antineoplastisch wirksamen Arzneimitteln 
-	Prednisolon in Kombination mit weiteren antineoplastisch wirksamen Arzneimitteln 
-	Prednison in Kombination mit weiteren antineoplastisch wirksamen Arzneimitteln 
-	Best-Supportive-Care 
unter Berücksichtigung der Vortherapien sowie Ausprägung und Dauer des Ansprechens. "|"ist nicht belegt"|NA|"L01FX24"
"1032"|"https://www.g-ba.de/bewertungsverfahren/nutzenbewertung/992/"|"Voxzogo"|"1867"|"Vosoritid"|"2024-02-15"|"Best-Supportive-Care"|"nicht quantifizierbar"|"Hinweis"|"M05BX07"
"1033"|"https://www.g-ba.de/bewertungsverfahren/nutzenbewertung/996/"|"Skytrofa"|"1868"|"Lonapegsomatropin"|"2024-03-07"|NA|"nicht quantifizierbar, weil die wissenschaftliche Datengrundlage dies nicht zulässt"|"Anhaltspunkt"|"H01AC09"
"1034"|"https://www.g-ba.de/bewertungsverfahren/nutzenbewertung/995/"|"Evrysdi"|"1869"|"Risdiplam"|"2024-03-07"|"Therapie nach ärztlicher Maßgabe unter Berücksichtigung von Nusinersen und Onasemnogen-Abeparvovec"|"ist nicht belegt"|NA|"M09AX10"
"1034"|"https://www.g-ba.de/bewertungsverfahren/nutzenbewertung/995/"|"Evrysdi"|"1940"|"Risdiplam"|"2024-03-07"|"Therapie nach ärztlicher Maßgabe unter Berücksichtigung von Nusinersen und Onasemnogen-Abeparvovec"|"ist nicht belegt"|NA|"M09AX10"
"1034"|"https://www.g-ba.de/bewertungsverfahren/nutzenbewertung/995/"|"Evrysdi"|"1941"|"Risdiplam"|"2024-03-07"|"Therapie nach ärztlicher Maßgabe unter Berücksichtigung von Nusinersen und Best-Supportive-Care"|"ist nicht belegt"|NA|"M09AX10"
"1035"|"https://www.g-ba.de/bewertungsverfahren/nutzenbewertung/997/"|"Talvey"|"1870"|"Talquetamab"|"2024-03-07"|NA|"nicht quantifizierbar, weil die wissenschaftliche Datengrundlage dies nicht zulässt"|"Anhaltspunkt"|"L01FX29"
"1036"|"https://www.g-ba.de/bewertungsverfahren/nutzenbewertung/1003/"|"Hyftor"|"1878"|"Sirolimus"|"2024-03-21"|NA|"nicht quantifizierbar, weil die wissenschaftliche Datengrundlage dies nicht zulässt"|"Anhaltspunkt"|"L04AH01"
"1037"|"https://www.g-ba.de/bewertungsverfahren/nutzenbewertung/1001/"|"Elfabrio"|"1879"|"Pegunigalsidase alfa"|"2024-03-21"|"Agalsidase alfa oder Agalsidase beta oder Migalastat (nur für Patientinnen und Patienten mit einer auf die Behandlung ansprechenden Mutation)"|"ist nicht belegt"|NA|"A16AB20"
"1038"|"https://www.g-ba.de/bewertungsverfahren/nutzenbewertung/1000/"|"Opdivo"|"1880"|"Nivolumab"|"2024-03-21"|"Pembrolizumab"|"ist nicht belegt"|NA|"L01FF01"
"1039"|"https://www.g-ba.de/bewertungsverfahren/nutzenbewertung/1004/"|"Tepkinly"|"1881"|"Epcoritamab"|"2024-04-04"|NA|"nicht quantifizierbar, weil die wissenschaftliche Datengrundlage dies nicht zulässt"|"Anhaltspunkt"|NA
"1040"|"https://www.g-ba.de/bewertungsverfahren/nutzenbewertung/1006/"|"Sogroya"|"1882"|"Somapacitan"|"2024-05-02"|NA|"nicht quantifizierbar, weil die wissenschaftliche Datengrundlage dies nicht zulässt"|"Anhaltspunkt"|"H01AC07"
"1040"|"https://www.g-ba.de/bewertungsverfahren/nutzenbewertung/1006/"|"Sogroya"|"1960"|"Somapacitan"|"2024-05-02"|NA|"nicht quantifizierbar, weil die wissenschaftliche Datengrundlage dies nicht zulässt"|"Anhaltspunkt"|"H01AC07"
"1041"|"https://www.g-ba.de/bewertungsverfahren/nutzenbewertung/1005/"|"Beovu"|"1883"|"Brolucizumab"|"2024-05-02"|"Aflibercept oder Ranibizumab oder Faricimab"|"ist nicht belegt"|NA|"S01LA06"
"1042"|"https://www.g-ba.de/bewertungsverfahren/nutzenbewertung/1007/"|"Orserdu"|"1884"|"Elacestrant"|"2024-05-02"|"Eine Therapie nach ärztlicher Maßgabe unter Berücksichtigung eines Wechsels der endokrinen Therapie auf 
-	Tamoxifen 
-	Anastrozol 
-	Fulvestrant als Monotherapie 
-	Letrozol 
-	Exemestan 
-	Everolimus in Kombination mit Exemestan (nur für Patientinnen ohne symptomatische viszerale Metastasierung, nachdem es zu einer Progression nach einem nicht-steroidalen Aromatasehemmer gekommen ist)."|"ist nicht belegt"|NA|"L02BA04"
"1042"|"https://www.g-ba.de/bewertungsverfahren/nutzenbewertung/1007/"|"Orserdu"|"1959"|"Elacestrant"|"2024-05-02"|"Therapie nach ärztlicher Maßgabe unter Berücksichtigung eines Wechsels der endokrinen Therapie auf  
-	Tamoxifen,
-	Aromatasehemmer in Kombination mit einem GnRH-Analogon,
-	Fulvestrant"|"ist nicht belegt"|NA|"L02BA04"
"1042"|"https://www.g-ba.de/bewertungsverfahren/nutzenbewertung/1007/"|"Orserdu"|"1989"|"Elacestrant"|"2024-05-02"|"Eine Therapie nach ärztlicher Maßgabe unter Berücksichtigung eines Wechsels der endokrinen Therapie auf 
-	Tamoxifen 
-	Anastrozol 
-	Fulvestrant als Monotherapie 
-	Letrozol 
-	Exemestan 
-	Everolimus in Kombination mit Exemestan (nur für Patientinnen ohne symptomatische viszerale Metastasierung, nachdem es zu einer Progression nach einem nicht-steroidalen Aromatasehemmer gekommen ist)."|"beträchtlich"|"Anhaltspunkt"|"L02BA04"
"1043"|"https://www.g-ba.de/bewertungsverfahren/nutzenbewertung/1009/"|"Mounjaro"|"1895"|"Tirzepatid"|"2024-05-02"|"Patientenindividuelle Therapie unter Berücksichtigung des patientenindividuellen Therapieziels in Abhängigkeit von Komorbiditäten, Diabetesdauer, möglichen Risiken für Hypoglykämien, unter Auswahl von:
-	Metformin + Sulfonylharnstoff (Glibenclamid oder Glimepirid),
-	Metformin + Sitagliptin,
-	Metformin + Empagliflozin,
-	Metformin + Liraglutid"|"ist nicht belegt"|NA|"A10BX16"
"1043"|"https://www.g-ba.de/bewertungsverfahren/nutzenbewertung/1009/"|"Mounjaro"|"1962"|"Tirzepatid"|"2024-05-02"|"-	Metformin + Empagliflozin, oder
-	Metformin + Liraglutid, oder
-	Metformin + Dapagliflozin"|"ist nicht belegt"|NA|"A10BX16"
"1043"|"https://www.g-ba.de/bewertungsverfahren/nutzenbewertung/1009/"|"Mounjaro"|"1963"|"Tirzepatid"|"2024-05-02"|"-	Metformin + Empagliflozin + Sitagliptin, oder
-	Metformin + Empagliflozin + Liraglutid"|"ist nicht belegt"|NA|"A10BX16"
"1043"|"https://www.g-ba.de/bewertungsverfahren/nutzenbewertung/1009/"|"Mounjaro"|"1964"|"Tirzepatid"|"2024-05-02"|"-	Metformin + Empagliflozin + Liraglutid, oder
-	Metformin + Dapagliflozin + Liraglutid"|"ist nicht belegt"|NA|"A10BX16"
"1043"|"https://www.g-ba.de/bewertungsverfahren/nutzenbewertung/1009/"|"Mounjaro"|"1965"|"Tirzepatid"|"2024-05-02"|"- Humaninsulin + Metformin"|"ist nicht belegt"|NA|"A10BX16"
"1043"|"https://www.g-ba.de/bewertungsverfahren/nutzenbewertung/1009/"|"Mounjaro"|"1966"|"Tirzepatid"|"2024-05-02"|"- Humaninsulin + Metformin + Empagliflozin, oder
- Humaninsulin + Metformin + Dapagliflozin, oder
- Humaninsulin + Metformin + Liraglutid"|"ist nicht belegt"|NA|"A10BX16"
"1043"|"https://www.g-ba.de/bewertungsverfahren/nutzenbewertung/1009/"|"Mounjaro"|"1967"|"Tirzepatid"|"2024-05-02"|"Eskalation der Insulintherapie (konventionelle Therapie (CT) ggf. + Metformin oder Dulaglutid bzw. intensivierte Insulintherapie (ICT))"|"gering"|"Anhaltspunkt"|"A10BX16"
"1043"|"https://www.g-ba.de/bewertungsverfahren/nutzenbewertung/1009/"|"Mounjaro"|"1968"|"Tirzepatid"|"2024-05-02"|"Eskalation der Insulintherapie: konventionelle Therapie (CT) bzw. intensivierte Insulintherapie (ICT), jeweils in Kombination mit Metformin und Empagliflozin oder Dapagliflozin oder Liraglutid"|"ist nicht belegt"|NA|"A10BX16"
"1044"|"https://www.g-ba.de/bewertungsverfahren/nutzenbewertung/1010/"|"Olumiant"|"1896"|"Baricitinib"|"2024-05-02"|"ein bDMARD (Adalimumab oder Etanercept oder Golimumab oder Tocilizumab) in Kombination mit MTX; ggf. als Monotherapie unter Berücksichtigung des jeweiligen Zulassungsstatus bei MTX-Unverträglichkeit oder Ungeeignetheit"|"ist nicht belegt"|NA|"L04AF02"
"1044"|"https://www.g-ba.de/bewertungsverfahren/nutzenbewertung/1010/"|"Olumiant"|"1969"|"Baricitinib"|"2024-05-02"|"ein bDMARD (Abatacept oder Adalimumab oder Etanercept oder Golimumab oder Tocilizumab) in Kombination mit MTX; ggf. als Monotherapie unter Berücksichtigung des jeweiligen Zulassungsstatus bei MTX-Unverträglichkeit oder Ungeeignetheit in Abhängigkeit von der Vortherapie"|"ist nicht belegt"|NA|"L04AF02"
"1045"|"https://www.g-ba.de/bewertungsverfahren/nutzenbewertung/1011/"|"Olumiant"|"1897"|"Baricitinib"|"2024-05-02"|"Ein patientenindividuell optimiertes Therapieregime in Abhängigkeit der Ausprägung der Erkrankung und unter Berücksichtigung der Vortherapie, unter Auswahl folgender Therapien:

–	topische Glukokortikoide der Klassen 1 bis 3
–	topische Calcineurininhibitoren

Der jeweilige Zulassungsstatus der Arzneimittel ist zu berücksichtigen."|"ist nicht belegt"|NA|"L04AF02"
"1045"|"https://www.g-ba.de/bewertungsverfahren/nutzenbewertung/1011/"|"Olumiant"|"1973"|"Baricitinib"|"2024-05-02"|"Dupilumab  (ggf. in Kombination mit TCS und/oder TCI)"|"ist nicht belegt"|NA|"L04AF02"
"1045"|"https://www.g-ba.de/bewertungsverfahren/nutzenbewertung/1011/"|"Olumiant"|"1976"|"Baricitinib"|"2024-05-02"|"Dupilumab  (ggf. in Kombination mit TCS und/oder TCI)"|"ist nicht belegt"|NA|"L04AF02"
"1046"|"https://www.g-ba.de/bewertungsverfahren/nutzenbewertung/1008/"|"Rydapt"|"1898"|"Midostaurin"|"2024-05-02"|"•	Eine Induktionschemotherapie:
	-	Cytarabin in Kombination mit Daunorubicin oder Idarubicin oder Mitoxantron
	oder
	-	Daunorubicin/Cytarabin (liposomale Formulierung) [nur für Personen mit therapiebedingter AML (t-AML) oder AML mit myelodysplastischen Veränderungen (AML-MRC)]
•	gefolgt von einer Konsolidierungstherapie:
Eine patientenindividuelle Therapie unter Auswahl von Chemotherapie (Cytarabin oder Daunorubicin/Cytarabin (liposomale Formulierung)) und einer allogenen Stammzelltransplantation, insbesondere in Abhängigkeit der Subform der AML, des Allgemeinzustandes und der Komorbidität der Patientinnen und Patienten.
•	Gefolgt von einer Erhaltungstherapie:
Eine patientenindividuelle Therapie unter Auswahl von
	-	Azacitidin (nur für Personen, die für eine allogene Stammzelltransplantation nicht geeignet sind)
	-	Sorafenib (nur für Personen mit FLT3-ITD-Mutation nach einer allogenen Stammzelltransplantation)
	-	beobachtendes Abwarten (nur für Personen ohne FLT3-ITD-Mutation nach einer allogenen Stammzelltransplantation)
Unter Berücksichtigung der Induktions- und Konsolidierungstherapie sowie des FLT3-Mutationsstatus."|"ist nicht belegt"|NA|"L01EX10"
"1047"|"https://www.g-ba.de/bewertungsverfahren/nutzenbewertung/1012/"|"Rydapt"|"1899"|"Midostaurin"|"2024-05-02"|"Patientenindividuelle Therapie unter Auswahl von 
−	Avapritinib (nur für Personen nach mindestens einer systemischen Vortherapie und mit Thrombozytenzahlen ≥ 50 x 109/L),
−	Cladribin und 
−	Imatinib (nur für Personen ohne KIT D816V Mutation oder mit unbekanntem KIT-Mutationsstatus sowie für Personen mit vorhandener Eosinophilie mit FIP1L1-PDGFRA Fusionsgen) 
unter Berücksichtigung des Allgemeinzustandes, des KIT-Mutationsstatus und der Vortherapie"|"ist nicht belegt"|NA|"L01EX10"
"1048"|"https://www.g-ba.de/bewertungsverfahren/nutzenbewertung/1013/"|"Akeega"|"1900"|"Niraparib/Abirateronacetat"|"2024-05-02"|"–	Abirateronacetat in Kombination mit Prednison oder Prednisolon (nur für Patienten, deren Erkrankung während oder nach einer Docetaxel-haltigen Chemotherapie progredient ist; nur für Patienten mit asymptomatischem oder mild symptomatischem Verlauf der Erkrankung nach Versagen der Androgenentzugstherapie, bei denen eine Chemotherapie noch nicht klinisch indiziert ist)
	oder
–	Enzalutamid (nur für Patienten, deren Erkrankung während oder nach einer Chemotherapie mit Docetaxel fortschreitet; nur für Patienten mit asymptomatischem oder mild symptomatischem Verlauf der Erkrankung nach Versagen der Androgenentzugstherapie, bei denen eine Chemotherapie noch nicht klinisch indiziert ist)
	oder
–	Olaparib als Monotherapie (nur für Patienten, deren Erkrankung nach vorheriger Behandlung, die eine neue hormonelle Substanz (new hormonal agent) umfasste, progredient ist)
oder 
–	Olaparib in Kombination mit Abirateronacetat und Prednison oder Prednisolon"|"beträchtlich"|"Anhaltspunkt"|"L01XK52"
"1048"|"https://www.g-ba.de/bewertungsverfahren/nutzenbewertung/1013/"|"Akeega"|"1970"|"Niraparib/Abirateronacetat"|"2024-05-02"|"Patientenindividuelle Therapie unter Auswahl von
	–	Abirateronacetat in Kombination mit Prednison oder Prednisolon (nur für Patienten, deren Erkrankung während oder nach einer Docetaxel-haltigen Chemotherapie progredient ist),
	–	Enzalutamid (nur für Patienten, deren Erkrankung während oder nach einer Chemotherapie mit Docetaxel fortschreitet) und
	–	Olaparib als Monotherapie (nur für Patienten, deren Erkrankung nach vorheriger Behandlung, die eine neue hormonelle Substanz (new hormonal agent) umfasste, progredient ist)
unter Berücksichtigung der Vortherapie(n)."|"ist nicht belegt"|NA|"L01XK52"
"1050"|"https://www.g-ba.de/bewertungsverfahren/nutzenbewertung/1015/"|"Olumiant"|"1902"|"Baricitinib"|"2024-05-02"|"Adalimumab oder Etanercept"|"ist nicht belegt"|NA|"L04AF02"
"1050"|"https://www.g-ba.de/bewertungsverfahren/nutzenbewertung/1015/"|"Olumiant"|"1971"|"Baricitinib"|"2024-05-02"|"Adalimumab oder Etanercept (≥ 12 Jahre) oder Secukinumab"|"ist nicht belegt"|NA|"L04AF02"
"1051"|"https://www.g-ba.de/bewertungsverfahren/nutzenbewertung/1016/"|"Olumiant"|"1903"|"Baricitinib"|"2024-05-02"|"Etanercept (≥ 12 Jahre) oder Secukinumab (≥ 6 Jahre) oder Tofacitinib"|"ist nicht belegt"|NA|"L04AF02"
"1052"|"https://www.g-ba.de/bewertungsverfahren/nutzenbewertung/1031/"|"Kaftrio"|"1904"|"Ivacaftor/Tezacaftor/Elexacaftor"|"2024-05-16"|"Best-Supportive-Care"|"nicht quantifizierbar"|"Anhaltspunkt"|"R07AX32"
"1053"|"https://www.g-ba.de/bewertungsverfahren/nutzenbewertung/1017/"|"Enhertu"|"1905"|"Trastuzumab-Deruxtecan"|"2024-05-16"|"‒	Docetaxel (nur für Patientinnen und Patienten mit PD-L1 negativen Tumoren)
oder 
‒	Pemetrexed (nur für Patientinnen und Patienten mit PD-L1 negativen Tumoren und außer bei überwiegend plattenepithelialer Histologie)
oder
‒	Nivolumab 
oder 
‒	Pembrolizumab (nur für Patientinnen und Patienten mit PD-L1 exprimierenden Tumoren, Tumor Proportion Score (TPS) ≥ 1 %)
oder 
‒	Atezolizumab
oder
‒	Docetaxel in Kombination mit Nintedanib (nur für Patientinnen und Patienten mit PD-L1 negativen Tumoren und Adenokarzinom-Histologie)"|"ist nicht belegt"|NA|"L01FD04"
"1053"|"https://www.g-ba.de/bewertungsverfahren/nutzenbewertung/1017/"|"Enhertu"|"1977"|"Trastuzumab-Deruxtecan"|"2024-05-16"|"‒	Docetaxel
oder
‒	Docetaxel in Kombination mit Nintedanib (nur für Patientinnen und Patienten mit Adenokarzinom-Histologie)
oder
‒	Docetaxel in Kombination mit Ramucirumab
oder
‒	Pemetrexed (außer für Patientinnen und Patienten mit überwiegend plattenepithelialer Histologie)
oder
‒	Vinorelbin (nur für Patientinnen und Patienten, die für Docetaxel nicht geeignet sind)"|"ist nicht belegt"|NA|"L01FD04"
"1054"|"https://www.g-ba.de/bewertungsverfahren/nutzenbewertung/1021/"|"Onpattro"|"1978"|"Patisiran"|"2024-05-16"|"Tafamidis (nur bei hATTR-PN Stadium 1) oder Vutrisiran"|"geringerer Nutzen"|"Hinweis"|"N07XX12"
"1055"|"https://www.g-ba.de/bewertungsverfahren/nutzenbewertung/1022/"|"Kimmtrak"|"1906"|"Tebentafusp"|"2024-05-16"|"Therapie nach ärztlicher Maßgabe unter Berücksichtigung von 
-	Dacarbazin,
-	Ipilimumab,
-	Lomustin,
-	Nivolumab,
-	Pembrolizumab"|"beträchtlich"|"Anhaltspunkt"|"L01XX75"
"1056"|"https://www.g-ba.de/bewertungsverfahren/nutzenbewertung/1019/"|"Ryeqo"|"1907"|"Relugolix/Estradiol/Norethisteron"|"2024-05-16"|"-	patientenindividuelle Therapie unter Berücksichtigung der Vortherapie, möglicher Organdestruktionen sowie der Lokalisation und Ausdehnung der Endometrioseherde unter Auswahl von  
	o	Dienogest
	o	GnRH-Analoga (Goserelin oder Buserelin oder Leuprorelin oder Triptorelin oder Nafarelin)
	o	Operativen Maßnahmen"|"ist nicht belegt"|NA|"H01CC54"
"1057"|"https://www.g-ba.de/bewertungsverfahren/nutzenbewertung/1018/"|"Voxzogo"|"1908"|"Vosoritid"|"2024-05-16"|"Best-Supportive-Care"|"nicht quantifizierbar"|"Anhaltspunkt"|"M05BX07"
"1058"|"https://www.g-ba.de/bewertungsverfahren/nutzenbewertung/1020/"|"Darzalex"|"1909"|"Daratumumab"|"2024-05-16"|"–	Daratumumab in Kombination mit Lenalidomid und Dexamethason
oder
–	Bortezomib in Kombination mit Melphalan und Prednison
oder
–	Bortezomib in Kombination mit Lenalidomid und Dexamethason
oder
–	Thalidomid in Kombination mit Melphalan und Prednison
oder
–	Bortezomib in Kombination mit Cyclophosphamid und Dexamethason [nur für Patientinnen und Patienten mit einer peripheren Polyneuropathie oder einem erhöhten Risiko für die Entwicklung einer peripheren Polyneuropathie; vgl. Anlage VI zum Abschnitt K der Arzneimittel-Richtlinie]"|"beträchtlich"|"Hinweis"|"L01FC01"
"1059"|"https://www.g-ba.de/bewertungsverfahren/nutzenbewertung/1025/"|"Epidyolex"|"1910"|"Cannabidiol"|"2024-05-16"|"Patientenindividuelle Therapie unter Berücksichtigung der auftretenden Anfallsformen, der Basis- und (den) Vortherapie(n) sowie den etwaig einhergehenden Nebenwirkungen, unter Auswahl von 
Brivaracetam, Bromid, Clobazam, Fenfluramin, Levetiracetam, Stiripentol, Topiramat, Valproinsäure"|"ist nicht belegt"|NA|"N03AX24"
"1060"|"https://www.g-ba.de/bewertungsverfahren/nutzenbewertung/1024/"|"Epidyolex"|"1911"|"Cannabidiol"|"2024-05-16"|"Patientenindividuelle Therapie unter Berücksichtigung der auftretenden Anfallsformen, der Basis- und (den) Vortherapie(n) sowie den etwaig einhergehenden Nebenwirkungen, unter Auswahl von
Brivaracetam, Bromid, Carbamazepin, Cenobamat, Clobazam, Clonazepam, Eslicarbazepin, Ethosuximid, Felbamat, Fenfluramin, Gabapentin, Lacosamid, Lamotrigin, Levetiracetam, Mesuximid, Oxcarbazepin, Perampanel, Phenobarbital, Phenytoin, Pregabalin, Primidon, Rufinamid, Topiramat, Valproinsäure, Vigabatrin, Zonisamid"|"ist nicht belegt"|NA|"N03AX24"
"1061"|"https://www.g-ba.de/bewertungsverfahren/nutzenbewertung/1023/"|"Epidyolex"|"1912"|"Cannabidiol"|"2024-05-16"|"Patientenindividuelle Therapie unter Berücksichtigung der auftretenden Anfallsformen, der Basis- und (den) Vortherapie(n) sowie den etwaig einhergehenden Nebenwirkungen, unter Auswahl von
Brivaracetam, Carbamazepin, Cenobamat, Eslicarbazepin, Everolimus, Gabapentin, Lacosamid, Lamotrigin, Levetiracetam, Oxcarbazepin, Perampanel, Phenobarbital, Phenytoin, Pregabalin, Topiramat, Valproinsäure, Vigabatrin, Zonisamid"|"ist nicht belegt"|NA|"N03AX24"
"1062"|"https://www.g-ba.de/bewertungsverfahren/nutzenbewertung/1030/"|"Kaftrio"|"1913"|"Ivacaftor/Tezacaftor/Elexacaftor"|"2024-05-16"|"Lumacaftor/Ivacaftor"|"nicht quantifizierbar"|"Anhaltspunkt"|"R07AX32"
"1063"|"https://www.g-ba.de/bewertungsverfahren/nutzenbewertung/1029/"|"Kaftrio"|"1914"|"Ivacaftor/Tezacaftor/Elexacaftor"|"2024-05-16"|"Ivacaftor"|"ist nicht belegt"|NA|"R07AX32"
"1064"|"https://www.g-ba.de/bewertungsverfahren/nutzenbewertung/1028/"|"Kaftrio"|"1915"|"Ivacaftor/Tezacaftor/Elexacaftor"|"2024-05-16"|"Best-Supportive-Care"|"ist nicht belegt"|NA|"R07AX32"
"1065"|"https://www.g-ba.de/bewertungsverfahren/nutzenbewertung/1027/"|"Kaftrio"|"1916"|"Ivacaftor/Tezacaftor/Elexacaftor"|"2024-05-16"|"Best-Supportive-Care"|"ist nicht belegt"|NA|"R07AX32"
"1066"|"https://www.g-ba.de/bewertungsverfahren/nutzenbewertung/1035/"|"Ebglyss"|"1917"|"Lebrikizumab"|"2024-06-06"|"Dupilumab (ggf. in Kombination mit TCS und/oder TCI)"|"ist nicht belegt"|NA|NA
"1067"|"https://www.g-ba.de/bewertungsverfahren/nutzenbewertung/1034/"|"Prevymis"|"1918"|"Letermovir"|"2024-06-06"|"Ganciclovir oder Valganciclovir"|"ist nicht belegt"|NA|"J05AX18"
"1068"|"https://www.g-ba.de/bewertungsverfahren/nutzenbewertung/1036/"|"Praluent"|"1919"|"Alirocumab"|"2024-06-06"|"maximal tolerierte medikamentöse Therapie nach ärztlicher Maßgabe unter Berücksichtigung von Statinen, Cholesterinresorptionshemmern, und Anionenaustauschern"|"ist nicht belegt"|NA|"C10AX14"
"1068"|"https://www.g-ba.de/bewertungsverfahren/nutzenbewertung/1036/"|"Praluent"|"1985"|"Alirocumab"|"2024-06-06"|"Evolocumab (ab 10 Jahren) oder LDL-Apherese (als „ultima ratio“ bei therapierefraktären Verläufen) ggf. mit begleitender medikamentöser lipidsenkender Therapie"|"ist nicht belegt"|NA|"C10AX14"
"1069"|"https://www.g-ba.de/bewertungsverfahren/nutzenbewertung/1039/"|"Brukinsa"|"1920"|"Zanubrutinib"|"2024-06-06"|"Patientenindividuelle Therapie unter Auswahl von
-	Bendamustin + Obinutuzumab gefolgt von einer Obinutuzumab- Erhaltungstherapie entsprechend der Zulassung,
-	Lenalidomid + Rituximab,
-	Rituximab Monotherapie,
-	Mosunetuzumab, 
-	Tisagenlecleucel
unter Berücksichtigung der Vortherapie, des Krankheitsverlaufs und des Allgemeinzustandes."|"ist nicht belegt"|NA|"L01EL03"
"1070"|"https://www.g-ba.de/bewertungsverfahren/nutzenbewertung/1033/"|"Prevymis"|"1921"|"Letermovir"|"2024-06-06"|"Beobachtendes Abwarten"|"nicht quantifizierbar"|"Anhaltspunkt"|"J05AX18"
"1072"|"https://www.g-ba.de/bewertungsverfahren/nutzenbewertung/1038/"|"Rubraca"|"1923"|"Rucaparib"|"2024-06-06"|"Eine patientenindividuelle Therapie unter Auswahl von:
-	Bevacizumab 
-	Olaparib 
-	Niraparib 
-	Olaparib in Kombination mit Bevacizumab
unter Berücksichtigung:
-	der Vortherapie
-	des Vorliegens einer BRCA 1/2-Mutation 
-	des Vorliegens einer genomischen Instabilität"|"ist nicht belegt"|NA|"L01XK03"
"1073"|"https://www.g-ba.de/bewertungsverfahren/nutzenbewertung/1032/"|"Takhzyro"|"1924"|"Lanadelumab"|"2024-06-06"|"C1 inhibitor, human"|"ist nicht belegt"|NA|"B06AC05"
"1074"|"https://www.g-ba.de/bewertungsverfahren/nutzenbewertung/1044/"|"Jemperli"|"1925"|"Dostarlimab"|"2024-06-20"|"Carboplatin + Paclitaxel"|"ist nicht belegt"|NA|"L01FF07"
"1074"|"https://www.g-ba.de/bewertungsverfahren/nutzenbewertung/1044/"|"Jemperli"|"2014"|"Dostarlimab"|"2024-06-20"|"Carboplatin + Paclitaxel"|"erheblich"|"Hinweis"|"L01FF07"
"1075"|"https://www.g-ba.de/bewertungsverfahren/nutzenbewertung/1043/"|"Jardiance"|"1926"|"Empagliflozin"|"2024-06-20"|"Eine patientenindividuelle Therapie unter Berücksichtigung des HbA1c-Wertes, der Vortherapien und Komplikationen unter Auswahl von
-	Metformin + Humaninsulin
-	Metformin + Liraglutid oder Dulaglutid
-	Metformin + Dapagliflozin
-	eine Eskalation der Insulintherapie: konventionelle Therapie [CT] bzw. intensivierte Insulintherapie [ICT], jeweils in Kombination mit Metformin und Liraglutid oder Dulaglutid oder Dapagliflozin"|"ist nicht belegt"|NA|"A10BK03"
"1076"|"https://www.g-ba.de/bewertungsverfahren/nutzenbewertung/1045/"|"Yorvipath"|"1927"|"Palopegteriparatid"|"2024-06-20"|"Parathyroidhormon"|"ist nicht belegt"|NA|NA
"1077"|"https://www.g-ba.de/bewertungsverfahren/nutzenbewertung/1042/"|"Ayvakyt"|"1928"|"Avapritinib"|"2024-06-20"|NA|"gering"|"Hinweis"|"L01EX18"
"1078"|"https://www.g-ba.de/bewertungsverfahren/nutzenbewertung/1041/"|"Polivy"|"1929"|"Polatuzumab Vedotin"|"2024-06-20"|"Tafasitamab in Kombination mit Lenalidomid"|"ist nicht belegt"|NA|"L01FX14"
"1078"|"https://www.g-ba.de/bewertungsverfahren/nutzenbewertung/1041/"|"Polivy"|"1990"|"Polatuzumab Vedotin"|"2024-06-20"|"•	Tisagenlecleucel 
oder
•	Axicabtagen-Ciloleucel
oder
•	Lisocabtagen maraleucel"|"ist nicht belegt"|NA|"L01FX14"
"1078"|"https://www.g-ba.de/bewertungsverfahren/nutzenbewertung/1041/"|"Polivy"|"1991"|"Polatuzumab Vedotin"|"2024-06-20"|"Therapie nach ärztlicher Maßgabe unter Berücksichtigung von:
-	Tafasitamab in Kombination mit Lenalidomid
-	Monotherapie Pixantron und
-	Bestrahlung."|"ist nicht belegt"|NA|"L01FX14"
"1079"|"https://www.g-ba.de/bewertungsverfahren/nutzenbewertung/1040/"|"Polivy"|"1930"|"Polatuzumab Vedotin"|"2024-06-20"|"Rituximab in Kombination mit Cyclophosphamid, Doxorubicin, Vincristin und Prednison (R-CHOP)"|"ist nicht belegt"|NA|"L01FX14"
"1080"|"https://www.g-ba.de/bewertungsverfahren/nutzenbewertung/1002/"|"Keytruda"|"1931"|"Pembrolizumab"|"2024-06-20"|"-	Trastuzumab in Kombination mit Capecitabin und Cisplatin 
oder 
-	Trastuzumab in Kombination mit 5-Fluoruracil und Cisplatin"|"ist nicht belegt"|NA|"L01FF02"
"1081"|"https://www.g-ba.de/bewertungsverfahren/nutzenbewertung/1046/"|"Keytruda"|"1932"|"Pembrolizumab"|"2024-06-20"|"-	Cisplatin + Capecitabin
oder
-	Oxaliplatin + Capecitabin
oder
-	Cisplatin + S-1 (Tegafur/Gimeracil/Oteracil)
oder
-	Cisplatin + 5-Fluorouracil (nur für Patientinnen und Patienten mit Adenokarzinom des Ösophagus)
oder
-	Cisplatin + 5-Fluorouracil + Folinsäure (nur für Patientinnen und Patienten mit Adenokarzinom des Ösophagus)
oder
-	Epirubicin + Cisplatin + Capecitabin
oder
-	Epirubicin + Cisplatin + 5-Fluorouracil 
oder 
-	Epirubicin + Oxaliplatin + Capecitabin 
oder 
-	Docetaxel + Cisplatin + 5-Fluorouracil 
oder 
-	Nivolumab in Kombination mit Fluoropyrimidin- und Platin-basierter Kombinationschemotherapie (nur bei Tumoren mit PD-L1-Expression (Combined Positive Score [CPS] ≥ 5)) 
oder 
-	5-Fluorouracil + Oxaliplatin + Epirubicin (nur für Patientinnen und Patienten mit Adenokarzinom des Ösophagus)"|"ist nicht belegt"|NA|"L01FF02"
"1082"|"https://www.g-ba.de/bewertungsverfahren/nutzenbewertung/1047/"|"Keytruda"|"1933"|"Pembrolizumab"|"2024-06-20"|"Cisplatin in Kombination mit Gemcitabin (vgl. Anlage VI zum Abschnitt K der Arzneimittel-Richtlinie)"|"gering"|"Hinweis"|"L01FF02"
"1083"|"https://www.g-ba.de/bewertungsverfahren/nutzenbewertung/1052/"|"Loargys"|"1934"|"Pegzilarginase"|"2024-07-04"|NA|"nicht quantifizierbar, weil die wissenschaftliche Datengrundlage dies nicht zulässt"|"Anhaltspunkt"|"A16AB24"
"1084"|"https://www.g-ba.de/bewertungsverfahren/nutzenbewertung/1049/"|"Evkeeza"|"1935"|"Evinacumab"|"2024-07-04"|"- Evolocumab ggf. mit begleitender medikamentöser lipidsenkender Therapie, oder
- LDL-Apherese (als „ultima ratio“ bei therapierefraktären Verläufen) ggf. mit begleitender medikamentöser lipidsenkender Therapie, oder
- Evolocumab und LDL-Apherese (als „ultima ratio“ bei therapierefraktären Verläufen) ggf. mit begleitender medikamentöser lipidsenkender Therapie"|"ist nicht belegt"|NA|"C10AX17"
"1085"|"https://www.g-ba.de/bewertungsverfahren/nutzenbewertung/994/"|"Evkeeza"|"1936"|"Evinacumab"|"2024-07-04"|"- Evolocumab (ab 10 Jahren) ggf. mit begleitender medikamentöser lipidsenkender Therapie, oder
- LDL-Apherese (als „ultima ratio“ bei therapierefraktären Verläufen) ggf. mit begleitender medikamentöser lipidsenkender Therapie, oder
- Evolocumab (ab 10 Jahren) und LDL-Apherese (als „ultima ratio“ bei therapierefraktären Verläufen) ggf. mit begleitender medikamentöser lipidsenkender Therapie
"|"ist nicht belegt"|NA|"C10AX17"
"1086"|"https://www.g-ba.de/bewertungsverfahren/nutzenbewertung/1051/"|"Elrexfio"|"1937"|"Elranatamab"|"2024-07-04"|"Eine patientenindividuelle Therapie unter Auswahl von 
-	Carfilzomib in Kombination mit Lenalidomid und Dexamethason 
-	Elotuzumab in Kombination mit Lenalidomid und Dexamethason 
-	Elotuzumab in Kombination mit Pomalidomid und Dexamethason
-	Daratumumab in Kombination mit Bortezomib und Dexamethason
-	Daratumumab in Kombination mit Lenalidomid und Dexamethason 
-	Daratumumab in Kombination mit Carfilzomib und Dexamethason 
-	Daratumumab in Kombination mit Pomalidomid und Dexamethason (nur für Personen, die gegenüber Lenalidomid refraktär sind)
-	Isatuximab in Kombination mit Carfilzomib und Dexamethason
-	Isatuximab in Kombination mit Pomalidomid und Dexamethason
-	Pomalidomid in Kombination mit Bortezomib und Dexamethason (nur für Personen, die auf einen Anti-CD38-Antikörper und Lenalidomid refraktär sind) 
-	Ixazomib in Kombination mit Lenalidomid und Dexamethason (nur für Personen, die auf Bortezomib, Carfilzomib und einen Anti-CD38-Antikörper refraktär sind)
-	Carfilzomib in Kombination mit Dexamethason
unter Berücksichtigung der in den vorherigen Therapien eingesetzten Wirkstoffe und Wirkstoffkombinationen sowie der Art und Dauer des Ansprechens auf die jeweiligen vorherigen Therapien"|"ist nicht belegt"|NA|NA
"1086"|"https://www.g-ba.de/bewertungsverfahren/nutzenbewertung/1051/"|"Elrexfio"|"1992"|"Elranatamab"|"2024-07-04"|"Eine patientenindividuelle Therapie unter Auswahl von 
-	Carfilzomib in Kombination mit Lenalidomid und Dexamethason 
-	Elotuzumab in Kombination mit Lenalidomid und Dexamethason 
-	Elotuzumab in Kombination mit Pomalidomid und Dexamethason 
-	Daratumumab in Kombination mit Bortezomib und Dexamethason
-	Daratumumab in Kombination mit Lenalidomid und Dexamethason 
-	Daratumumab in Kombination mit Carfilzomib und Dexamethason 
-	Daratumumab in Kombination mit Pomalidomid und Dexamethason
-	Isatuximab in Kombination mit Carfilzomib und Dexamethason
-	Isatuximab in Kombination mit Pomalidomid und Dexamethason
-	Pomalidomid in Kombination mit Bortezomib und Dexamethason (nur für Personen, die auf einen Anti-CD38-Antikörper und Lenalidomid refraktär sind)
-	Ixazomib in Kombination mit Lenalidomid und Dexamethason (nur für Personen, die auf Bortezomib, Carfilzomib und einen Anti-CD38-Antikörper refraktär sind)
-	Panobinostat in Kombination mit Bortezomib und Dexamethason
-	Carfilzomib in Kombination mit Dexamethason
-	Pomalidomid in Kombination mit Dexamethason (nur für mind. doppelt-refraktäre Personen, die für eine Triplett-Therapie nicht geeignet sind)
-	Lenalidomid in Kombination mit Dexamethason (nur für mind. doppelt-refraktäre Personen, die für eine Triplett-Therapie nicht geeignet sind)
-	Bortezomib in Kombination mit pegyliertem liposomalen Doxorubicin (nur für mind. doppelt-refraktäre Personen, die für eine Triplett-Therapie nicht geeignet sind)
-	Bortezomib in Kombination mit Dexamethason (nur für mind. doppelt-refraktäre Personen, die für eine Triplett-Therapie nicht geeignet sind)
-	Daratumumab Monotherapie (nur für mind. dreifach refraktäre Personen, die für eine Triplett- oder Dublett-Therapie nicht geeignet sind)
-	Cyclophosphamid als Monotherapie oder in Kombination mit Dexamethason (nur für mind. dreifach refraktäre Personen, die für eine Triplett- oder Dublett-Therapie nicht geeignet sind)
-	Melphalan als Monotherapie oder in Kombination mit Prednisolon oder Prednison (nur für mind. dreifach refraktäre Personen, die für eine Triplett- oder Dublett-Therapie nicht geeignet sind)
unter Berücksichtigung des Allgemeinzustandes, der in den vorherigen Therapien eingesetzten Wirkstoffe und Wirkstoffkombinationen sowie der Art und Dauer des Ansprechens auf die jeweiligen vorherigen Therapien"|"ist nicht belegt"|NA|NA
"1087"|"https://www.g-ba.de/bewertungsverfahren/nutzenbewertung/1050/"|"Agamree"|"1938"|"Vamorolon"|"2024-07-04"|NA|"nicht quantifizierbar, weil die wissenschaftliche Datengrundlage dies nicht zulässt"|"Anhaltspunkt"|NA
"1089"|"https://www.g-ba.de/bewertungsverfahren/nutzenbewertung/1056/"|"Veltassa"|"1944"|"Patiromer"|"2024-08-01"|"- Polystyrolsulfonate (CaPSS, NaPSS)"|"ist nicht belegt"|NA|"V03AE09"
"1090"|"https://www.g-ba.de/bewertungsverfahren/nutzenbewertung/1055/"|"Veoza"|"1945"|"Fezolinetant"|"2024-08-01"|"Therapie nach ärztlicher Maßgabe unter Auswahl einer systemischen Hormonersatztherapie (bei Frauen mit intaktem Uterus (Estrogen/Gestagen-Kombination bei Frauen mit intaktem Uterus bzw. nur Estrogen bei Frauen ohne Uterus)"|"ist nicht belegt"|NA|"G02CX06"
"1090"|"https://www.g-ba.de/bewertungsverfahren/nutzenbewertung/1055/"|"Veoza"|"2015"|"Fezolinetant"|"2024-08-01"|"Beobachtendes Abwarten"|"gering"|"Anhaltspunkt"|"G02CX06"
"1091"|"https://www.g-ba.de/bewertungsverfahren/nutzenbewertung/1054/"|"Briumvi"|"1946"|"Ublituximab"|"2024-08-01"|"Dimethylfumarat oder Diroximelfumarat oder Glatirameracetat oder Interferon beta-1a oder Interferon beta-1b oder Teriflunomid"|"gering"|"Hinweis"|"L04AG14"
"1091"|"https://www.g-ba.de/bewertungsverfahren/nutzenbewertung/1054/"|"Briumvi"|"2016"|"Ublituximab"|"2024-08-01"|"Eine patientenindividuelle Therapie unter Berücksichtigung der Krankheitsaktivität und Prognosefaktoren  unter Auswahl folgender Wirkstoffe: Fingolimod, Natalizumab, Ocrelizumab, Ofatumumab, Ozanimod und Ponesimod"|"ist nicht belegt"|NA|"L04AG14"
"1092"|"https://www.g-ba.de/bewertungsverfahren/nutzenbewertung/1053/"|"Vanflyta"|"1947"|"Quizartinib"|"2024-08-01"|"•	eine Induktionschemotherapie:
Cytarabin in Kombination mit Daunorubicin und Midostaurin 
•	gefolgt von einer Konsolidierungstherapie: 
Eine patientenindividuelle Therapie unter Auswahl von Chemotherapie (Cytarabin in Kombination mit Midostaurin) und einer allogenen Stammzelltransplantation, insbesondere in Abhängigkeit der Subform der AML, des Allgemeinzustandes und der Komorbidität der Patientinnen und Patienten. 
•	gefolgt von einer Erhaltungstherapie:
Eine patientenindividuelle Therapie unter Auswahl von 
- Azacitidin (nur für Personen, die für eine allogene Stammzelltransplantation nicht geeignet sind) 
- Midostaurin (nur für Personen, die für eine allogene Stammzelltransplantation nicht geeignet sind)
- Sorafenib (nur für Personen nach einer allogenen Stammzelltransplantation)
unter Berücksichtigung der Induktions- und Konsolidierungstherapie"|"ist nicht belegt"|NA|"L01EX11"
"1093"|"https://www.g-ba.de/bewertungsverfahren/nutzenbewertung/1057/"|"Rezzayo"|"1948"|"Rezafungin"|"2024-08-01"|NA|"nicht quantifizierbar, weil die wissenschaftliche Datengrundlage dies nicht zulässt"|"Anhaltspunkt"|"J02AX08"
"1094"|"https://www.g-ba.de/bewertungsverfahren/nutzenbewertung/1058/"|"Talzenna"|"1949"|"Talazoparib"|"2024-08-15"|"‒	Abirateronacetat in Kombination mit Prednison oder Prednisolon (nur für Patienten, deren Erkrankung während oder nach einer Docetaxel-haltigen Chemotherapie progredient ist; nur für Patienten mit asymptomatischem oder mild symptomatischem Verlauf der Erkrankung nach Versagen der Androgenentzugstherapie, bei denen eine Chemotherapie noch nicht klinisch indiziert ist)
oder
‒	Enzalutamid (nur für Patienten, deren Erkrankung während oder nach einer Chemotherapie mit Docetaxel fortschreitet; nur für Patienten mit asymptomatischem oder mild symptomatischem Verlauf der Erkrankung nach Versagen der Androgenentzugstherapie, bei denen eine Chemotherapie noch nicht klinisch indiziert ist)
oder
‒	Olaparib als Monotherapie (nur für Patienten mit BRCA1/2-Mutationen (in der Keimbahn und/oder somatisch), deren Erkrankung nach vorheriger Behandlung, die eine neue hormonelle Substanz (new hormonal agent) umfasste, progredient ist)
oder
‒	Olaparib in Kombination mit Abirateronacetat und Prednison oder Prednisolon (nur für Patienten mit BRCA-Mutationen sowie für Patienten ohne BRCA-Mutationen mit symptomatischem Verlauf der Erkrankung)"|"geringerer Nutzen"|"Anhaltspunkt"|"L01XK04"
"1094"|"https://www.g-ba.de/bewertungsverfahren/nutzenbewertung/1058/"|"Talzenna"|"2017"|"Talazoparib"|"2024-08-15"|"Patientenindividuelle Therapie unter Auswahl von
­- Abirateronacetat in Kombination mit Prednison oder Prednisolon (nur für Patienten, deren Erkrankung während oder nach einer Docetaxel-haltigen Chemotherapie progredient ist),
­- Enzalutamid (nur für Patienten, deren Erkrankung während oder nach einer Chemotherapie mit Docetaxel fortschreitet),
­- Olaparib in Kombination mit Abirateronacetat und Prednison oder Prednisolon und
­- Olaparib als Monotherapie (nur für Patienten mit BRCA1/2-Mutationen (in der Keimbahn und/oder somatisch), deren Erkrankung nach vorheriger Behandlung, die eine neue hormonelle Substanz (new hormonal agent) umfasste, progredient ist)
unter Berücksichtigung der Vortherapie(n) und des BRCA1/2-Mutationsstatus."|"ist nicht belegt"|NA|"L01XK04"
"1094"|"https://www.g-ba.de/bewertungsverfahren/nutzenbewertung/1058/"|"Talzenna"|"2022"|"Talazoparib"|"2024-08-15"|"‒	Abirateronacetat in Kombination mit Prednison oder Prednisolon (nur für Patienten, deren Erkrankung während oder nach einer Docetaxel-haltigen Chemotherapie progredient ist; nur für Patienten mit asymptomatischem oder mild symptomatischem Verlauf der Erkrankung nach Versagen der Androgenentzugstherapie, bei denen eine Chemotherapie noch nicht klinisch indiziert ist)
oder
‒	Enzalutamid (nur für Patienten, deren Erkrankung während oder nach einer Chemotherapie mit Docetaxel fortschreitet; nur für Patienten mit asymptomatischem oder mild symptomatischem Verlauf der Erkrankung nach Versagen der Androgenentzugstherapie, bei denen eine Chemotherapie noch nicht klinisch indiziert ist)
oder
‒	Olaparib als Monotherapie (nur für Patienten mit BRCA1/2-Mutationen (in der Keimbahn und/oder somatisch), deren Erkrankung nach vorheriger Behandlung, die eine neue hormonelle Substanz (new hormonal agent) umfasste, progredient ist)
oder
‒	Olaparib in Kombination mit Abirateronacetat und Prednison oder Prednisolon (nur für Patienten mit BRCA-Mutationen sowie für Patienten ohne BRCA-Mutationen mit symptomatischem Verlauf der Erkrankung)"|"ist nicht belegt"|NA|"L01XK04"
"1095"|"https://www.g-ba.de/bewertungsverfahren/nutzenbewertung/1059/"|"Omjjara"|"1950"|"Momelotinib"|"2024-08-15"|NA|"nicht quantifizierbar, weil die wissenschaftliche Datengrundlage dies nicht zulässt"|"Anhaltspunkt"|"L01EJ04"
"1095"|"https://www.g-ba.de/bewertungsverfahren/nutzenbewertung/1059/"|"Omjjara"|"2019"|"Momelotinib"|"2024-08-15"|NA|"gering"|"Anhaltspunkt"|"L01EJ04"
"1097"|"https://www.g-ba.de/bewertungsverfahren/nutzenbewertung/1061/"|"Inaqovi"|"1953"|"Decitabin/Cedazuridin"|"2024-08-15"|"–	Azacitidin 
oder 
–	Decitabin 
oder 
–	Glasdegib in Kombination mit niedrig dosiertem Cytarabin 
oder 
–	Venetoclax in Kombination mit Azacitidin
oder
–	Venetoclax in Kombination mit Decitabin"|"ist nicht belegt"|NA|NA
"1098"|"https://www.g-ba.de/bewertungsverfahren/nutzenbewertung/1064/"|"Zilbrysq"|"1954"|"Zilucoplan"|"2024-08-15"|"- Eculizumab (für refraktäre Patientinnen und Patienten) oder Efgartigimod alfa oder Ravulizumab"|"ist nicht belegt"|NA|"L04AJ06"
"1099"|"https://www.g-ba.de/bewertungsverfahren/nutzenbewertung/1063/"|"Rystiggo"|"1955"|"Rozanolixizumab"|"2024-08-15"|NA|"beträchtlich"|"Anhaltspunkt"|NA
"1099"|"https://www.g-ba.de/bewertungsverfahren/nutzenbewertung/1063/"|"Rystiggo"|"2020"|"Rozanolixizumab"|"2024-08-15"|NA|"nicht quantifizierbar, weil die wissenschaftliche Datengrundlage dies nicht zulässt"|"Anhaltspunkt"|NA
"1101"|"https://www.g-ba.de/bewertungsverfahren/nutzenbewertung/998/"|"Beyfortus"|"1957"|"Nirsevimab"|"2024-08-15"|"Palivizumab"|"ist nicht belegt"|NA|"J06BD08"
"1101"|"https://www.g-ba.de/bewertungsverfahren/nutzenbewertung/998/"|"Beyfortus"|"2021"|"Nirsevimab"|"2024-08-15"|"Beobachtendes Abwarten"|"ist nicht belegt"|NA|"J06BD08"
"1102"|"https://www.g-ba.de/bewertungsverfahren/nutzenbewertung/1060/"|"Quviviq"|"1958"|"Daridorexant"|"2024-08-15"|"Best Supportive Care"|"ist nicht belegt"|NA|"N05CJ03"
"1103"|"https://www.g-ba.de/bewertungsverfahren/nutzenbewertung/1067/"|"Skyclarys"|"1961"|"Omaveloxolon"|"2024-09-19"|NA|"nicht quantifizierbar, weil die wissenschaftliche Datengrundlage dies nicht zulässt"|"Anhaltspunkt"|NA
"1105"|"https://www.g-ba.de/bewertungsverfahren/nutzenbewertung/1070/"|"Vyvgart"|"1980"|"Efgartigimod alfa"|"2024-09-19"|"Eculizumab (für refraktäre Patientinnen und Patienten) oder Ravulizumab"|"ist nicht belegt"|NA|"L04AA58"
"1106"|"https://www.g-ba.de/bewertungsverfahren/nutzenbewertung/1069/"|"Elucirem"|"1981"|"Gadopiclenol"|"2024-09-19"|"Zweckmäßige Vergleichstherapie für Gadopiclenol:
- Gadobutrol oder Gadoteridol oder Gadotersäure
"|"ist nicht belegt"|NA|"V08CA12"
"1107"|"https://www.g-ba.de/bewertungsverfahren/nutzenbewertung/1068/"|"Abecma"|"2024"|"Idecabtagen vicleucel"|"2024-09-19"|"Eine patientenindividuelle Therapie unter Auswahl von
- Carfilzomib in Kombination mit Lenalidomid und Dexamethason
- Elotuzumab in Kombination mit Lenalidomid und Dexamethason
- Elotuzumab in Kombination mit Pomalidomid und Dexamethason
- Daratumumab in Kombination mit Bortezomib und Dexamethason
- Daratumumab in Kombination mit Lenalidomid und Dexamethason
- Daratumumab in Kombination mit Carfilzomib und Dexamethason
- Daratumumab in Kombination mit Pomalidomid und Dexamethason
- Isatuximab in Kombination mit Carfilzomib und Dexamethason
- Isatuximab in Kombination mit Pomalidomid und Dexamethason
- Pomalidomid in Kombination mit Bortezomib und Dexamethason [nur für Personen, die auf einen CD38-Antikörper und Lenalidomid refraktär sind]
- Ixazomib in Kombination mit Lenalidomid und Dexamethason [nur für Personen, die auf Bortezomib, Carfilzomib und einen CD38-Antikörper refraktär sind]
- Panobinostat in Kombination mit Bortezomib und Dexamethason
- Carfilzomib in Kombination mit Dexamethason
- Pomalidomid in Kombination mit Dexamethason
[nur für mind. doppelt-refraktäre Personen, die für eine Triplett-Therapie nicht geeignet sind und mindestens vier Vortherapien erhalten haben]
- Lenalidomid in Kombination mit Dexamethason
[nur für mind. doppelt-refraktäre Personen, die für eine Triplett-Therapie nicht geeignet sind und mindestens vier Vortherapien erhalten haben]
- Bortezomib in Kombination mit pegyliertem liposomalen Doxorubicin
[nur für mind. doppelt-refraktäre Personen, die für eine Triplett-Therapie nicht geeignet sind und mindestens vier Vortherapien erhalten haben]
- Bortezomib in Kombination mit Dexamethason
[nur für mind. doppelt-refraktäre Personen, die für eine Triplett-Therapie nicht geeignet sind und mindestens vier Vortherapien erhalten haben]
- Daratumumab Monotherapie
[nur für mind. dreifach refraktäre Personen, die für eine Triplett- oder Duplett-Therapie nicht geeignet sind und mindestens vier Vortherapien erhalten haben]
- Cyclophosphamid als Monotherapie oder in Kombination mit Dexamethason [nur für mind. dreifach refraktäre Personen, die für eine Triplett- oder Duplett-Therapie nicht geeignet sind und mindestens vier Vortherapien erhalten haben]
- Melphalan als Monotherapie oder in Kombination mit Prednisolon oder Prednison
[nur für mind. dreifach refraktäre Personen, die für eine Triplett- oder Duplett-Therapie nicht geeignet sind und mindestens vier Vortherapien erhalten haben]

unter Berücksichtigung des Allgemeinzustandes, der in den vorherigen Therapien eingesetzten Wirkstoffe und Wirkstoffkombinationen sowie der Art und Dauer des Ansprechens auf die jeweiligen vorherigen Therapien"|"ist nicht belegt"|NA|"L01XL07"
"1108"|"https://www.g-ba.de/bewertungsverfahren/nutzenbewertung/1072/"|"Velsipity"|"1983"|"Etrasimod"|"2024-10-02"|"Adalimumab oder Golimumab oder Infliximab oder Mirikizumab oder Ozanimod oder Ustekinumab oder Vedolizumab
"|"ist nicht belegt"|NA|NA
"1108"|"https://www.g-ba.de/bewertungsverfahren/nutzenbewertung/1072/"|"Velsipity"|"2026"|"Etrasimod"|"2024-10-02"|"Adalimumab oder Filgotinib oder Golimumab oder Infliximab oder Mirikizumab oder Ozanimod oder Tofacitinib oder Upadacitinib oder Ustekinumab oder Vedolizumab
"|"ist nicht belegt"|NA|NA
"1109"|"https://www.g-ba.de/bewertungsverfahren/nutzenbewertung/1071/"|"Eladynos"|"1984"|"Abaloparatid"|"2024-10-02"|"Patientenindividuelle Therapie unter Berücksichtigung des Frakturrisikos und der Vortherapie unter Auswahl von:
Alendronsäure, Risedronsäure, Zoledronsäure, Denosumab, Romosozumab (Frauen mit deutlich erhöhtem Frakturrisiko) und Teriparatid
"|"ist nicht belegt"|NA|"H05AA04"
"1110"|"https://www.g-ba.de/bewertungsverfahren/nutzenbewertung/1074/"|"Cibinqo"|"1993"|"Abrocitinib"|"2024-10-17"|"Dupilumab (ggf. in Kombination mit TCS und/oder TCI)"|"ist nicht belegt"|NA|"D11AH08"
"1111"|"https://www.g-ba.de/bewertungsverfahren/nutzenbewertung/1080/"|"Finlee"|"1994"|"Dabrafenib"|"2024-10-17"|NA|"beträchtlich"|"Anhaltspunkt"|"L01EC02"
"1111"|"https://www.g-ba.de/bewertungsverfahren/nutzenbewertung/1080/"|"Finlee"|"2028"|"Dabrafenib"|"2024-10-17"|NA|"nicht quantifizierbar, weil die wissenschaftliche Datengrundlage dies nicht zulässt"|"Anhaltspunkt"|"L01EC02"
"1111"|"https://www.g-ba.de/bewertungsverfahren/nutzenbewertung/1080/"|"Finlee"|"2042"|"Dabrafenib"|"2024-10-17"|NA|"nicht quantifizierbar, weil die wissenschaftliche Datengrundlage dies nicht zulässt"|"Anhaltspunkt"|"L01EC02"
"1113"|"https://www.g-ba.de/bewertungsverfahren/nutzenbewertung/1026/"|"Keytruda"|"1995"|"Pembrolizumab"|"2024-10-17"|"Beobachtendes Abwarten"|"ist nicht belegt"|NA|"L01FF02"
"1114"|"https://www.g-ba.de/bewertungsverfahren/nutzenbewertung/1082/"|"Keytruda"|"1996"|"Pembrolizumab"|"2024-10-17"|"Neoadjuvante Behandlung:
Nivolumab in Kombination mit einer Platin-basierten Therapie 
Gefolgt von adjuvanter Behandlung:
Best-Supportive-Care"|"ist nicht belegt"|NA|"L01FF02"
"1114"|"https://www.g-ba.de/bewertungsverfahren/nutzenbewertung/1082/"|"Keytruda"|"2027"|"Pembrolizumab"|"2024-10-17"|"Patientenindividuelle Therapie unter Auswahl von
▪ präoperativer (neoadjuvanter) systemischer Chemotherapie unter Auswahl von
- Cisplatin in Kombination mit einem Drittgenerationszytostatikum (Vinorelbin oder Gemcitabin oder
Docetaxel oder Paclitaxel oder Pemetrexed)
und
- Carboplatin in Kombination mit einem Drittgenerationszytostatikum (Vinorelbin oder Gemcitabin
oder Docetaxel oder Paclitaxel oder Pemetrexed) und
▪ simultaner Strahlenchemotherapie mit Platin-basierter (Cisplatin oder Carboplatin) Kombinationschemotherapie
unter Berücksichtigung des Tumorstadiums, der Tumorhistologie, dem Vorliegen eines Pancoast-Tumors und der Erreichbarkeit einer R0-Resektion, sowie der Voraussetzungen für einen Einsatz von Carboplatin.
Gefolgt von adjuvanter Behandlung:
Best-Supportive Care"|"ist nicht belegt"|NA|"L01FF02"
"1115"|"https://www.g-ba.de/bewertungsverfahren/nutzenbewertung/1083/"|"Reblozyl"|"1997"|"Luspatercept"|"2024-10-17"|"Patientenindividuelle Therapie unter Auswahl von 
- Erythropoesestimulierende Faktoren (Erythropoetin alfa/ Erythropoetin zeta; nur bei Patientinnen und Patienten mit einem Erythropoetin-Serumspiegel von < 200 U/L) 
- einer bedarfsgerechten Transfusionstherapie mit Erythrozytenkonzentraten (EK) in Kombination mit einer Chelattherapie 
- Lenalidomid (nur für Patientinnen und Patienten mit einer isolierten Deletion 5q, wenn andere Behandlungsoptionen nicht ausreichend oder nicht angemessen sind) 
unter Berücksichtigung des Erythropoetin-Serumspiegels, der Zytogenetik und der Vortherapie"|"gering"|"Anhaltspunkt"|"B03XA06"
"1115"|"https://www.g-ba.de/bewertungsverfahren/nutzenbewertung/1083/"|"Reblozyl"|"2030"|"Luspatercept"|"2024-10-17"|"Patientenindividuelle Therapie unter Auswahl von 
- Erythropoesestimulierende Faktoren (Erythropoetin alfa/ Erythropoetin zeta; nur bei Patientinnen und Patienten mit einem Erythropoetin-Serumspiegel von < 200 U/L) 
- einer bedarfsgerechten Transfusionstherapie mit Erythrozytenkonzentraten (EK) in Kombination mit einer Chelattherapie 
- Lenalidomid (nur für Patientinnen und Patienten mit einer isolierten Deletion 5q, wenn andere Behandlungsoptionen nicht ausreichend oder nicht angemessen sind) 
unter Berücksichtigung des Erythropoetin-Serumspiegels, der Zytogenetik und der Vortherapie"|"ist nicht belegt"|NA|"B03XA06"
"1112"|"https://www.g-ba.de/bewertungsverfahren/nutzenbewertung/1081/"|"Spexotras"|"1998"|"Trametinib"|"2024-10-17"|NA|"beträchtlich"|"Anhaltspunkt"|"L01EE01"
"1112"|"https://www.g-ba.de/bewertungsverfahren/nutzenbewertung/1081/"|"Spexotras"|"2029"|"Trametinib"|"2024-10-17"|NA|"nicht quantifizierbar, weil die wissenschaftliche Datengrundlage dies nicht zulässt"|"Anhaltspunkt"|"L01EE01"
"1112"|"https://www.g-ba.de/bewertungsverfahren/nutzenbewertung/1081/"|"Spexotras"|"2043"|"Trametinib"|"2024-10-17"|NA|"nicht quantifizierbar, weil die wissenschaftliche Datengrundlage dies nicht zulässt"|"Anhaltspunkt"|"L01EE01"
"1122"|"https://www.g-ba.de/bewertungsverfahren/nutzenbewertung/1084/"|"Retsevmo"|"2005"|"Selpercatinib"|"2024-11-07"|"- Sorafenib
oder
- Lenvatinib (nur für Erwachsene)
"|"ist nicht belegt"|NA|"L01EX22"
"1122"|"https://www.g-ba.de/bewertungsverfahren/nutzenbewertung/1084/"|"Retsevmo"|"2045"|"Selpercatinib"|"2024-11-07"|"Patientenindividuelle Therapie unter Auswahl von 
- Sorafenib, 
- Lenvatinib und 
- Best-Supportive-Care
unter Berücksichtigung der Vortherapie und des Allgemeinzustandes
"|"ist nicht belegt"|NA|"L01EX22"
"1123"|"https://www.g-ba.de/bewertungsverfahren/nutzenbewertung/1085/"|"Retsevmo"|"2006"|"Selpercatinib"|"2024-11-07"|"Best-Supportive-Care"|"ist nicht belegt"|NA|"L01EX22"
"1124"|"https://www.g-ba.de/bewertungsverfahren/nutzenbewertung/1092/"|"Aspaveli"|"2007"|"Pegcetacoplan"|"2024-11-22"|NA|"nicht quantifizierbar, weil die wissenschaftliche Datengrundlage dies nicht zulässt"|"Anhaltspunkt"|"L04AJ03"
"1125"|"https://www.g-ba.de/bewertungsverfahren/nutzenbewertung/1087/"|"Bimzelx"|"2008"|"Bimekizumab"|"2024-11-22"|"Adalimumab oder Secukinumab"|"ist nicht belegt"|NA|"L04AC21"
"1126"|"https://www.g-ba.de/bewertungsverfahren/nutzenbewertung/1090/"|"Lytgobi"|"2009"|"Futibatinib"|"2024-11-22"|"Pemigatinib"|"ist nicht belegt"|NA|"L01EN04"
"1127"|"https://www.g-ba.de/bewertungsverfahren/nutzenbewertung/1089/"|"Voydeya"|"2010"|"Danicopan"|"2024-11-22"|NA|"nicht quantifizierbar, weil die wissenschaftliche Datengrundlage dies nicht zulässt"|"Anhaltspunkt"|"L04AJ09"
"1128"|"https://www.g-ba.de/bewertungsverfahren/nutzenbewertung/1091/"|"Vafseo"|"2011"|"Vadadustat"|"2024-11-22"|"Darbepoetin alfa oder Epoetin alfa oder Epoetin beta oder Epoetin theta oder Epoetin zeta oder Methoxy-Polyethylenglycol-Epoetin beta"|"ist nicht belegt"|NA|"B03XA08"
"1132"|"https://www.g-ba.de/bewertungsverfahren/nutzenbewertung/1120/"|"Skyrizi"|"2031"|"Risankizumab"|"2025-02-20"|"Adalimumab oder Golimumab oder Infliximab oder Ozanimod oder Ustekinumab oder Vedolizumab "|"ist nicht belegt"|NA|"L04AC18"
"1132"|"https://www.g-ba.de/bewertungsverfahren/nutzenbewertung/1120/"|"Skyrizi"|"2087"|"Risankizumab"|"2025-02-20"|"Adalimumab oder Filgotinib oder Golimumab oder Infliximab oder Ozanimod oder Tofacitinib oder Ustekinumab oder Vedolizumab"|"ist nicht belegt"|NA|"L04AC18"
"1133"|"https://www.g-ba.de/bewertungsverfahren/nutzenbewertung/1114/"|"Imfinzi"|"2032"|"Durvalumab"|"2025-02-20"|"Dostarlimab in Kombination mit Carboplatin + Paclitaxel gefolgt von Dostarlimab als Monotherapie"|"ist nicht belegt"|NA|"L01FF03"
"1134"|"https://www.g-ba.de/bewertungsverfahren/nutzenbewertung/1112/"|"Imfinzi"|"2033"|"Durvalumab"|"2025-02-20"|"Carboplatin und Paclitaxel gefolgt von beobachtendem Abwarten"|"beträchtlich"|"Hinweis"|"L01FF03"
"1134"|"https://www.g-ba.de/bewertungsverfahren/nutzenbewertung/1112/"|"Imfinzi"|"2102"|"Durvalumab"|"2025-02-20"|"Carboplatin und Paclitaxel gefolgt von beobachtendem Abwarten"|"ist nicht belegt"|NA|"L01FF03"
"1135"|"https://www.g-ba.de/bewertungsverfahren/nutzenbewertung/1139/"|"Cresemba"|"2034"|"Isavuconazol"|"2025-03-20"|NA|"nicht quantifizierbar, weil die wissenschaftliche Datengrundlage dies nicht zulässt"|"Anhaltspunkt"|"J02AC05"
"1136"|"https://www.g-ba.de/bewertungsverfahren/nutzenbewertung/1140/"|"Cresemba"|"2035"|"Isavuconazol"|"2025-03-20"|NA|"nicht quantifizierbar, weil die wissenschaftliche Datengrundlage dies nicht zulässt"|"Anhaltspunkt"|"J02AC05"
"1137"|"https://www.g-ba.de/bewertungsverfahren/nutzenbewertung/1105/"|"Rozlytrek"|"2036"|"Entrectinib"|"2024-02-06"|"Individualisierte Therapie unter Auswahl von Larotrectinib, Best-Supportive-Care, chirurgischer Resektion, die wahrscheinlich zu schwerer Morbidität führt, für die aber gleichwohl im Einzelfall ein patientenindividueller klinischer Nutzen zu erwarten ist"|"ist nicht belegt"|NA|"L01EX14"
"1138"|"https://www.g-ba.de/bewertungsverfahren/nutzenbewertung/1113/"|"Lynparza"|"2037"|"Olaparib"|"2025-02-20"|"Carboplatin + Paclitaxel gefolgt von beobachtendem Abwarten"|"beträchtlich"|"Hinweis"|"L01XK01"
"1138"|"https://www.g-ba.de/bewertungsverfahren/nutzenbewertung/1113/"|"Lynparza"|"2103"|"Olaparib"|"2025-02-20"|"Carboplatin + Paclitaxel gefolgt von beobachtendem Abwarten"|"ist nicht belegt"|NA|"L01XK01"
"1140"|"https://www.g-ba.de/bewertungsverfahren/nutzenbewertung/1124/"|"Yselty"|"2038"|"Linzagolix"|"2025-03-06"|"Individualisierte Therapie unter Auswahl von:  - einer symptomorientierten Behandlung:  o Relugolix/Estradiol/Norethisteronacetat  o Gestagene unter Beachtung des jeweiligen Zulassungsstatus (Für Patientinnen, für die eine symptomatische Behandlung der verlängerten und/oder starken Regelblutung (Menorrhagie, Hypermenorrhö) ausreichend ist.)   - invasiven Behandlungsoptionen "|"ist nicht belegt"|NA|"H01CC04"
"1141"|"https://www.g-ba.de/bewertungsverfahren/nutzenbewertung/1123/"|"Vabysmo"|"2039"|"Faricimab"|"2025-02-20"|"Aflibercept oder Ranibizumab"|"ist nicht belegt"|NA|"S01LA09"
"1141"|"https://www.g-ba.de/bewertungsverfahren/nutzenbewertung/1123/"|"Vabysmo"|"2086"|"Faricimab"|"2025-02-20"|"Aflibercept oder Ranibizumab"|"ist nicht belegt"|NA|"S01LA09"
"1143"|"https://www.g-ba.de/bewertungsverfahren/nutzenbewertung/1094/"|"Qalsody"|"2044"|"Tofersen"|"2024-12-19"|NA|"nicht quantifizierbar, weil die wissenschaftliche Datengrundlage dies nicht zulässt"|"Anhaltspunkt"|NA
"1144"|"https://www.g-ba.de/bewertungsverfahren/nutzenbewertung/1107/"|"Tagrisso"|"2046"|"Osimertinib"|"2025-02-06"|"-	Afatinib (nur für Patientinnen und Patienten mit der aktivierenden EGFR-Mutation Deletion im Exon 19) 
oder 
-	Osimertinib
"|"ist nicht belegt"|NA|"L01EB04"
"1145"|"https://www.g-ba.de/bewertungsverfahren/nutzenbewertung/1098/"|"Opdivo"|"2047"|"Nivolumab"|"2024-12-19"|"Cisplatin in Kombination mit Gemcitabin gefolgt von Avelumab als Erhaltungstherapie (Erhaltungstherapie mit Avelumab nur für Patientinnen und Patienten, die progressionsfrei sind)"|"ist nicht belegt"|NA|"L01FF01"
"1146"|"https://www.g-ba.de/bewertungsverfahren/nutzenbewertung/1093/"|"Exblifep"|"2048"|"Cefepim/Enmetazobactam"|"2024-12-05"|NA|"gilt als belegt"|NA|"J01DE51"
"1146"|"https://www.g-ba.de/bewertungsverfahren/nutzenbewertung/1093/"|"Exblifep"|"2062"|"Cefepim/Enmetazobactam"|"2024-12-05"|NA|"gilt als belegt"|NA|"J01DE51"
"1146"|"https://www.g-ba.de/bewertungsverfahren/nutzenbewertung/1093/"|"Exblifep"|"2063"|"Cefepim/Enmetazobactam"|"2024-12-05"|NA|"gilt als belegt"|NA|"J01DE51"
"1147"|"https://www.g-ba.de/bewertungsverfahren/nutzenbewertung/1121/"|"Awiqli"|"2051"|"Insulin icodec"|"2025-02-20"|"Humaninsulin + Metformin"|"ist nicht belegt"|NA|"A10AE07"
"1147"|"https://www.g-ba.de/bewertungsverfahren/nutzenbewertung/1121/"|"Awiqli"|"2079"|"Insulin icodec"|"2025-02-20"|"Humaninsulin + Metformin + Empagliflozin, oder Humaninsulin + Metformin + Dapagliflozin, oder Humaninsulin + Metformin + Liraglutid"|"ist nicht belegt"|NA|"A10AE07"
"1147"|"https://www.g-ba.de/bewertungsverfahren/nutzenbewertung/1121/"|"Awiqli"|"2080"|"Insulin icodec"|"2025-02-20"|"Eskalation der Insulintherapie (konventionelle Therapie (CT) ggf. + Metformin oder Dulaglutid bzw. intensivierte Insulintherapie (ICT))"|"ist nicht belegt"|NA|"A10AE07"
"1147"|"https://www.g-ba.de/bewertungsverfahren/nutzenbewertung/1121/"|"Awiqli"|"2081"|"Insulin icodec"|"2025-02-20"|"Eskalation der Insulintherapie: konventionelle Therapie (CT) bzw. intensivierte Insulintherapie (ICT), jeweils in Kombination mit Metformin und Empagliflozin oder Dapagliflozin oder Liraglutid "|"ist nicht belegt"|NA|"A10AE07"
"1148"|"https://www.g-ba.de/bewertungsverfahren/nutzenbewertung/1122/"|"Awiqli"|"2052"|"Insulin icodec"|"2025-02-20"|"Humaninsulin oder Insulinanaloga (Insulin detemir, Insulin glargin, Insulin degludec, Insulin aspart, Insulin glulisin, Insulin lispro)"|"ist nicht belegt"|NA|"A10AE07"
"1149"|"https://www.g-ba.de/bewertungsverfahren/nutzenbewertung/1127/"|"PiaSky"|"2053"|"Crovalimab"|"2025-03-06"|"Eculizumab oder Ravulizumab"|"ist nicht belegt"|NA|NA
"1149"|"https://www.g-ba.de/bewertungsverfahren/nutzenbewertung/1127/"|"PiaSky"|"2095"|"Crovalimab"|"2025-03-06"|"Eculizumab oder Ravulizumab"|"ist nicht belegt"|NA|NA
"1150"|"https://www.g-ba.de/bewertungsverfahren/nutzenbewertung/1125/"|"Winrevair"|"2054"|"Sotatercept"|"2025-03-06"|"Individualisierte Therapie unter Auswahl von: - Endothelin-Rezeptor-Antagonisten (Ambrisentan, Bosentan, Macitentan) - Phosphodiesterase-Typ-5-Inhibitoren (Sildenafil, Tadalafil) - Prostazyklin-Analoga (Epoprostenol, Iloprost, Treprostinil) - Selektive Prostazyklin-Rezeptor-Agonisten (Selexipag) und - Stimulator der löslichen Guanylatyclase (Riociguat)"|"gering"|"Anhaltspunkt"|"C02KX06"
"1151"|"https://www.g-ba.de/bewertungsverfahren/nutzenbewertung/1128/"|"Tepkinly"|"2055"|"Epcoritamab"|"2025-03-06"|"individualisierte Therapie unter Auswahl von -      Bendamustin + Obinutuzumab gefolgt von einer Obinutuzumab-Erhaltungstherapie entsprechend der Zulassung, -	Lenalidomid + Rituximab, -	Rituximab Monotherapie, -	Mosunetuzumab,  -  	Tisagenlecleucel"|"ist nicht belegt"|NA|NA
"1152"|"https://www.g-ba.de/bewertungsverfahren/nutzenbewertung/1132/"|"Keytruda"|"2056"|"Pembrolizumab"|"2025-04-03"|"Cisplatin in Kombination mit Gemcitabin gefolgt von Avelumab als Erhaltungstherapie (Erhaltungstherapie mit Avelumab nur für Patientinnen und Patienten, die progressionsfrei sind)"|"nicht quantifizierbar"|"Hinweis"|"L01FF02"
"1152"|"https://www.g-ba.de/bewertungsverfahren/nutzenbewertung/1132/"|"Keytruda"|"2099"|"Pembrolizumab"|"2025-04-03"|"Carboplatin in Kombination mit Gemcitabin nach Maßgabe der Anlage VI zum Abschnitt K der Arzneimittel-Richtlinie gefolgt von Avelumab als Erhaltungstherapie (Erhaltungstherapie mit Avelumab nur für Patientinnen und Patienten, die progressionsfrei sind)"|"beträchtlich"|"Hinweis"|"L01FF02"
"1152"|"https://www.g-ba.de/bewertungsverfahren/nutzenbewertung/1132/"|"Keytruda"|"2100"|"Pembrolizumab"|"2025-04-03"|"Patientenindividuelle Therapie unter Auswahl von  -	Atezolizumab als Monotherapie  -	Pembrolizumab als Monotherapie  -	Best-Supportive-Care  unter Berücksichtigung des PD-L1-Status und des Allgemeinzustandes"|"ist nicht belegt"|NA|"L01FF02"
"1153"|"https://www.g-ba.de/bewertungsverfahren/nutzenbewertung/1119/"|"Emblaveo"|"2057"|"Aztreonam/Avibactam"|"2025-02-20"|NA|"gilt als belegt"|NA|NA
"1153"|"https://www.g-ba.de/bewertungsverfahren/nutzenbewertung/1119/"|"Emblaveo"|"2083"|"Aztreonam/Avibactam"|"2025-02-20"|NA|"gilt als belegt"|NA|NA
"1153"|"https://www.g-ba.de/bewertungsverfahren/nutzenbewertung/1119/"|"Emblaveo"|"2084"|"Aztreonam/Avibactam"|"2025-02-20"|NA|"gilt als belegt"|NA|NA
"1153"|"https://www.g-ba.de/bewertungsverfahren/nutzenbewertung/1119/"|"Emblaveo"|"2085"|"Aztreonam/Avibactam"|"2025-02-20"|NA|"gilt als belegt"|NA|NA
"1154"|"https://www.g-ba.de/bewertungsverfahren/nutzenbewertung/1110/"|"Beyfortus"|"2058"|"Nirsevimab"|"2025-02-20"|NA|"ist nicht belegt"|NA|"J06BD08"
"1154"|"https://www.g-ba.de/bewertungsverfahren/nutzenbewertung/1110/"|"Beyfortus"|"2082"|"Nirsevimab"|"2025-02-20"|NA|"ist nicht belegt"|NA|"J06BD08"
"1155"|"https://www.g-ba.de/bewertungsverfahren/nutzenbewertung/1111/"|"Adzynma"|"2059"|"rADAMTS13 "|"2025-02-20"|NA|"nicht quantifizierbar, weil die wissenschaftliche Datengrundlage dies nicht zulässt"|"Anhaltspunkt"|NA
"1155"|"https://www.g-ba.de/bewertungsverfahren/nutzenbewertung/1111/"|"Adzynma"|"2101"|"rADAMTS13 "|"2025-02-20"|NA|"nicht quantifizierbar, weil die wissenschaftliche Datengrundlage dies nicht zulässt"|"Anhaltspunkt"|NA
"1156"|"https://www.g-ba.de/bewertungsverfahren/nutzenbewertung/1133/"|"Padcev"|"2060"|"Enfortumab Vedotin"|"2025-04-03"|"Cisplatin in Kombination mit Gemcitabin gefolgt von Avelumab als Erhaltungstherapie (Erhaltungstherapie mit Avelumab nur für Patientinnen und Patienten, die progressionsfrei sind)"|"nicht quantifizierbar"|"Hinweis"|"L01FX13"
"1156"|"https://www.g-ba.de/bewertungsverfahren/nutzenbewertung/1133/"|"Padcev"|"2104"|"Enfortumab Vedotin"|"2025-04-03"|"Carboplatin in Kombination mit Gemcitabin nach Maßgabe der Anlage VI zum Abschnitt K der Arzneimittel-Richtlinie gefolgt von Avelumab als Erhaltungstherapie (Erhaltungstherapie mit Avelumab nur für Patientinnen und Patienten, die progressionsfrei sind)"|"beträchtlich"|"Hinweis"|"L01FX13"
"1157"|"https://www.g-ba.de/bewertungsverfahren/nutzenbewertung/1130/"|"Truqap"|"2061"|"Capivasertib"|"2025-04-03"|"-Tamoxifen (nur für prämenopausale Patientinnen, die in der vorausgegangenen (neo-)adjuvanten endokrinen Therapie kein Tamoxifen erhalten haben; nur für postmenopausale Patientinnen, wenn Aromatasehemmer nicht geeignet sind) oder -Letrozol oder -Exemestan (nur für Patientinnen mit Progress nach einer Antiöstrogen-Behandlung) oder - Anastrozol oder -Fulvestrant oder -Ribociclib in Kombination mit einem nicht-steroidalen Aromatasehemmer (Anastrozol, Letrozol) oder-Abemaciclib in Kombination mit einem nicht-steroidalen Aromatasehemmer (Anastrozol, Letrozol) oder -Palbociclib in Kombination mit einem nicht-steroidalen Aromatasehemmer (Anastrozol, Letrozol) oder -Ribociclib in Kombination mit Fulvestrant oder -Abemaciclib in Kombination mit Fulvestrant oder -Palbociclib in Kombination mit Fulvestrant"|"ist nicht belegt"|NA|NA
"1157"|"https://www.g-ba.de/bewertungsverfahren/nutzenbewertung/1130/"|"Truqap"|"2107"|"Capivasertib"|"2025-04-03"|"-Tamoxifen  oder-Palbociclib in Kombination mit einem nicht-steroidalen Aromatasehemmer (Anastrozol, Letrozol)"|"ist nicht belegt"|NA|NA
"1157"|"https://www.g-ba.de/bewertungsverfahren/nutzenbewertung/1130/"|"Truqap"|"2108"|"Capivasertib"|"2025-04-03"|"Individualisierte Therapie unter Berücksichtigung eines Wechsels der endokrinen Therapie auf -Tamoxifen-Letrozol-Exemestan -Anastrozol-Fulvestrant -Everolimus in Kombination mit Exemestan (nur für Patientinnen ohne symptomatische viszerale Metastasierung, nachdem es zu einer Progression nach einem nicht-steroidalen Aromatasehemmer gekommen ist)-Ribociclib in Kombination mit einem nicht-steroidalen Aromatasehemmer (Anastrozol, Letrozol)-Abemaciclib in Kombination mit einem nicht-steroidalen Aromatasehemmer (Anastrozol, Letrozol)-Palbociclib in Kombination mit einem nicht-steroidalen Aromatasehemmer (Anastrozol, Letrozol)-Ribociclib in Kombination mit Fulvestrant-Abemaciclib in Kombination mit Fulvestrant-Palbociclib in Kombination mit Fulvestrant"|"beträchtlich"|"Hinweis"|NA
"1157"|"https://www.g-ba.de/bewertungsverfahren/nutzenbewertung/1130/"|"Truqap"|"2109"|"Capivasertib"|"2025-04-03"|"Individualisierte Therapie unter Berücksichtigung eines Wechsels der endokrinen Therapie auf  -Tamoxifen-Aromatasehemmer in Kombination mit einem GnRH-Analogon-Fulvestrant-Palbociclib in Kombination mit einem nicht-steroidalen Aromatasehemmer (Anastrozol, Letrozol)"|"ist nicht belegt"|NA|NA
"1158"|"https://www.g-ba.de/bewertungsverfahren/nutzenbewertung/1095/"|"Fabhalta"|"2064"|"Iptacopan"|"2024-12-19"|NA|"nicht quantifizierbar, weil die wissenschaftliche Datengrundlage dies nicht zulässt"|"Anhaltspunkt"|NA
"1158"|"https://www.g-ba.de/bewertungsverfahren/nutzenbewertung/1095/"|"Fabhalta"|"2074"|"Iptacopan"|"2024-12-19"|NA|"nicht quantifizierbar, weil die wissenschaftliche Datengrundlage dies nicht zulässt"|"Anhaltspunkt"|NA
"1159"|"https://www.g-ba.de/bewertungsverfahren/nutzenbewertung/1096/"|"Tagrisso"|"2065"|"Osimertinib"|"2024-12-19"|"Patientenindividuelle Therapie unter Auswahl von beobachtendes Abwarten (nur für Patientinnen und Patienten im Stadium IB) und postoperative (adjuvanter) systemischer Chemotherapie unter Auswahl von Cisplatin in Kombination mit Vinorelbin und Cisplatin in Kombination mit Pemetrexed unter Berücksichtigung des Tumorstadiums und des Allgemeinzustands."|"ist nicht belegt"|NA|"L01EB04"
"1159"|"https://www.g-ba.de/bewertungsverfahren/nutzenbewertung/1096/"|"Tagrisso"|"2073"|"Osimertinib"|"2024-12-19"|"Best-Supportive-Care"|"erheblich"|"Anhaltspunkt"|"L01EB04"
"1160"|"https://www.g-ba.de/bewertungsverfahren/nutzenbewertung/1097/"|"Yescarta"|"2066"|"Axicabtagen-Ciloleucel"|"2024-12-19"|"Induktionstherapie mit 
- R-GDP (Rituximab, Gemcitabin, Cisplatin, Dexamethason) 
oder 
- R-ICE (Rituximab, Ifosfamid, Carboplatin, Etoposid) 
oder 
- R-DHAP (Rituximab, Dexamethason, Cytarabin, Cisplatin) 
gefolgt von einer Hochdosistherapie mit autologer oder allogener Stammzelltransplantation bei Ansprechen auf die Induktionstherapie"|"gering"|"Anhaltspunkt"|"L01XL03"
"1161"|"https://www.g-ba.de/bewertungsverfahren/nutzenbewertung/1099/"|"Fruzaqla"|"2067"|"Fruquintinib"|"2025-01-16"|"Best-Supportive-Care"|"gering"|"Anhaltspunkt"|"L01EK04"
"1142"|"https://www.g-ba.de/bewertungsverfahren/nutzenbewertung/1101/"|"Locametz"|"2068"|"Gozetotid"|"2025-01-16"|"Eine patientenindividuelle Therapie unter Auswahl von- Abirateron in Kombination mit Prednison oder Prednisolon,- Enzalutamid,- Cabazitaxel,- Olaparib,- Best-Supportive-Care,unter Berücksichtigung der Vortherapien, der Komorbidität, des Allgemeinzustandes sowie des BRCA1/2-Mutationsstatus."|"beträchtlich"|"Hinweis"|"V09IX14"
"1142"|"https://www.g-ba.de/bewertungsverfahren/nutzenbewertung/1101/"|"Locametz"|"2077"|"Gozetotid"|"2025-01-16"|"Eine patientenindividuelle Therapie unter Auswahl von- Abirateron in Kombination mit Prednison oder Prednisolon,- Enzalutamid,- Cabazitaxel,- Olaparib,- Best-Supportive-Care,unter Berücksichtigung der Vortherapien, der Komorbidität, des Allgemeinzustandes sowie des BRCA1/2-Mutationsstatus."|"ist nicht belegt"|NA|"V09IX14"
"1162"|"https://www.g-ba.de/bewertungsverfahren/nutzenbewertung/1131/"|"Keytruda"|"2069"|"Pembrolizumab"|"2025-03-20"|"Eine individualisierte Taxan- und Anthrazyklin-basierte neoadjuvante Chemotherapie unter Auswahl von: • Cyclophosphamid • Docetaxel • Doxorubicin • Epirubicin • Paclitaxel • Carboplatin gefolgt von beobachtendem Abwarten nach Operation"|"gering"|"Hinweis"|"L01FF02"
"1162"|"https://www.g-ba.de/bewertungsverfahren/nutzenbewertung/1131/"|"Keytruda"|"2115"|"Pembrolizumab"|"2025-03-20"|"Eine individualisierte Taxan- und Anthrazyklin-basierte neoadjuvante Chemotherapie unter Auswahl von: • Cyclophosphamid • Docetaxel • Doxorubicin • Epirubicin • Paclitaxel • Carboplatin gefolgt von beobachtendem Abwarten nach Operation"|"ist nicht belegt"|NA|"L01FF02"
"1163"|"https://www.g-ba.de/bewertungsverfahren/nutzenbewertung/1137/"|"Tecentriq"|"2070"|"Atezolizumab"|"2025-03-20"|"Pembrolizumab als Monotherapie oder Cemiplimab als Monotherapie"|"ist nicht belegt"|NA|"L01FF05"
"1163"|"https://www.g-ba.de/bewertungsverfahren/nutzenbewertung/1137/"|"Tecentriq"|"2110"|"Atezolizumab"|"2025-03-20"|"Gemcitabin als Monotherapie oder Vinorelbin als Monotherapie"|"gering"|"Hinweis"|"L01FF05"
"1164"|"https://www.g-ba.de/bewertungsverfahren/nutzenbewertung/1135/"|"Mektovi"|"2071"|"Binimetinib"|"2025-03-20"|"− Dabrafenib in Kombination mit Trametinib oder − Pembrolizumab als Monotherapie oder − Atezolizumab als Monotherapie oder − Cemiplimab als Monotherapie oder − Nivolumab in Kombination mit Ipilimumab und 2 Zyklen platinbasierter Chemotherapie (nur für Patientinnen und Patienten mit ECOG PS 0-1) oder − Pembrolizumab in Kombination mit Pemetrexed und platinhaltiger Chemotherapie (nur für Patientinnen und Patienten mit ECOG PS 0-1) oder − Atezolizumab in Kombination mit Bevacizumab, Paclitaxel und Carboplatin (nur für Patientinnen und Patienten mit ECOG PS 0-1) − Atezolizumab in Kombination mit nab-Paclitaxel und Carboplatin (nur für Patientinnen und Patienten mit ECOG PS 0-1)− Cemiplimab in Kombination mit platinbasierter Chemotherapie (nur für Patientinnen und Patienten mit ECOG PS 0-1) − Durvalumab in Kombination Tremelimumab und platinbasierter Chemotherapie (nur für Patientinnen und Patienten mit ECOG PS 0-1)"|"ist nicht belegt"|NA|"L01EE03"
"1164"|"https://www.g-ba.de/bewertungsverfahren/nutzenbewertung/1135/"|"Mektovi"|"2105"|"Binimetinib"|"2025-03-20"|"− Dabrafenib in Kombination mit Trametinib oder − Pembrolizumab in Kombination mit Pemetrexed und platinhaltiger Chemotherapie (nur für Patientinnen und Patienten mit ECOG PS 0-1) oder − Atezolizumab als Monotherapie (nur für Patientinnen und Patienten mit einer PD-L1-Expression ≥ 10 % bei tumorinfiltrierenden Immunzellen) oder − Atezolizumab in Kombination mit Bevacizumab, Paclitaxel und Carboplatin (nur für Patientinnen und Patienten mit ECOG PS 0-1) oder − Atezolizumab in Kombination mit nab-Paclitaxel und Carboplatin (nur für Patientinnen und Patienten mit ECOG PS 0-1) oder − Nivolumab in Kombination mit Ipilimumab und 2 Zyklen platinbasierter Chemotherapie (nur für Patientinnen und Patienten mit ECOG PS 0-1) − Cemiplimab in Kombination mit platinbasierter Chemotherapie (nur für Patientinnen und Patienten mit ECOG PS 0-1) − Durvalumab in Kombination Tremelimumab und platinbasierter Chemotherapie (nur für Patientinnen und Patienten mit ECOG PS 0-1)"|"ist nicht belegt"|NA|"L01EE03"
"1164"|"https://www.g-ba.de/bewertungsverfahren/nutzenbewertung/1135/"|"Mektovi"|"2106"|"Binimetinib"|"2025-03-20"|"Dabrafenib in Kombination mit Trametinib"|"ist nicht belegt"|NA|"L01EE03"
"1165"|"https://www.g-ba.de/bewertungsverfahren/nutzenbewertung/1134/"|"Braftovi"|"2072"|"Encorafenib"|"2025-03-20"|"- Dabrafenib in Kombination mit Trametinib oder - Pembrolizumab als Monotherapie oder - Atezolizumab als Monotherapie oder - Cemiplimab als Monotherapie oder - Nivolumab in Kombination mit Ipilimumab und 2 Zyklen platinbasierter Chemotherapie (nur für Patientinnen und Patienten mit ECOG PS 0-1) oder - Pembrolizumab in Kombination mit Pemetrexed und platinhaltiger Chemotherapie (nur für Patientinnen und Patienten mit ECOG PS 0-1) oder - Atezolizumab in Kombination mit Bevacizumab, Paclitaxel und Carboplatin (nur für Patientinnen und Patienten mit ECOG PS 0-1) - Atezolizumab in Kombination mit nab-Paclitaxel und Carboplatin (nur für Patientinnen und Patienten mit ECOG PS 0-1) - Cemiplimab in Kombination mit platinbasierter Chemotherapie (nur für Patientinnen und Patienten mit ECOG PS 0-1) - Durvalumab in Kombination Tremelimumab und platinbasierter Chemotherapie (nur für Patientinnen und Patienten mit ECOG PS 0-1)"|"ist nicht belegt"|NA|"L01EC03"
"1165"|"https://www.g-ba.de/bewertungsverfahren/nutzenbewertung/1134/"|"Braftovi"|"2113"|"Encorafenib"|"2025-03-20"|"- Dabrafenib in Kombination mit Trametinib oder - Pembrolizumab in Kombination mit Pemetrexed und platinhaltiger Chemotherapie (nur für Patientinnen und Patienten mit ECOG PS 0-1) oder - Atezolizumab als Monotherapie (nur für Patientinnen und Patienten mit einer PD-L1-Expression ≥ 10 % bei tumorinfiltrierenden Immunzellen) oder - Atezolizumab in Kombination mit Bevacizumab, Paclitaxel und Carboplatin (nur für Patientinnen und Patienten mit ECOG PS 0-1) oder - Atezolizumab in Kombination mit nab-Paclitaxel und Carboplatin (nur für Patientinnen und Patienten mit ECOG PS 0-1) oder - Nivolumab in Kombination mit Ipilimumab und 2 Zyklen platinbasierter Chemotherapie (nur für Patientinnen und Patienten mit ECOG PS 0-1) - Cemiplimab in Kombination mit platinbasierter Chemotherapie (nur für Patientinnen und Patienten mit ECOG PS 0-1) - Durvalumab in Kombination Tremelimumab und platinbasierter Chemotherapie (nur für Patientinnen und Patienten mit ECOG PS 0-1)"|"ist nicht belegt"|NA|"L01EC03"
"1165"|"https://www.g-ba.de/bewertungsverfahren/nutzenbewertung/1134/"|"Braftovi"|"2114"|"Encorafenib"|"2025-03-20"|"- Dabrafenib in Kombination mit Trametinib"|"ist nicht belegt"|NA|"L01EC03"
"1167"|"https://www.g-ba.de/bewertungsverfahren/nutzenbewertung/1100/"|"Alecensa"|"2075"|"Alectinib"|"2025-01-16"|"Patientenindividuelle postoperative (adjuvante) systemischer Chemotherapie unter Auswahl von Cisplatin in Kombination mit Vinorelbin und Cisplatin in Kombination mit Pemetrexed unter Berücksichtigung des Allgemeinzustandes."|"erheblich"|"Anhaltspunkt"|"L01ED03"
"1167"|"https://www.g-ba.de/bewertungsverfahren/nutzenbewertung/1100/"|"Alecensa"|"2076"|"Alectinib"|"2025-01-16"|"Beobachtendes Abwarten"|"ist nicht belegt"|NA|"L01ED03"
"1169"|"https://www.g-ba.de/bewertungsverfahren/nutzenbewertung/1108/"|"Filspari"|"2078"|"Sparsentan"|"2025-02-06"|NA|"gering"|"Anhaltspunkt"|"C09XX01"
"1170"|"https://www.g-ba.de/bewertungsverfahren/nutzenbewertung/1104/"|"Dupixent"|"2088"|"Dupilumab"|"2025-02-06"|"LABA und LAMA und ggf. ICS "|"gering"|"Hinweis"|"D11AH05"
"1170"|"https://www.g-ba.de/bewertungsverfahren/nutzenbewertung/1104/"|"Dupixent"|"2089"|"Dupilumab"|"2025-02-06"|"LABA und LAMA und ggf. ICS und Roflumilast, sofern die für die Anwendung von Roflumilast notwendigen Kriterien erfüllt sind"|"ist nicht belegt"|NA|"D11AH05"
"1172"|"https://www.g-ba.de/bewertungsverfahren/nutzenbewertung/1136/"|"Tecentriq"|"2090"|"Atezolizumab"|"2025-03-20"|"Beobachtendes Abwarten"|"beträchtlich"|"Anhaltspunkt"|"L01FF05"
"1173"|"https://www.g-ba.de/bewertungsverfahren/nutzenbewertung/1106/"|"Livmarli"|"2091"|"Maralixibat"|"2025-02-06"|NA|"nicht quantifizierbar, weil die wissenschaftliche Datengrundlage dies nicht zulässt"|"Anhaltspunkt"|"A05AX04"
"1176"|"https://www.g-ba.de/bewertungsverfahren/nutzenbewertung/1144/"|"Iqirvo"|"2093"|"Elafibranor"|"2025-04-03"|NA|"gering"|"Anhaltspunkt"|NA
"1177"|"https://www.g-ba.de/bewertungsverfahren/nutzenbewertung/1143/"|"Anzupgo"|"2094"|"Delgocitinib"|"2025-04-03"|"Individualisierte Therapie aus topischer und systemischer Therapie"|"ist nicht belegt"|NA|"D11AH11"
"1177"|"https://www.g-ba.de/bewertungsverfahren/nutzenbewertung/1143/"|"Anzupgo"|"2151"|"Delgocitinib"|"2025-04-03"|"Individualisierte Therapie aus topischer und systemischer Therapie"|"ist nicht belegt"|NA|"D11AH11"
"1178"|"https://www.g-ba.de/bewertungsverfahren/nutzenbewertung/1088/"|"Carvykti"|"2096"|"Ciltacabtagen autoleucel"|"2025-05-15"|"Eine individualisierte Therapie unter Auswahl von - Daratumumab in Kombination mit Bortezomib und Dexamethason, - Daratumumab in Kombination mit Carfilzomib und Dexamethason,  - Daratumumab in Kombination mit Pomalidomid und Dexamethason (DPd),  - Isatuximab in Kombination mit Carfilzomib und Dexamethason, - Isatuximab in Kombination mit Pomalidomid und Dexamethason (nur für Personen mit mindestens zwei Vortherapien), - Elotuzumab in Kombination mit Pomalidomid und Dexamethason (nur für Personen mit mindestens zwei Vortherapien), - Pomalidomid in Kombination mit Bortezomib und Dexamethason (PVd, nur für Personen, die auf einen Anti-CD38-Antikörper refraktär sind), - Pomalidomid in Kombination mit Dexamethason (nur für mindestens doppelt-refraktäre Personen, die für eine Triplett-Therapie nicht geeignet sind und mindestens vier Vortherapien erhalten haben), - Carfilzomib in Kombination mit Dexamethason, - Panobinostat in Kombination mit Bortezomib und Dexamethason (nur für Personen, die mindestens vier Vortherapien erhalten haben), - Bortezomib in Kombination mit pegyliertem liposomalen Doxorubicin (nur für mindestens doppelt-refraktäre Personen, die für eine Triplett-Therapie nicht geeignet sind und mindestens vier Vortherapien erhalten haben), - Bortezomib in Kombination mit Dexamethason (nur für mind. doppelt-refraktäre Personen, die für eine Triplett-Therapie nicht geeignet sind und mindestens vier Vortherapien erhalten haben), - Daratumumab Monotherapie (nur für mind. dreifach refraktäre Personen, die für eine Triplett- oder Dublett-Therapie nicht geeignet sind und mindestens vier Vortherapien erhalten haben), - Cyclophosphamid als Monotherapie oder in Kombination mit Dexamethason (nur für mindestens dreifach refraktäre Personen, die für eine Triplett- oder Dublett-Therapie nicht geeignet sind und mindestens vier Vortherapien erhalten haben), - Melphalan als Monotherapie oder in Kombination mit Prednisolon oder Prednison (nur für mindestens dreifach refraktäre Personen, die für eine Triplett- oder Dublett-Therapie nicht geeignet sind und mindestens vier Vortherapien erhalten haben), - Hochdosistherapie mit autologer Stammzelltransplantation (nur für Personen nach einer Vortherapie, die für eine autologe Stammzelltransplantation geeignet sind; nach Erreichen einer Remission) und Hochdosistherapie mit allogener Stammzelltransplantation  (nur für Personen nach einer Vortherapie, die für eine allogene Stammzelltransplantation geeignet sind; nach Erreichen einer Remission)"|"beträchtlich"|"Anhaltspunkt"|"L01XL05"
"1178"|"https://www.g-ba.de/bewertungsverfahren/nutzenbewertung/1088/"|"Carvykti"|"2157"|"Ciltacabtagen autoleucel"|"2025-05-15"|"Eine individualisierte Therapie unter Auswahl von - Daratumumab in Kombination mit Bortezomib und Dexamethason, - Daratumumab in Kombination mit Carfilzomib und Dexamethason,  - Daratumumab in Kombination mit Pomalidomid und Dexamethason (DPd),  - Isatuximab in Kombination mit Carfilzomib und Dexamethason, - Isatuximab in Kombination mit Pomalidomid und Dexamethason (nur für Personen mit mindestens zwei Vortherapien), - Elotuzumab in Kombination mit Pomalidomid und Dexamethason (nur für Personen mit mindestens zwei Vortherapien), - Pomalidomid in Kombination mit Bortezomib und Dexamethason (PVd, nur für Personen, die auf einen Anti-CD38-Antikörper refraktär sind), - Pomalidomid in Kombination mit Dexamethason (nur für mindestens doppelt-refraktäre Personen, die für eine Triplett-Therapie nicht geeignet sind und mindestens vier Vortherapien erhalten haben), - Carfilzomib in Kombination mit Dexamethason, - Panobinostat in Kombination mit Bortezomib und Dexamethason (nur für Personen, die mindestens vier Vortherapien erhalten haben), - Bortezomib in Kombination mit pegyliertem liposomalen Doxorubicin (nur für mindestens doppelt-refraktäre Personen, die für eine Triplett-Therapie nicht geeignet sind und mindestens vier Vortherapien erhalten haben), - Bortezomib in Kombination mit Dexamethason (nur für mind. doppelt-refraktäre Personen, die für eine Triplett-Therapie nicht geeignet sind und mindestens vier Vortherapien erhalten haben), - Daratumumab Monotherapie (nur für mind. dreifach refraktäre Personen, die für eine Triplett- oder Dublett-Therapie nicht geeignet sind und mindestens vier Vortherapien erhalten haben), - Cyclophosphamid als Monotherapie oder in Kombination mit Dexamethason (nur für mindestens dreifach refraktäre Personen, die für eine Triplett- oder Dublett-Therapie nicht geeignet sind und mindestens vier Vortherapien erhalten haben), - Melphalan als Monotherapie oder in Kombination mit Prednisolon oder Prednison (nur für mindestens dreifach refraktäre Personen, die für eine Triplett- oder Dublett-Therapie nicht geeignet sind und mindestens vier Vortherapien erhalten haben), - Hochdosistherapie mit autologer Stammzelltransplantation (nur für Personen nach einer Vortherapie, die für eine autologe Stammzelltransplantation geeignet sind; nach Erreichen einer Remission) und Hochdosistherapie mit allogener Stammzelltransplantation  (nur für Personen nach einer Vortherapie, die für eine allogene Stammzelltransplantation geeignet sind; nach Erreichen einer Remission)"|"ist nicht belegt"|NA|"L01XL05"
"1179"|"https://www.g-ba.de/bewertungsverfahren/nutzenbewertung/1152/"|"Fasenra"|"2098"|"Benralizumab"|"2025-05-15"|"Individualisierte Therapie unter Auswahl von Cyclophosphamid und Rituximab zur Remissionsinduktion gefolgt von Mepolizumab zum Remissionserhalt jeweils in Kombination mit Glukokortikoiden "|"ist nicht belegt"|NA|"R03DX10"
"1179"|"https://www.g-ba.de/bewertungsverfahren/nutzenbewertung/1152/"|"Fasenra"|"2154"|"Benralizumab"|"2025-05-15"|"Mepolizumab"|"ist nicht belegt"|NA|"R03DX10"
"1171"|"https://www.g-ba.de/bewertungsverfahren/nutzenbewertung/1138/"|"Akantior"|"2111"|"Polihexanid"|"2025-03-20"|NA|"nicht quantifizierbar, weil die wissenschaftliche Datengrundlage dies nicht zulässt"|"Anhaltspunkt"|"S01AX24"
"1180"|"https://www.g-ba.de/bewertungsverfahren/nutzenbewertung/1153/"|"Dupixent"|"2112"|"Dupilumab"|"2025-05-15"|"Eine individualisierte Therapie unter Auswahl von Budesonid sowie Protonenpumpeninhibitoren (PPI)"|"ist nicht belegt"|NA|"D11AH05"
"1181"|"https://www.g-ba.de/bewertungsverfahren/nutzenbewertung/1149/"|"Keytruda"|"2117"|"Pembrolizumab"|"2025-05-15"|"Radiochemotherapie bestehend aus einer perkutanen Strahlentherapie (EBRT) in Kombination mit Cisplatin (Monotherapie), gefolgt von einer Brachytherapie"|"nicht quantifizierbar"|"Hinweis"|"L01FF02"
"1182"|"https://www.g-ba.de/bewertungsverfahren/nutzenbewertung/1150/"|"Keytruda"|"2118"|"Pembrolizumab"|"2025-05-15"|"Dostarlimab in Kombination mit Carboplatin und Paclitaxel gefolgt von Dostarlimab als Monotherapie"|"ist nicht belegt"|NA|"L01FF02"
"1182"|"https://www.g-ba.de/bewertungsverfahren/nutzenbewertung/1150/"|"Keytruda"|"2147"|"Pembrolizumab"|"2025-05-15"|"Durvalumab in Kombination mit Carboplatin und Paclitaxel gefolgt von Durvalumab in Kombination mit Olaparib"|"ist nicht belegt"|NA|"L01FF02"
"1183"|"https://www.g-ba.de/bewertungsverfahren/nutzenbewertung/1151/"|"Otezla"|"2119"|"Apremilast"|"2025-05-15"|"Adalimumab oder Etanercept oder Secukinumab oder Ustekinumab"|"ist nicht belegt"|NA|"L04AA32"
"1185"|"https://www.g-ba.de/bewertungsverfahren/nutzenbewertung/1154/"|"Darzalex"|"2120"|"Daratumumab"|"2025-05-15"|"•	eine Induktionschemotherapie:
Cytarabin in Kombination mit Daunorubicin und Midostaurin 
•	gefolgt von einer Konsolidierungstherapie: 
Eine patientenindividuelle Therapie unter Auswahl von Chemotherapie (Cytarabin in Kombination mit Midostaurin) und einer allogenen Stammzelltransplantation, insbesondere in Abhängigkeit der Subform der AML, des Allgemeinzustandes und der Komorbidität der Patientinnen und Patienten. 
•	gefolgt von einer Erhaltungstherapie:
Eine patientenindividuelle Therapie unter Auswahl von 
- Azacitidin (nur für Personen, die für eine allogene Stammzelltransplantation nicht geeignet sind) 
- Midostaurin (nur für Personen, die für eine allogene Stammzelltransplantation nicht geeignet sind)
- Sorafenib (nur für Personen nach einer allogenen Stammzelltransplantation)
unter Berücksichtigung der Induktions- und Konsolidierungstherapie"|"ist nicht belegt"|NA|"L01FC01"
"1186"|"https://www.g-ba.de/bewertungsverfahren/nutzenbewertung/598/"|"Zavicefta"|"2121"|"Ceftazidim/Avibactam"|"2025-05-15"|NA|"gilt als belegt"|NA|"J01DD52"
"1186"|"https://www.g-ba.de/bewertungsverfahren/nutzenbewertung/598/"|"Zavicefta"|"2148"|"Ceftazidim/Avibactam"|"2025-05-15"|NA|"gilt als belegt"|NA|"J01DD52"
"1186"|"https://www.g-ba.de/bewertungsverfahren/nutzenbewertung/598/"|"Zavicefta"|"2149"|"Ceftazidim/Avibactam"|"2025-05-15"|NA|"gilt als belegt"|NA|"J01DD52"
"1186"|"https://www.g-ba.de/bewertungsverfahren/nutzenbewertung/598/"|"Zavicefta"|"2150"|"Ceftazidim/Avibactam"|"2025-05-15"|NA|"gilt als belegt"|NA|"J01DD52"
"1187"|"https://www.g-ba.de/bewertungsverfahren/nutzenbewertung/1155/"|"Elahere"|"2131"|"Mirvetuximab Soravtansin"|"2025-06-05"|NA|"beträchtlich"|"Hinweis"|"L01FX26"
"1188"|"https://www.g-ba.de/bewertungsverfahren/nutzenbewertung/1157/"|"Kisqali"|"2132"|"Ribociclib"|"2025-06-05"|"Tamoxifen (ggf. zusätzlich mit einer Ausschaltung der Ovarialfunktion) oder Abemaciclib in Kombination mit einer endokrinen Therapie (nur für Patientinnen mit nodal-positivem Brustkrebs) oder Olaparib als Monotherapie oder in Kombination mit einer endokrinen Therapie (nur für Patientinnen mit Keimbahn-BRCA1/2-Mutationen) oder ein Aromataseinhibitor (Anastrozol oder Letrozol oder Exemestan) in Kombination mit einer Ausschaltung der Ovarialfunktion (Exemestan nur in Kombination mit Triptorelin)"|"ist nicht belegt"|NA|"L01EF02"
"1188"|"https://www.g-ba.de/bewertungsverfahren/nutzenbewertung/1157/"|"Kisqali"|"2155"|"Ribociclib"|"2025-06-05"|"− ein Aromataseinhibitor (Anastrozol oder Letrozol) allein, ggf. Tamoxifen falls Aromataseinhibitoren nicht geeignet sind oder − ein Aromataseinhibitor (Anastrozol oder Exemestan) in Sequenz nach Tamoxifen oder − Olaparib als Monotherapie oder in Kombination mit einer endokrinen Therapie (nur für Patientinnen mit Keimbahn-BRCA1/2-Mutationen)"|"ist nicht belegt"|NA|"L01EF02"
"1188"|"https://www.g-ba.de/bewertungsverfahren/nutzenbewertung/1157/"|"Kisqali"|"2156"|"Ribociclib"|"2025-06-05"|"− Tamoxifen oder − Abemaciclib in Kombination mit einer endokrinen Therapie (nur für Patienten mit nodal-positivem Brustkrebs) oder − Olaparib als Monotherapie oder in Kombination mit einer endokrinen Therapie (nur für Patienten mit Keimbahn-BRCA1/2-Mutationen)"|"ist nicht belegt"|NA|"L01EF02"
"1189"|"https://www.g-ba.de/bewertungsverfahren/nutzenbewertung/1145/"|"Vyloy"|"2133"|"Zolbetuximab"|"2025-04-17"|NA|"gering"|"Hinweis"|NA
"1190"|"https://www.g-ba.de/bewertungsverfahren/nutzenbewertung/1146/"|"Tepkinly"|"2134"|"Epcoritamab"|"2025-04-17"|"Individualisierte Therapie unter Auswahl von − Tisagenlecleucel, − Axicabtagen-Ciloleucel, − Lisocabtagen maraleucel, − einer Induktionstherapie mit • R-GDP (Rituximab, Gemcitabin, Dexamethason, Cisplatin bzw. Carboplatin) oder • R-DHAP (Rituximab, Dexamethason, Cisplatin, Cytarabin) oder • R-ICE (Rituximab, Ifosfamid, Carboplatin, Etoposid) gefolgt von einer Hochdosistherapie mit autologer Stammzelltransplantation bei Ansprechen auf die Induktionstherapie und − einer Induktionstherapie mit • R-GDP (Rituximab, Gemcitabin, Dexamethason, Cisplatin bzw. Carboplatin) oder • R-DHAP (Rituximab, Dexamethason, Cisplatin, Cytarabin) oder • R-ICE (Rituximab, Ifosfamid, Carboplatin, Etoposid) gefolgt von einer Hochdosistherapie mit allogener Stammzelltransplantation bei Ansprechen auf die Induktionstherapie"|"ist nicht belegt"|NA|NA
"1190"|"https://www.g-ba.de/bewertungsverfahren/nutzenbewertung/1146/"|"Tepkinly"|"2136"|"Epcoritamab"|"2025-04-17"|"Individualisierte Therapie unter Auswahl von − Polatuzumab Vedotin + Bendamustin + Rituximab, − Tafasitamab + Lenalidomid und − Bestrahlung"|"ist nicht belegt"|NA|NA
"1191"|"https://www.g-ba.de/bewertungsverfahren/nutzenbewertung/1148/"|"Artesunate Amivas"|"2135"|"Artesunat"|"2025-04-17"|NA|"nicht quantifizierbar, weil die erforderlichen Nachweise nicht vollständig sind"|NA|NA
"1192"|"https://www.g-ba.de/bewertungsverfahren/nutzenbewertung/1115/"|"Tevimbra"|"2137"|"Tislelizumab"|"2025-06-18"|"Nivolumab"|"ist nicht belegt"|NA|"L01FF09"
"1193"|"https://www.g-ba.de/bewertungsverfahren/nutzenbewertung/1160/"|"Cerdelga"|"2138"|"Eliglustat"|"2025-06-18"|NA|"nicht quantifizierbar, weil die wissenschaftliche Datengrundlage dies nicht zulässt"|"Anhaltspunkt"|"A16AX10"
"1195"|"https://www.g-ba.de/bewertungsverfahren/nutzenbewertung/1162/"|"Tevimbra"|"2140"|"Tislelizumab"|"2025-06-18"|"Nivolumab in Kombination mit fluoropyrimidin- und platinbasierter Kombinations-chemotherapie (nur für Patientinnen und Patienten mit einer Tumorzell-PD-L1-Expression ≥ 1%) oder Nivolumab in Kombination mit Ipilimumab (nur für Patientinnen und Patienten mit einer Tumorzell-PD-L1-Expression ≥ 1%) oder Pembrolizumab in Kombination mit einer platin- und fluoropyrimidinbasierten Chemotherapie (nur für Patientinnen und Patienten mit einem Combined Positive Score (CPS) ≥ 10)"|"ist nicht belegt"|NA|"L01FF09"
"1195"|"https://www.g-ba.de/bewertungsverfahren/nutzenbewertung/1162/"|"Tevimbra"|"2171"|"Tislelizumab"|"2025-06-18"|"Cisplatin in Kombination mit 5-Fluorouracil"|"ist nicht belegt"|NA|"L01FF09"
"1197"|"https://www.g-ba.de/bewertungsverfahren/nutzenbewertung/1158/"|"Balversa"|"2141"|"Erdafitinib"|"2025-06-18"|"Cisplatin in Kombination mit Gemcitabin"|"ist nicht belegt"|NA|"L01EN01"
"1197"|"https://www.g-ba.de/bewertungsverfahren/nutzenbewertung/1158/"|"Balversa"|"2161"|"Erdafitinib"|"2025-06-18"|"Vinflunin oder Docetaxel oder Paclitaxel"|"ist nicht belegt"|NA|"L01EN01"
"1197"|"https://www.g-ba.de/bewertungsverfahren/nutzenbewertung/1158/"|"Balversa"|"2162"|"Erdafitinib"|"2025-06-18"|"Enfortumab Vedotin"|"ist nicht belegt"|NA|"L01EN01"
"1198"|"https://www.g-ba.de/bewertungsverfahren/nutzenbewertung/1066/"|"Vaborem"|"2142"|"Meropenem/Vaborbactam"|"2025-04-17"|NA|"gilt als belegt"|NA|"J01DH52"
"1198"|"https://www.g-ba.de/bewertungsverfahren/nutzenbewertung/1066/"|"Vaborem"|"2143"|"Meropenem/Vaborbactam"|"2025-04-17"|NA|"gilt als belegt"|NA|"J01DH52"
"1198"|"https://www.g-ba.de/bewertungsverfahren/nutzenbewertung/1066/"|"Vaborem"|"2144"|"Meropenem/Vaborbactam"|"2025-04-17"|NA|"gilt als belegt"|NA|"J01DH52"
"1198"|"https://www.g-ba.de/bewertungsverfahren/nutzenbewertung/1066/"|"Vaborem"|"2145"|"Meropenem/Vaborbactam"|"2025-04-17"|NA|"gilt als belegt"|NA|"J01DH52"
"1198"|"https://www.g-ba.de/bewertungsverfahren/nutzenbewertung/1066/"|"Vaborem"|"2146"|"Meropenem/Vaborbactam"|"2025-04-17"|NA|"gilt als belegt"|NA|"J01DH52"
"1199"|"https://www.g-ba.de/bewertungsverfahren/nutzenbewertung/1156/"|"Yselty"|"2152"|"Linzagolix"|"2025-06-05"|"Individualisierte Therapie unter Auswahl von Dienogest, GnRH-Analoga (Goserelin oder Buserelin oder Leuprorelin oder Triptorelin oder Nafarelin), Relugolix/Estradiol/Norethisteronacetat und operativen Maßnahmen"|"ist nicht belegt"|NA|"H01CC04"
"1200"|"https://www.g-ba.de/bewertungsverfahren/nutzenbewertung/1165/"|"Tagrisso"|"2153"|"Osimertinib"|"2025-07-03"|"Durvalumab"|"ist nicht belegt"|NA|"L01EB04"
"1200"|"https://www.g-ba.de/bewertungsverfahren/nutzenbewertung/1165/"|"Tagrisso"|"2188"|"Osimertinib"|"2025-07-03"|"Best-Supportive-Care"|"ist nicht belegt"|NA|"L01EB04"
"1201"|"https://www.g-ba.de/bewertungsverfahren/nutzenbewertung/1168/"|"Rybrevant"|"2158"|"Amivantamab"|"2025-07-17"|"Afatinib (nur für Patientinnen und Patienten mit der aktivierenden EGFR-Mutation Deletion im Exon-19)  oder Osimertinib"|"gering"|"Anhaltspunkt"|"L01FX18"
"1202"|"https://www.g-ba.de/bewertungsverfahren/nutzenbewertung/1129/"|"Rybrevant"|"2159"|"Amivantamab"|"2025-07-17"|"Atezolizumab in Kombination mit Bevacizumab, Carboplatin und Paclitaxel, Induktionstherapie (4 – 6 Zyklen), Erhaltungstherapie"|"ist nicht belegt"|NA|"L01FX18"
"1202"|"https://www.g-ba.de/bewertungsverfahren/nutzenbewertung/1129/"|"Rybrevant"|"2195"|"Amivantamab"|"2025-07-17"|"Carboplatin in Kombination mit einem Drittgenerationszytostatikum (Vinorelbin oder Gemcitabin oder Docetaxel oder Paclitaxel oder Pemetrexed) vgl. Anlage VI zum Abschnitt K der Arzneimittel-Richtlinie, Carboplatin in Kombination mit nab-Paclitaxel, Monotherapie mit Gemcitabin oder Vinorelbin (nur für Patientinnen und Patienten, die für eine platinbasierte Chemotherapie nicht geeignet sind)"|"ist nicht belegt"|NA|"L01FX18"
"1203"|"https://www.g-ba.de/bewertungsverfahren/nutzenbewertung/1173/"|"Lazcluze"|"2160"|"Lazertinib"|"2025-07-17"|"Afatinib (nur für Patientinnen und Patienten mit der aktivierenden EGFR-Mutation Deletion im Exon-19) oder Osimertinib"|"gering"|"Anhaltspunkt"|"L01EB09"
"1205"|"https://www.g-ba.de/bewertungsverfahren/nutzenbewertung/1117/#dossier"|"Tevimbra"|"2164"|"Tislelizumab"|"2025-06-18"|"- Pembrolizumab als Monotherapie oder - Atezolizumab als Monotherapie oder - Cemiplimab als Monotherapie oder - Nivolumab in Kombination mit Ipilimumab und 2 Zyklen platinbasierter Chemotherapie (nur für Patientinnen und Patienten mit ECOG PS 0-1) oder - Pembrolizumab in Kombination mit Pemetrexed und platinhaltiger Chemotherapie (nur für Patientinnen und Patienten mit ECOG PS 0-1) oder - Atezolizumab in Kombination mit Bevacizumab, Paclitaxel und Carboplatin (nur für Patientinnen und Patienten mit ECOG PS 0-1) oder - Atezolizumab in Kombination mit nab-Paclitaxel und Carboplatin (nur für Patientinnen und Patienten mit ECOG PS 0-1) oder - Cemiplimab in Kombination mit platinbasierter Chemotherapie (nur für Patientinnen und Patienten mit ECOG PS 0-1) oder - Durvalumab in Kombination Tremelimumab und platinbasierter Chemotherapie (nur für Patientinnen und Patienten mit ECOG PS 0-1)"|"ist nicht belegt"|NA|"L01FF09"
"1206"|"https://www.g-ba.de/bewertungsverfahren/nutzenbewertung/1116/"|"Tevimbra"|"2165"|"Tislelizumab"|"2025-06-18"|"- Pembrolizumab als Monotherapie oder - Atezolizumab als Monotherapie  oder - Cemiplimab als Monotherapie oder - Nivolumab in Kombination mit Ipilimumab und 2 Zyklen platinbasierter Chemotherapie (nur für Patientinnen und Patienten mit ECOG PS 0-1)  oder - Pembrolizumab in Kombination mit Carboplatin und entweder Paclitaxel oder nab-Paclitaxel (nur für Patientinnen und Patienten mit ECOG PS 0-1) oder - Cemiplimab in Kombination mit platinbasierter Chemotherapie (nur für Patientinnen und Patienten mit ECOG PS 0-1) oder - Durvalumab in Kombination Tremelimumab und platinbasierter Chemotherapie (nur für Patientinnen und Patienten mit ECOG PS 0-1)"|"ist nicht belegt"|NA|"L01FF09"
"1206"|"https://www.g-ba.de/bewertungsverfahren/nutzenbewertung/1116/"|"Tevimbra"|"2182"|"Tislelizumab"|"2025-06-18"|"- Pembrolizumab in Kombination mit Carboplatin und entweder Paclitaxel oder nab-Paclitaxel (nur für Patientinnen und Patienten mit ECOG PS 0-1)  oder - Atezolizumab als Monotherapie (nur für Patientinnen und Patienten mit einer PD-L1-Expression ≥ 10 % bei tumorinfiltrierenden Immunzellen) oder  - Nivolumab in Kombination mit Ipilimumab und 2 Zyklen platinbasierter Chemotherapie (nur für Patientinnen und Patienten mit ECOG PS 0-1) oder - Cemiplimab in Kombination mit platinbasierter Chemotherapie (nur für Patientinnen und Patienten mit ECOG PS 0-1) oder - Durvalumab in Kombination Tremelimumab und platinbasierter Chemotherapie (nur für Patientinnen und Patienten mit ECOG PS 0-1) oder  - Carboplatin in Kombination mit einem Drittgenerationszytostatikum (Vinorelbin oder Gemcitabin oder Docetaxel oder Paclitaxel) vgl. Anlage VI zum Abschnitt K der Arzneimittel-Richtlinie (nur für Patientinnen und Patienten mit ECOG PS 2) oder  - Carboplatin in Kombination mit nab-Paclitaxel (nur für Patientinnen und Patienten mit ECOG PS 2)"|"ist nicht belegt"|NA|"L01FF09"
"1207"|"https://www.g-ba.de/bewertungsverfahren/nutzenbewertung/1118/"|"Tevimbra"|"2166"|"Tislelizumab"|"2025-06-18"|"Docetaxel (nur für Patientinnen und Patienten mit PD-L1 negativen Tumoren) oder - Pemetrexed (nur für Patientinnen und Patienten mit PD-L1 negativen Tumoren und außer bei überwiegend plattenepithelialer Histologie) oder - Nivolumab oder - Pembrolizumab (nur für Patientinnen und Patienten mit PD-L1 exprimierenden Tumoren (TPS ≥ 1 %)) oder - Atezolizumab oder - Docetaxel in Kombination mit Nintedanib (nur für Patientinnen und Patienten mit PD-L1 negativen Tumoren und Adenokarzinom-Histologie)"|"ist nicht belegt"|NA|"L01FF09"
"1207"|"https://www.g-ba.de/bewertungsverfahren/nutzenbewertung/1118/"|"Tevimbra"|"2197"|"Tislelizumab"|"2025-06-18"|"Docetaxel (nur für Patientinnen und Patienten mit PD-L1 negativen Tumoren) oder - Pemetrexed (nur für Patientinnen und Patienten mit PD-L1 negativen Tumoren und außer bei überwiegend plattenepithelialer Histologie) oder - Nivolumab oder - Pembrolizumab (nur für Patientinnen und Patienten mit PD-L1 exprimierenden Tumoren (TPS ≥ 1 %)) oder - Atezolizumab oder - Docetaxel in Kombination mit Nintedanib (nur für Patientinnen und Patienten mit PD-L1 negativen Tumoren und Adenokarzinom-Histologie)"|"ist nicht belegt"|NA|"L01FF09"
"1196"|"https://www.g-ba.de/bewertungsverfahren/nutzenbewertung/1163/"|"Tevimbra"|"2172"|"Tislelizumab"|"2025-06-18"|"Nivolumab in Kombination mit fluoropyrimidin- und platin-basierter Kombinationschemotherapie (nur bei Tumoren mit PD-L1-Expression (CPS) ≥ 5) oder -	Pembrolizumab in Kombination mit fluoropyrimidin- und platin-basierter Kombinationschemotherapie (nur bei Tumoren mit PD-L1-Expression (CPS) ≥ 1)"|"ist nicht belegt"|NA|"L01FF09"
"1219"|"https://www.g-ba.de/bewertungsverfahren/nutzenbewertung/1164/"|"Palforzia"|"2187"|"Erdnussprotein als entfettetes Pulver von Arachis hypogaea L., semen (Erdnüsse)"|"2025-07-03"|"Beobachtendes Abwarten"|"nicht quantifizierbar"|"Anhaltspunkt"|NA
"1220"|"https://www.g-ba.de/bewertungsverfahren/nutzenbewertung/1166/"|"Casgevy"|"2189"|"Exagamglogen autotemcel"|"2025-07-03"|NA|"nicht quantifizierbar, weil die wissenschaftliche Datengrundlage dies nicht zulässt"|"Hinweis"|"B06AX05"
"1221"|"https://www.g-ba.de/bewertungsverfahren/nutzenbewertung/1167/"|"Casgevy"|"2190"|"Exagamglogen autotemcel"|"2025-07-03"|NA|"nicht quantifizierbar, weil die wissenschaftliche Datengrundlage dies nicht zulässt"|"Anhaltspunkt"|"B06AX05"
"1223"|"https://www.g-ba.de/bewertungsverfahren/nutzenbewertung/1169/"|"Pedmarqsi"|"2192"|"Natriumthiosulfat"|"2025-07-17"|"Beobachtendes Abwarten"|"nicht quantifizierbar"|"Hinweis"|"V03AB06"
"1223"|"https://www.g-ba.de/bewertungsverfahren/nutzenbewertung/1169/"|"Pedmarqsi"|"2212"|"Natriumthiosulfat"|"2025-07-17"|"Beobachtendes Abwarten"|"ist nicht belegt"|NA|"V03AB06"
"1224"|"https://www.g-ba.de/bewertungsverfahren/nutzenbewertung/1102/"|"Rybrevant"|"2196"|"Amivantamab"|"2025-07-17"|"Cisplatin in Kombination mit einem Drittgenerationszytostatikum (Vinorelbin oder Gemcitabin oder Docetaxel oder Paclitaxel oder Pemetrexed)  oder - Carboplatin in Kombination mit einem Drittgenerationszytostatikum (Vinorelbin oder Gemcitabin oder Docetaxel oder Paclitaxel oder Pemetrexed) vgl. Anlage VI zum Abschnitt K der Arzneimittel-Richtlinie oder - Carboplatin in Kombination mit nab-Paclitaxel"|"ist nicht belegt"|NA|"L01FX18"
"1225"|"https://www.g-ba.de/bewertungsverfahren/nutzenbewertung/1172/"|"Hympavzi"|"2198"|"Marstacimab"|"2025-07-17"|"Eine Routineprophylaxe mit rekombinanten oder aus humanem Plasma gewonnenen Blutgerinnungsfaktor-IX-Präparaten "|"ist nicht belegt"|NA|NA
"1226"|"https://www.g-ba.de/bewertungsverfahren/nutzenbewertung/1171/"|"Hympavzi"|"2199"|"Marstacimab"|"2025-07-17"|"Eine Routineprophylaxe mit rekombinanten oder aus humanem Plasma gewonnenen Blutgerinnungsfaktor-VIII-Präparaten oder Emicizumab"|"ist nicht belegt"|NA|NA
